Datetime,State,Region,Energy Required (MU),Energy Available (MU),Peak Demand (MW),Peak Met (MW),Solar Generation,Wind Generation,Hydro Generation,Temperature,Rainfall,Humidity,Holiday,Festival
2023-01-01 00:00:00,Maharashtra,Western Region,276.66,274.24,5168.7,4966.2,0.0,41.1,51.91,15.3,0.0,43.9,1,None
2023-01-01 01:00:00,Maharashtra,Western Region,229.8,227.12,4223.2,4077.8,0.0,51.42,38.52,13.3,0.0,40.8,1,None
2023-01-01 02:00:00,Maharashtra,Western Region,274.75,266.89,5102.6,5022.5,0.0,42.95,53.59,12.6,0.0,33.7,1,None
2023-01-01 03:00:00,Maharashtra,Western Region,223.06,216.6,4073.7,4058.9,0.0,40.79,61.11,13.2,0.0,52.6,1,None
2023-01-01 04:00:00,Maharashtra,Western Region,221.0,220.48,4132.6,3981.9,0.0,64.73,57.16,15.8,0.0,35.2,1,None
2023-01-01 05:00:00,Maharashtra,Western Region,257.07,250.44,4667.6,4630.7,0.0,35.2,56.34,13.7,0.0,32.3,1,None
2023-01-01 06:00:00,Maharashtra,Western Region,278.4,277.26,5075.0,4884.9,5.15,42.45,44.96,15.0,0.8,49.9,1,None
2023-01-01 07:00:00,Maharashtra,Western Region,292.43,289.91,5406.2,5354.5,25.08,37.8,51.78,18.6,0.0,36.1,1,None
2023-01-01 08:00:00,Maharashtra,Western Region,346.54,339.41,6456.2,6262.3,46.9,34.08,50.52,20.2,0.0,47.7,1,None
2023-01-01 09:00:00,Maharashtra,Western Region,394.03,392.51,7347.5,7289.8,82.26,22.7,47.44,19.1,0.0,56.8,1,None
2023-01-01 10:00:00,Maharashtra,Western Region,386.69,384.58,7021.0,6802.5,100.41,19.39,47.65,22.1,0.0,46.4,1,None
2023-01-01 11:00:00,Maharashtra,Western Region,400.55,400.21,7480.4,7469.2,111.9,22.23,37.87,21.3,0.0,42.3,1,None
2023-01-01 12:00:00,Maharashtra,Western Region,410.0,399.48,7602.0,7371.5,120.3,39.71,48.85,21.4,0.0,31.6,1,None
2023-01-01 13:00:00,Maharashtra,Western Region,406.08,400.42,7582.1,7306.2,119.67,14.1,58.3,21.9,0.0,54.1,1,None
2023-01-01 14:00:00,Maharashtra,Western Region,360.3,356.46,6692.4,6528.2,104.42,17.98,40.7,21.3,0.0,52.4,1,None
2023-01-01 15:00:00,Maharashtra,Western Region,350.33,345.66,6507.4,6385.0,83.24,21.54,53.34,20.5,0.0,38.7,1,None
2023-01-01 16:00:00,Maharashtra,Western Region,296.44,294.0,5515.0,5313.0,61.3,33.75,42.58,21.0,0.0,43.4,1,None
2023-01-01 17:00:00,Maharashtra,Western Region,288.62,286.13,5372.3,5208.4,27.49,46.04,52.84,22.7,0.1,47.3,1,None
2023-01-01 18:00:00,Maharashtra,Western Region,307.02,301.2,5635.4,5629.3,2.12,42.52,44.79,21.7,0.0,38.4,1,None
2023-01-01 19:00:00,Maharashtra,Western Region,331.2,327.0,6056.9,5989.7,0.0,36.97,50.08,17.8,0.0,52.0,1,None
2023-01-01 20:00:00,Maharashtra,Western Region,322.98,322.66,5932.8,5897.5,0.0,46.36,49.26,17.9,0.0,36.4,1,None
2023-01-01 21:00:00,Maharashtra,Western Region,338.5,334.13,6273.8,6271.3,0.0,41.5,51.04,14.7,0.0,37.6,1,None
2023-01-01 22:00:00,Maharashtra,Western Region,337.55,334.54,6175.8,6128.7,0.0,38.85,55.23,14.8,0.0,45.5,1,None
2023-01-01 23:00:00,Maharashtra,Western Region,365.97,363.76,6837.0,6781.2,0.0,51.55,53.09,13.8,0.0,47.4,1,None
2023-01-02 00:00:00,Maharashtra,Western Region,290.56,282.16,5491.1,5334.4,0.0,56.07,50.99,16.0,0.0,42.5,0,None
2023-01-02 01:00:00,Maharashtra,Western Region,292.65,288.46,5378.3,5297.2,0.0,50.13,44.64,11.3,0.9,41.7,0,None
2023-01-02 02:00:00,Maharashtra,Western Region,256.38,254.8,4720.8,4546.8,0.0,62.74,37.85,15.0,0.0,64.1,0,None
2023-01-02 03:00:00,Maharashtra,Western Region,253.27,247.57,4773.8,4708.9,0.0,52.53,47.99,11.6,0.0,49.0,0,None
2023-01-02 04:00:00,Maharashtra,Western Region,242.03,237.35,4465.7,4304.5,0.0,55.71,40.88,15.1,0.0,48.0,0,None
2023-01-02 05:00:00,Maharashtra,Western Region,241.28,238.5,4441.7,4330.6,0.0,30.69,38.03,18.0,0.0,20.0,0,None
2023-01-02 06:00:00,Maharashtra,Western Region,314.93,305.73,5796.2,5700.2,11.74,27.15,52.77,16.2,0.0,45.5,0,None
2023-01-02 07:00:00,Maharashtra,Western Region,357.36,350.78,6625.2,6379.1,27.98,48.01,54.12,17.1,0.0,50.3,0,None
2023-01-02 08:00:00,Maharashtra,Western Region,420.36,418.81,7849.3,7766.1,57.68,22.52,47.87,17.1,0.8,52.1,0,None
2023-01-02 09:00:00,Maharashtra,Western Region,440.98,432.67,8124.7,8102.2,88.59,29.28,49.87,18.1,0.0,52.0,0,None
2023-01-02 10:00:00,Maharashtra,Western Region,464.55,462.13,8640.7,8405.7,109.42,18.75,51.57,21.7,0.0,43.3,0,None
2023-01-02 11:00:00,Maharashtra,Western Region,487.22,479.16,8963.3,8845.9,114.56,15.61,61.47,20.5,1.2,51.8,0,None
2023-01-02 12:00:00,Maharashtra,Western Region,461.91,454.17,8511.5,8473.3,123.34,19.9,44.62,19.6,0.0,51.2,0,None
2023-01-02 13:00:00,Maharashtra,Western Region,440.56,438.21,8126.8,7829.3,118.98,31.37,47.4,20.6,0.0,42.4,0,None
2023-01-02 14:00:00,Maharashtra,Western Region,412.93,405.8,7713.0,7684.1,101.54,16.26,48.72,22.3,0.0,54.2,0,None
2023-01-02 15:00:00,Maharashtra,Western Region,403.3,402.84,7388.8,7350.0,86.47,17.78,53.12,21.8,0.3,37.0,0,None
2023-01-02 16:00:00,Maharashtra,Western Region,393.51,389.92,7300.2,7140.9,60.06,31.29,50.33,20.2,0.0,46.8,0,None
2023-01-02 17:00:00,Maharashtra,Western Region,339.29,333.83,6328.5,6095.0,42.01,24.65,44.96,22.6,0.0,59.5,0,None
2023-01-02 18:00:00,Maharashtra,Western Region,362.38,356.06,6777.9,6759.7,9.38,39.57,55.82,17.3,0.0,47.7,0,None
2023-01-02 19:00:00,Maharashtra,Western Region,348.28,342.17,6505.1,6316.0,0.0,25.18,58.12,18.9,0.0,42.7,0,None
2023-01-02 20:00:00,Maharashtra,Western Region,333.07,329.79,6188.6,6094.1,0.0,40.0,40.41,18.0,0.0,45.4,0,None
2023-01-02 21:00:00,Maharashtra,Western Region,385.58,380.4,7136.6,7011.3,0.0,58.02,50.69,15.7,0.0,42.6,0,None
2023-01-02 22:00:00,Maharashtra,Western Region,350.47,340.11,6466.6,6298.6,0.0,59.9,55.27,15.6,0.0,52.8,0,None
2023-01-02 23:00:00,Maharashtra,Western Region,376.75,369.93,6973.6,6868.2,0.0,47.33,54.31,12.6,0.0,56.6,0,None
2023-01-03 00:00:00,Maharashtra,Western Region,343.58,335.75,6284.2,6051.9,0.0,49.95,52.42,12.0,0.0,44.6,0,None
2023-01-03 01:00:00,Maharashtra,Western Region,276.59,269.89,5142.1,4944.8,0.0,48.99,55.73,12.5,0.0,48.9,0,None
2023-01-03 02:00:00,Maharashtra,Western Region,263.06,260.62,4752.5,4569.9,0.0,36.52,48.85,13.2,0.0,38.7,0,None
2023-01-03 03:00:00,Maharashtra,Western Region,252.15,245.98,4702.7,4554.0,0.0,44.71,48.67,14.9,0.0,54.6,0,None
2023-01-03 04:00:00,Maharashtra,Western Region,266.78,265.94,4886.0,4790.6,0.0,37.49,36.85,14.1,0.0,26.6,0,None
2023-01-03 05:00:00,Maharashtra,Western Region,271.87,263.88,4958.5,4824.0,0.0,26.03,51.22,13.7,0.0,45.6,0,None
2023-01-03 06:00:00,Maharashtra,Western Region,328.97,324.02,6089.8,5989.2,1.09,42.28,56.33,15.0,0.0,36.3,0,None
2023-01-03 07:00:00,Maharashtra,Western Region,379.99,372.65,7125.3,7121.5,38.97,24.11,41.7,15.7,0.0,41.5,0,None
2023-01-03 08:00:00,Maharashtra,Western Region,409.45,400.67,7577.3,7398.6,57.71,22.49,47.71,15.9,0.0,49.5,0,None
2023-01-03 09:00:00,Maharashtra,Western Region,448.49,447.54,8248.2,8102.0,84.43,19.78,54.53,17.8,0.0,48.1,0,None
2023-01-03 10:00:00,Maharashtra,Western Region,427.9,418.17,7929.1,7703.5,101.1,13.99,51.68,17.5,0.0,49.3,0,None
2023-01-03 11:00:00,Maharashtra,Western Region,458.34,445.46,8460.1,8456.7,117.25,15.3,50.28,19.5,0.0,35.9,0,None
2023-01-03 12:00:00,Maharashtra,Western Region,497.28,488.51,9228.5,9166.0,125.53,26.17,45.66,23.0,0.0,40.4,0,None
2023-01-03 13:00:00,Maharashtra,Western Region,455.02,443.28,8430.6,8361.6,116.36,21.2,49.07,21.6,0.0,46.4,0,None
2023-01-03 14:00:00,Maharashtra,Western Region,413.68,412.16,7713.1,7540.1,106.64,30.29,36.75,21.3,0.0,41.5,0,None
2023-01-03 15:00:00,Maharashtra,Western Region,385.21,378.09,7115.4,6985.5,73.7,24.54,60.06,21.3,0.0,39.6,0,None
2023-01-03 16:00:00,Maharashtra,Western Region,353.37,351.19,6569.0,6541.1,60.83,32.05,44.75,21.8,0.0,51.2,0,None
2023-01-03 17:00:00,Maharashtra,Western Region,349.36,346.87,6439.3,6407.6,33.08,37.76,44.86,24.2,0.0,41.1,0,None
2023-01-03 18:00:00,Maharashtra,Western Region,338.11,335.29,6298.5,6221.4,6.43,31.44,47.44,21.6,0.0,40.9,0,None
2023-01-03 19:00:00,Maharashtra,Western Region,372.44,366.43,6899.2,6792.0,0.0,41.13,39.33,21.1,0.0,31.9,0,None
2023-01-03 20:00:00,Maharashtra,Western Region,360.24,351.08,6758.5,6602.8,0.0,48.31,51.3,22.0,0.0,45.9,0,None
2023-01-03 21:00:00,Maharashtra,Western Region,349.83,349.67,6598.8,6440.2,0.0,46.41,44.06,19.0,0.0,46.5,0,None
2023-01-03 22:00:00,Maharashtra,Western Region,313.99,313.24,5744.3,5684.0,0.0,44.58,55.11,16.8,0.0,43.7,0,None
2023-01-03 23:00:00,Maharashtra,Western Region,346.29,341.08,6446.6,6282.2,0.0,47.4,48.53,13.2,0.0,33.0,0,None
2023-01-04 00:00:00,Maharashtra,Western Region,296.72,288.58,5489.4,5400.6,0.0,59.01,48.39,14.3,0.5,59.8,0,None
2023-01-04 01:00:00,Maharashtra,Western Region,283.73,276.84,5247.4,5156.1,0.0,49.3,49.31,14.4,0.0,45.1,0,None
2023-01-04 02:00:00,Maharashtra,Western Region,231.1,225.24,4289.8,4280.6,0.0,26.72,57.48,13.2,0.0,56.1,0,None
2023-01-04 03:00:00,Maharashtra,Western Region,246.93,240.68,4615.0,4435.4,0.0,39.38,47.83,13.8,0.0,33.7,0,None
2023-01-04 04:00:00,Maharashtra,Western Region,250.51,247.9,4616.9,4477.1,0.0,36.67,46.85,16.4,0.0,39.4,0,None
2023-01-04 05:00:00,Maharashtra,Western Region,262.37,256.11,4883.5,4690.7,0.0,42.44,59.88,14.8,0.0,50.7,0,None
2023-01-04 06:00:00,Maharashtra,Western Region,305.59,301.83,5583.0,5419.5,8.82,30.82,56.29,15.5,0.0,31.6,0,None
2023-01-04 07:00:00,Maharashtra,Western Region,370.54,368.32,6836.8,6636.8,22.29,26.76,55.83,15.0,0.0,59.0,0,None
2023-01-04 08:00:00,Maharashtra,Western Region,399.97,390.03,7416.8,7200.9,63.36,28.87,48.9,17.9,0.0,62.2,0,None
2023-01-04 09:00:00,Maharashtra,Western Region,447.12,433.85,8284.5,8152.1,94.88,30.13,47.19,19.3,0.0,37.2,0,None
2023-01-04 10:00:00,Maharashtra,Western Region,455.0,443.62,8418.8,8330.6,106.47,7.28,42.32,21.5,0.0,37.0,0,None
2023-01-04 11:00:00,Maharashtra,Western Region,457.99,448.33,8425.3,8312.0,108.29,14.12,58.05,21.1,0.0,39.0,0,None
2023-01-04 12:00:00,Maharashtra,Western Region,506.54,496.42,9366.2,9280.4,120.9,15.39,50.73,25.4,0.0,45.8,0,None
2023-01-04 13:00:00,Maharashtra,Western Region,445.49,441.41,8272.7,8061.2,108.12,17.31,53.0,21.8,0.0,59.2,0,None
2023-01-04 14:00:00,Maharashtra,Western Region,416.67,412.82,7762.4,7715.6,102.79,25.05,53.66,19.6,0.0,34.4,0,None
2023-01-04 15:00:00,Maharashtra,Western Region,377.11,376.78,6974.6,6936.1,88.95,25.46,52.68,21.8,0.0,31.7,0,None
2023-01-04 16:00:00,Maharashtra,Western Region,352.85,343.08,6512.3,6433.2,64.43,28.27,47.23,22.5,0.0,41.3,0,None
2023-01-04 17:00:00,Maharashtra,Western Region,363.94,359.86,6746.2,6539.2,33.12,15.68,46.1,22.7,0.0,37.8,0,None
2023-01-04 18:00:00,Maharashtra,Western Region,380.88,379.44,7028.1,7023.6,0.24,30.86,58.46,21.3,0.0,50.7,0,None
2023-01-04 19:00:00,Maharashtra,Western Region,345.49,338.1,6351.3,6172.5,0.0,31.9,54.76,18.4,0.0,56.6,0,None
2023-01-04 20:00:00,Maharashtra,Western Region,373.37,369.04,6941.1,6709.8,0.0,50.37,48.72,15.1,0.0,35.3,0,None
2023-01-04 21:00:00,Maharashtra,Western Region,349.58,341.05,6437.3,6380.5,0.0,33.05,50.44,17.2,0.0,48.9,0,None
2023-01-04 22:00:00,Maharashtra,Western Region,346.54,344.63,6434.6,6235.0,0.0,59.35,46.58,15.3,0.0,43.7,0,None
2023-01-04 23:00:00,Maharashtra,Western Region,330.24,321.62,6138.6,6111.3,0.0,42.77,50.99,15.5,0.0,32.9,0,None
2023-01-05 00:00:00,Maharashtra,Western Region,286.21,283.84,5258.3,5152.3,0.0,48.58,45.21,15.4,0.0,53.7,0,None
2023-01-05 01:00:00,Maharashtra,Western Region,304.73,298.77,5654.7,5581.9,0.0,21.64,44.78,13.4,0.0,46.8,0,None
2023-01-05 02:00:00,Maharashtra,Western Region,282.64,280.07,5254.2,5187.0,0.0,52.72,56.65,11.5,0.0,48.7,0,None
2023-01-05 03:00:00,Maharashtra,Western Region,226.65,225.41,4217.8,4189.5,0.0,42.64,45.0,16.2,0.0,50.2,0,None
2023-01-05 04:00:00,Maharashtra,Western Region,233.14,230.58,4350.4,4270.4,0.0,44.03,50.28,14.2,0.0,45.0,0,None
2023-01-05 05:00:00,Maharashtra,Western Region,296.13,295.53,5406.3,5212.2,0.0,43.19,50.29,14.7,0.0,46.8,0,None
2023-01-05 06:00:00,Maharashtra,Western Region,300.84,294.94,5541.5,5513.0,5.37,26.79,50.8,16.3,0.0,48.3,0,None
2023-01-05 07:00:00,Maharashtra,Western Region,366.58,360.49,6835.7,6637.1,32.94,30.07,37.79,17.2,0.0,40.5,0,None
2023-01-05 08:00:00,Maharashtra,Western Region,404.8,400.6,7477.7,7460.8,54.89,33.17,51.46,16.2,0.0,43.6,0,None
2023-01-05 09:00:00,Maharashtra,Western Region,434.7,422.07,8008.5,7896.9,79.5,31.58,48.76,17.3,0.0,59.8,0,None
2023-01-05 10:00:00,Maharashtra,Western Region,471.09,467.71,8667.9,8332.5,105.64,25.66,53.42,21.4,0.0,42.3,0,None
2023-01-05 11:00:00,Maharashtra,Western Region,476.87,468.72,8784.2,8503.3,119.46,12.27,49.7,21.3,0.0,46.6,0,None
2023-01-05 12:00:00,Maharashtra,Western Region,432.43,419.61,7991.3,7825.1,124.2,14.78,47.32,20.4,0.0,44.9,0,None
2023-01-05 13:00:00,Maharashtra,Western Region,437.14,425.4,8058.5,7814.2,119.71,23.49,52.87,20.8,0.0,32.3,0,None
2023-01-05 14:00:00,Maharashtra,Western Region,387.44,376.84,7154.2,6890.5,102.82,22.22,51.25,25.6,0.0,44.8,0,None
2023-01-05 15:00:00,Maharashtra,Western Region,372.91,362.89,6876.6,6776.6,83.45,32.3,53.74,21.7,0.0,37.0,0,None
2023-01-05 16:00:00,Maharashtra,Western Region,351.34,341.64,6505.5,6458.0,64.48,32.58,56.3,24.2,0.0,47.9,0,None
2023-01-05 17:00:00,Maharashtra,Western Region,332.81,330.71,6130.5,6046.8,27.61,28.16,51.23,22.3,0.0,61.6,0,None
2023-01-05 18:00:00,Maharashtra,Western Region,331.05,321.84,6179.0,6111.6,0.19,35.96,53.68,24.4,0.0,44.2,0,None
2023-01-05 19:00:00,Maharashtra,Western Region,380.03,376.9,7084.5,7056.4,0.0,51.47,40.63,18.9,0.0,41.1,0,None
2023-01-05 20:00:00,Maharashtra,Western Region,375.01,372.01,6957.8,6932.5,0.0,37.92,58.86,17.9,0.0,31.9,0,None
2023-01-05 21:00:00,Maharashtra,Western Region,362.12,356.6,6726.4,6577.2,0.0,40.23,51.94,15.9,0.0,40.6,0,None
2023-01-05 22:00:00,Maharashtra,Western Region,341.55,341.24,6359.0,6187.4,0.0,49.87,47.83,15.4,0.0,27.1,0,None
2023-01-05 23:00:00,Maharashtra,Western Region,345.65,336.04,6398.4,6228.7,0.0,52.26,40.66,13.3,0.0,41.3,0,None
2023-01-06 00:00:00,Maharashtra,Western Region,335.99,327.59,6258.2,6126.7,0.0,59.87,59.0,12.6,0.0,42.9,0,None
2023-01-06 01:00:00,Maharashtra,Western Region,278.7,271.27,5152.4,5055.8,0.0,52.93,48.18,16.0,0.0,48.1,0,None
2023-01-06 02:00:00,Maharashtra,Western Region,228.88,222.3,4241.2,4218.8,0.0,39.71,50.47,13.9,0.0,44.0,0,None
2023-01-06 03:00:00,Maharashtra,Western Region,249.45,242.19,4670.2,4521.1,0.0,22.44,44.77,14.8,0.0,53.0,0,None
2023-01-06 04:00:00,Maharashtra,Western Region,262.45,260.03,4853.8,4779.6,0.0,37.29,48.86,13.0,0.0,47.2,0,None
2023-01-06 05:00:00,Maharashtra,Western Region,278.59,272.03,5099.4,5028.3,0.0,47.29,56.63,18.2,1.3,46.6,0,None
2023-01-06 06:00:00,Maharashtra,Western Region,306.21,303.81,5736.6,5708.7,0.0,43.04,48.49,18.4,0.0,47.4,0,None
2023-01-06 07:00:00,Maharashtra,Western Region,395.84,393.68,7329.1,7037.6,34.05,36.73,48.21,14.4,0.0,37.5,0,None
2023-01-06 08:00:00,Maharashtra,Western Region,387.57,380.28,7154.9,6933.7,52.8,20.42,59.32,16.5,0.0,36.2,0,None
2023-01-06 09:00:00,Maharashtra,Western Region,434.34,428.07,8012.6,7801.5,81.41,42.41,55.89,19.3,0.0,39.4,0,None
2023-01-06 10:00:00,Maharashtra,Western Region,474.57,470.56,8808.3,8792.6,95.7,40.64,54.35,20.0,0.0,33.9,0,None
2023-01-06 11:00:00,Maharashtra,Western Region,469.77,459.69,8739.3,8578.2,112.14,18.27,39.84,20.4,0.0,48.1,0,None
2023-01-06 12:00:00,Maharashtra,Western Region,458.75,454.36,8478.9,8201.3,112.15,15.17,40.48,20.5,0.0,52.3,0,None
2023-01-06 13:00:00,Maharashtra,Western Region,445.79,443.2,8218.2,8097.6,107.95,24.03,49.88,24.6,0.0,46.8,0,None
2023-01-06 14:00:00,Maharashtra,Western Region,415.76,408.41,7626.7,7577.8,106.64,19.74,52.41,22.1,0.0,46.0,0,None
2023-01-06 15:00:00,Maharashtra,Western Region,399.03,395.05,7394.0,7231.9,81.26,31.55,48.23,21.5,0.0,51.0,0,None
2023-01-06 16:00:00,Maharashtra,Western Region,377.74,372.6,7069.4,6852.2,61.55,24.67,52.72,20.3,0.0,35.5,0,None
2023-01-06 17:00:00,Maharashtra,Western Region,339.98,336.84,6304.8,6198.5,27.04,44.23,60.07,23.0,0.0,31.5,0,None
2023-01-06 18:00:00,Maharashtra,Western Region,337.6,332.73,6235.7,6003.1,0.0,26.19,45.73,19.2,0.0,42.0,0,None
2023-01-06 19:00:00,Maharashtra,Western Region,320.09,313.69,5940.4,5861.9,0.0,41.53,55.0,18.1,0.0,50.6,0,None
2023-01-06 20:00:00,Maharashtra,Western Region,338.74,334.02,6298.2,6070.6,0.0,43.27,45.91,20.5,0.0,48.4,0,None
2023-01-06 21:00:00,Maharashtra,Western Region,335.33,335.25,6187.8,6169.7,0.0,54.34,53.65,19.3,0.0,42.5,0,None
2023-01-06 22:00:00,Maharashtra,Western Region,334.08,332.34,6198.6,6144.6,0.0,42.0,51.35,17.8,0.0,46.1,0,None
2023-01-06 23:00:00,Maharashtra,Western Region,331.27,327.3,6020.9,5904.3,0.0,34.8,53.05,13.6,0.0,37.9,0,None
2023-01-07 00:00:00,Maharashtra,Western Region,305.57,304.45,5711.4,5681.3,0.0,46.92,52.78,14.5,0.0,51.7,0,None
2023-01-07 01:00:00,Maharashtra,Western Region,286.3,280.68,5251.6,5246.5,0.0,48.09,45.47,15.0,0.0,49.8,0,None
2023-01-07 02:00:00,Maharashtra,Western Region,240.96,237.36,4484.2,4376.3,0.0,67.71,48.2,15.6,0.0,48.8,0,None
2023-01-07 03:00:00,Maharashtra,Western Region,247.83,242.71,4609.2,4518.1,0.0,46.06,53.18,13.6,0.0,37.1,0,None
2023-01-07 04:00:00,Maharashtra,Western Region,244.22,237.34,4538.9,4499.1,0.0,46.82,42.31,13.1,0.0,43.8,0,None
2023-01-07 05:00:00,Maharashtra,Western Region,271.92,269.41,5015.4,4827.3,0.0,40.07,47.98,14.1,0.0,44.5,0,None
2023-01-07 06:00:00,Maharashtra,Western Region,346.27,340.31,6337.7,6177.4,0.0,42.3,53.0,16.2,0.0,45.0,0,None
2023-01-07 07:00:00,Maharashtra,Western Region,351.61,346.71,6524.4,6319.6,29.48,26.51,34.45,16.6,0.0,54.7,0,None
2023-01-07 08:00:00,Maharashtra,Western Region,398.3,390.23,7359.9,7176.2,50.2,43.98,42.84,18.0,0.0,49.6,0,None
2023-01-07 09:00:00,Maharashtra,Western Region,430.13,420.51,8048.7,7997.5,73.47,19.04,56.24,21.6,0.0,38.0,0,None
2023-01-07 10:00:00,Maharashtra,Western Region,466.9,460.15,8660.6,8491.6,105.31,28.41,46.16,23.2,0.0,40.2,0,None
2023-01-07 11:00:00,Maharashtra,Western Region,451.04,442.24,8295.7,8220.9,116.36,17.59,51.11,19.8,0.0,43.2,0,None
2023-01-07 12:00:00,Maharashtra,Western Region,473.96,460.04,8818.1,8685.7,121.41,14.34,45.31,19.9,0.0,49.3,0,None
2023-01-07 13:00:00,Maharashtra,Western Region,444.34,431.57,8328.5,8318.0,113.4,31.14,53.34,20.7,0.0,35.0,0,None
2023-01-07 14:00:00,Maharashtra,Western Region,417.17,412.87,7699.4,7677.3,111.2,36.4,54.47,21.0,0.0,52.4,0,None
2023-01-07 15:00:00,Maharashtra,Western Region,376.99,375.71,6960.5,6861.9,78.45,40.84,43.38,20.6,0.0,40.2,0,None
2023-01-07 16:00:00,Maharashtra,Western Region,357.27,354.36,6642.6,6424.0,64.19,20.99,57.28,22.8,0.0,40.3,0,None
2023-01-07 17:00:00,Maharashtra,Western Region,340.35,335.3,6325.8,6285.5,31.21,34.32,46.09,22.6,0.0,47.6,0,None
2023-01-07 18:00:00,Maharashtra,Western Region,355.75,354.4,6645.9,6422.6,0.0,35.63,60.87,20.5,0.0,58.6,0,None
2023-01-07 19:00:00,Maharashtra,Western Region,337.24,335.22,6252.0,6185.2,0.0,38.73,48.75,20.0,0.0,43.0,0,None
2023-01-07 20:00:00,Maharashtra,Western Region,390.28,378.63,7180.9,7168.9,0.0,46.06,51.67,15.9,0.0,35.4,0,None
2023-01-07 21:00:00,Maharashtra,Western Region,346.83,346.79,6375.5,6304.6,0.0,36.76,54.33,17.9,0.0,33.4,0,None
2023-01-07 22:00:00,Maharashtra,Western Region,364.11,353.22,6659.8,6605.0,0.0,55.45,60.09,12.9,0.0,46.8,0,None
2023-01-07 23:00:00,Maharashtra,Western Region,328.21,324.07,6165.0,6067.2,0.0,42.8,46.61,17.1,0.0,46.4,0,None
2023-01-08 00:00:00,Maharashtra,Western Region,279.91,272.16,5169.8,5125.3,0.0,54.74,49.96,17.4,0.0,53.2,1,None
2023-01-08 01:00:00,Maharashtra,Western Region,251.72,246.65,4614.7,4470.8,0.0,54.95,43.15,13.5,0.0,52.6,1,None
2023-01-08 02:00:00,Maharashtra,Western Region,239.27,235.12,4487.5,4329.2,0.0,53.04,51.14,13.8,0.0,57.1,1,None
2023-01-08 03:00:00,Maharashtra,Western Region,238.18,232.35,4335.8,4166.9,0.0,43.17,61.31,15.0,0.0,54.2,1,None
2023-01-08 04:00:00,Maharashtra,Western Region,228.93,227.84,4260.9,4168.6,0.0,28.35,56.2,12.8,0.0,46.1,1,None
2023-01-08 05:00:00,Maharashtra,Western Region,274.85,270.21,5129.7,4957.1,0.0,38.47,49.83,14.4,0.0,36.1,1,None
2023-01-08 06:00:00,Maharashtra,Western Region,255.14,249.38,4675.5,4658.0,1.51,37.83,50.73,17.2,0.0,37.0,1,None
2023-01-08 07:00:00,Maharashtra,Western Region,312.89,303.82,5793.5,5657.0,38.52,28.95,49.87,15.7,0.0,37.6,1,None
2023-01-08 08:00:00,Maharashtra,Western Region,341.15,338.4,6284.8,6280.1,58.59,28.04,53.1,16.3,0.5,50.9,1,None
2023-01-08 09:00:00,Maharashtra,Western Region,391.73,384.09,7210.3,7167.2,78.19,43.71,50.48,20.2,0.0,35.0,1,None
2023-01-08 10:00:00,Maharashtra,Western Region,411.29,405.66,7590.5,7311.7,117.24,25.44,54.16,18.8,0.0,53.1,1,None
2023-01-08 11:00:00,Maharashtra,Western Region,399.18,393.74,7385.9,7328.7,113.67,36.59,60.62,19.2,0.0,21.6,1,None
2023-01-08 12:00:00,Maharashtra,Western Region,398.24,395.33,7319.8,7179.1,119.71,14.83,45.2,20.4,0.0,39.8,1,None
2023-01-08 13:00:00,Maharashtra,Western Region,384.52,381.89,7157.8,7025.7,114.11,24.6,51.9,22.3,0.0,43.0,1,None
2023-01-08 14:00:00,Maharashtra,Western Region,360.98,353.26,6606.2,6551.5,103.9,18.6,56.89,21.9,0.0,37.2,1,None
2023-01-08 15:00:00,Maharashtra,Western Region,336.44,333.37,6192.0,6156.6,88.68,22.86,42.69,24.7,0.0,53.6,1,None
2023-01-08 16:00:00,Maharashtra,Western Region,301.92,296.85,5606.7,5520.4,62.42,24.82,47.58,23.0,0.0,42.9,1,None
2023-01-08 17:00:00,Maharashtra,Western Region,327.97,319.76,6058.1,5855.1,32.38,30.76,56.89,20.9,0.0,56.3,1,None
2023-01-08 18:00:00,Maharashtra,Western Region,307.74,300.24,5675.5,5643.3,0.0,39.64,51.95,21.5,0.0,45.3,1,None
2023-01-08 19:00:00,Maharashtra,Western Region,305.52,299.63,5717.4,5601.7,0.0,36.45,38.27,19.3,0.0,55.5,1,None
2023-01-08 20:00:00,Maharashtra,Western Region,312.54,304.49,5763.6,5613.3,0.0,49.22,53.28,17.3,0.0,52.9,1,None
2023-01-08 21:00:00,Maharashtra,Western Region,307.97,307.78,5758.7,5674.4,0.0,33.46,57.46,19.4,0.0,42.4,1,None
2023-01-08 22:00:00,Maharashtra,Western Region,313.54,306.27,5787.5,5749.8,0.0,44.27,51.21,16.6,0.0,38.7,1,None
2023-01-08 23:00:00,Maharashtra,Western Region,306.35,305.78,5601.6,5572.7,0.0,34.0,50.76,16.5,0.0,34.2,1,None
2023-01-09 00:00:00,Maharashtra,Western Region,315.82,307.4,5937.7,5806.4,0.0,53.28,48.55,15.6,0.0,50.3,0,None
2023-01-09 01:00:00,Maharashtra,Western Region,271.24,263.44,4970.8,4919.1,0.0,51.51,49.62,15.8,0.0,44.0,0,None
2023-01-09 02:00:00,Maharashtra,Western Region,270.89,262.91,5042.2,5034.7,0.0,52.1,48.44,13.7,0.0,48.4,0,None
2023-01-09 03:00:00,Maharashtra,Western Region,258.1,254.54,4742.6,4571.2,0.0,50.88,47.68,12.7,0.0,53.7,0,None
2023-01-09 04:00:00,Maharashtra,Western Region,279.57,278.67,5257.6,5086.3,0.0,34.07,43.59,11.7,0.0,42.6,0,None
2023-01-09 05:00:00,Maharashtra,Western Region,265.42,264.08,4912.1,4833.3,0.0,39.55,47.2,15.0,0.0,43.6,0,None
2023-01-09 06:00:00,Maharashtra,Western Region,320.91,314.33,6010.5,5914.8,0.95,43.01,33.78,16.4,0.0,50.1,0,None
2023-01-09 07:00:00,Maharashtra,Western Region,345.98,340.92,6439.8,6209.1,35.82,40.89,60.5,16.4,0.0,43.9,0,None
2023-01-09 08:00:00,Maharashtra,Western Region,427.51,422.82,7903.7,7702.0,60.62,31.91,50.26,17.6,0.0,25.8,0,None
2023-01-09 09:00:00,Maharashtra,Western Region,446.0,436.38,8189.0,7929.2,84.67,22.63,37.59,18.8,0.0,40.1,0,None
2023-01-09 10:00:00,Maharashtra,Western Region,505.33,494.62,9340.6,8999.5,109.35,17.39,52.88,19.7,0.1,45.1,0,None
2023-01-09 11:00:00,Maharashtra,Western Region,499.76,499.65,9242.5,8921.4,117.25,29.12,50.13,21.8,0.0,37.9,0,None
2023-01-09 12:00:00,Maharashtra,Western Region,483.74,473.72,8925.0,8660.0,124.16,18.55,54.63,20.4,0.0,32.9,0,None
2023-01-09 13:00:00,Maharashtra,Western Region,405.22,394.53,7460.6,7287.2,112.84,18.36,44.65,22.1,0.0,46.2,0,None
2023-01-09 14:00:00,Maharashtra,Western Region,425.62,417.47,7869.0,7754.5,106.48,20.66,57.36,21.8,0.0,45.6,0,None
2023-01-09 15:00:00,Maharashtra,Western Region,363.15,352.38,6723.7,6568.3,88.65,19.49,52.17,21.9,0.0,46.7,0,None
2023-01-09 16:00:00,Maharashtra,Western Region,378.68,376.93,6973.3,6882.1,50.2,33.36,55.13,21.3,0.0,29.9,0,None
2023-01-09 17:00:00,Maharashtra,Western Region,352.61,351.73,6536.3,6387.5,25.59,42.26,48.5,23.5,0.0,37.4,0,None
2023-01-09 18:00:00,Maharashtra,Western Region,368.63,359.42,6764.4,6734.7,7.93,41.24,44.08,21.2,0.0,31.0,0,None
2023-01-09 19:00:00,Maharashtra,Western Region,368.2,357.95,6727.5,6640.6,0.0,35.44,41.52,18.7,0.5,37.3,0,None
2023-01-09 20:00:00,Maharashtra,Western Region,366.29,362.86,6774.1,6510.6,0.0,52.68,49.84,16.8,0.0,32.0,0,None
2023-01-09 21:00:00,Maharashtra,Western Region,365.99,355.27,6757.9,6565.8,0.0,45.66,43.41,15.2,0.0,49.4,0,None
2023-01-09 22:00:00,Maharashtra,Western Region,346.17,346.0,6327.2,6160.3,0.0,49.82,57.04,18.4,0.0,44.3,0,None
2023-01-09 23:00:00,Maharashtra,Western Region,356.05,354.27,6496.9,6304.4,0.0,50.63,59.44,12.9,0.0,35.4,0,None
2023-01-10 00:00:00,Maharashtra,Western Region,328.04,323.91,6060.1,5969.5,0.0,43.08,38.12,13.7,0.0,34.9,0,None
2023-01-10 01:00:00,Maharashtra,Western Region,304.87,300.93,5578.6,5443.6,0.0,47.2,51.75,12.5,0.0,24.8,0,None
2023-01-10 02:00:00,Maharashtra,Western Region,262.04,258.37,4829.7,4789.9,0.0,43.45,51.52,14.7,0.0,44.8,0,None
2023-01-10 03:00:00,Maharashtra,Western Region,226.72,226.59,4250.6,4180.7,0.0,42.65,49.25,14.6,0.0,50.0,0,None
2023-01-10 04:00:00,Maharashtra,Western Region,272.74,268.74,5181.5,5153.6,0.0,35.76,46.43,14.5,0.0,33.4,0,None
2023-01-10 05:00:00,Maharashtra,Western Region,299.85,299.45,5537.4,5505.1,0.0,41.17,52.49,14.8,0.0,44.6,0,None
2023-01-10 06:00:00,Maharashtra,Western Region,324.19,314.65,6007.3,5881.6,0.0,39.75,32.36,15.8,0.0,54.3,0,None
2023-01-10 07:00:00,Maharashtra,Western Region,342.03,334.63,6375.2,6195.3,29.01,25.14,56.87,18.7,0.0,52.6,0,None
2023-01-10 08:00:00,Maharashtra,Western Region,416.73,414.8,7744.9,7625.2,63.58,33.9,54.53,18.8,0.0,49.1,0,None
2023-01-10 09:00:00,Maharashtra,Western Region,430.99,419.5,7878.6,7587.7,76.65,11.33,48.85,19.0,0.0,37.9,0,None
2023-01-10 10:00:00,Maharashtra,Western Region,452.83,450.16,8330.4,8306.8,103.94,9.15,45.42,20.3,0.0,56.6,0,None
2023-01-10 11:00:00,Maharashtra,Western Region,471.59,465.98,8792.4,8483.9,108.21,19.45,50.47,22.1,0.0,43.4,0,None
2023-01-10 12:00:00,Maharashtra,Western Region,463.91,453.36,8557.8,8459.9,125.02,34.4,57.43,19.5,0.0,45.1,0,None
2023-01-10 13:00:00,Maharashtra,Western Region,450.85,444.04,8306.0,8182.9,110.13,21.03,45.57,22.6,0.0,49.0,0,None
2023-01-10 14:00:00,Maharashtra,Western Region,420.64,412.01,7738.5,7460.5,104.0,19.39,50.93,21.4,0.0,40.0,0,None
2023-01-10 15:00:00,Maharashtra,Western Region,394.49,393.42,7317.6,7051.0,89.99,19.08,49.04,19.8,0.0,38.4,0,None
2023-01-10 16:00:00,Maharashtra,Western Region,373.85,373.47,6978.0,6911.3,69.91,38.88,55.56,21.3,0.0,44.5,0,None
2023-01-10 17:00:00,Maharashtra,Western Region,350.38,343.65,6482.1,6335.0,32.07,28.84,47.37,21.0,0.0,46.6,0,None
2023-01-10 18:00:00,Maharashtra,Western Region,339.6,337.79,6355.2,6317.2,0.0,30.93,49.11,20.9,0.0,33.5,0,None
2023-01-10 19:00:00,Maharashtra,Western Region,364.56,356.85,6824.5,6588.8,0.0,36.7,52.19,20.0,0.0,35.9,0,None
2023-01-10 20:00:00,Maharashtra,Western Region,340.09,338.97,6323.6,6143.4,0.0,32.98,59.86,19.9,0.0,51.5,0,None
2023-01-10 21:00:00,Maharashtra,Western Region,342.2,332.13,6274.0,6054.3,0.0,31.66,50.71,16.1,0.0,43.7,0,None
2023-01-10 22:00:00,Maharashtra,Western Region,356.01,355.62,6573.0,6446.5,0.0,67.29,54.71,15.7,0.0,23.9,0,None
2023-01-10 23:00:00,Maharashtra,Western Region,345.54,337.93,6402.1,6150.5,0.0,50.45,59.29,13.4,0.0,53.9,0,None
2023-01-11 00:00:00,Maharashtra,Western Region,305.87,304.47,5661.1,5440.0,0.0,40.09,41.19,16.0,0.0,39.1,0,None
2023-01-11 01:00:00,Maharashtra,Western Region,275.46,269.08,5087.0,4933.7,0.0,31.3,44.38,14.4,0.0,47.0,0,None
2023-01-11 02:00:00,Maharashtra,Western Region,227.51,222.02,4178.1,4034.5,0.0,48.16,51.38,16.5,0.0,44.1,0,None
2023-01-11 03:00:00,Maharashtra,Western Region,217.98,215.85,4111.5,3989.8,0.0,48.21,47.78,16.1,0.0,49.5,0,None
2023-01-11 04:00:00,Maharashtra,Western Region,242.61,236.4,4495.9,4317.5,0.0,50.4,49.54,15.5,0.0,43.1,0,None
2023-01-11 05:00:00,Maharashtra,Western Region,282.22,279.51,5139.8,4949.9,0.0,39.19,53.51,13.9,0.0,61.7,0,None
2023-01-11 06:00:00,Maharashtra,Western Region,301.32,292.73,5596.8,5427.1,0.0,47.27,41.46,17.3,0.0,40.1,0,None
2023-01-11 07:00:00,Maharashtra,Western Region,355.94,347.29,6587.0,6532.4,33.37,25.38,50.94,17.5,0.0,32.2,0,None
2023-01-11 08:00:00,Maharashtra,Western Region,396.03,387.09,7396.2,7148.5,56.79,31.4,60.83,18.0,0.0,49.6,0,None
2023-01-11 09:00:00,Maharashtra,Western Region,448.65,438.18,8236.6,8013.1,86.63,29.34,48.76,20.8,0.0,56.9,0,None
2023-01-11 10:00:00,Maharashtra,Western Region,460.67,448.49,8484.5,8457.2,101.74,21.48,62.6,20.7,0.0,50.7,0,None
2023-01-11 11:00:00,Maharashtra,Western Region,472.75,463.63,8775.3,8700.7,122.52,22.49,50.9,18.5,0.0,39.8,0,None
2023-01-11 12:00:00,Maharashtra,Western Region,446.46,436.02,8270.2,8032.8,113.94,25.85,50.09,22.1,0.0,32.4,0,None
2023-01-11 13:00:00,Maharashtra,Western Region,425.42,417.16,7918.2,7884.7,118.83,24.9,65.81,21.6,0.0,45.8,0,None
2023-01-11 14:00:00,Maharashtra,Western Region,413.72,405.42,7635.5,7351.8,96.67,21.91,42.49,24.1,0.0,41.8,0,None
2023-01-11 15:00:00,Maharashtra,Western Region,395.87,391.77,7360.6,7110.8,85.85,20.56,55.75,22.5,0.0,24.2,0,None
2023-01-11 16:00:00,Maharashtra,Western Region,352.06,341.5,6547.6,6300.0,57.48,26.85,52.09,21.6,0.0,53.4,0,None
2023-01-11 17:00:00,Maharashtra,Western Region,351.47,344.12,6558.9,6381.9,25.63,40.86,54.92,17.0,0.0,36.3,0,None
2023-01-11 18:00:00,Maharashtra,Western Region,367.73,363.21,6773.1,6649.7,3.92,32.99,46.41,21.3,0.0,49.6,0,None
2023-01-11 19:00:00,Maharashtra,Western Region,351.58,341.48,6536.8,6352.9,0.0,43.06,53.41,19.4,0.0,38.4,0,None
2023-01-11 20:00:00,Maharashtra,Western Region,416.52,408.64,7759.7,7592.6,0.0,48.93,61.97,15.7,0.0,52.8,0,None
2023-01-11 21:00:00,Maharashtra,Western Region,361.87,359.78,6666.7,6489.5,0.0,49.59,47.46,18.5,0.0,46.8,0,None
2023-01-11 22:00:00,Maharashtra,Western Region,375.87,368.88,6976.3,6902.2,0.0,55.49,49.97,14.3,0.0,53.5,0,None
2023-01-11 23:00:00,Maharashtra,Western Region,349.53,341.51,6510.8,6392.7,0.0,48.92,49.64,14.4,0.0,42.6,0,None
2023-01-12 00:00:00,Maharashtra,Western Region,299.01,295.0,5481.9,5452.4,0.0,50.32,52.95,15.4,0.0,59.6,0,None
2023-01-12 01:00:00,Maharashtra,Western Region,297.22,295.41,5532.7,5437.9,0.0,42.59,52.26,13.7,0.0,41.2,0,None
2023-01-12 02:00:00,Maharashtra,Western Region,247.65,244.84,4642.4,4531.8,0.0,42.87,43.82,12.0,0.0,45.6,0,None
2023-01-12 03:00:00,Maharashtra,Western Region,250.1,245.4,4634.9,4574.0,0.0,31.95,47.41,12.8,0.0,40.7,0,None
2023-01-12 04:00:00,Maharashtra,Western Region,252.26,246.79,4641.5,4637.9,0.0,46.67,47.52,15.3,0.0,35.5,0,None
2023-01-12 05:00:00,Maharashtra,Western Region,279.23,276.76,5073.4,4951.2,0.0,32.81,59.08,12.7,0.0,45.3,0,None
2023-01-12 06:00:00,Maharashtra,Western Region,324.69,320.83,6010.2,5788.3,0.0,27.63,43.98,14.6,0.0,38.4,0,None
2023-01-12 07:00:00,Maharashtra,Western Region,378.51,374.08,6946.3,6834.5,38.55,41.1,57.14,16.1,0.0,42.8,0,None
2023-01-12 08:00:00,Maharashtra,Western Region,406.62,401.53,7520.3,7295.6,61.38,35.88,57.02,16.6,0.0,43.3,0,None
2023-01-12 09:00:00,Maharashtra,Western Region,437.1,433.8,8079.8,7840.2,82.93,27.76,44.81,19.9,0.0,44.5,0,None
2023-01-12 10:00:00,Maharashtra,Western Region,476.48,463.49,8766.2,8485.4,101.46,34.56,57.74,21.2,0.4,58.4,0,None
2023-01-12 11:00:00,Maharashtra,Western Region,466.73,461.22,8605.5,8588.8,112.42,13.55,60.23,21.4,0.1,49.5,0,None
2023-01-12 12:00:00,Maharashtra,Western Region,468.0,464.39,8596.1,8506.0,122.26,20.61,54.46,21.8,0.0,48.3,0,None
2023-01-12 13:00:00,Maharashtra,Western Region,441.77,433.4,8187.9,8118.3,116.68,26.64,39.69,20.7,0.0,45.3,0,None
2023-01-12 14:00:00,Maharashtra,Western Region,438.16,437.32,8067.6,7765.6,100.17,17.16,60.32,23.1,0.0,62.1,0,None
2023-01-12 15:00:00,Maharashtra,Western Region,380.06,369.86,7006.5,6909.9,81.4,24.43,54.76,21.0,0.0,51.9,0,None
2023-01-12 16:00:00,Maharashtra,Western Region,367.93,358.11,6855.1,6660.2,57.54,33.82,52.04,23.6,0.0,39.4,0,None
2023-01-12 17:00:00,Maharashtra,Western Region,341.28,339.12,6341.1,6329.1,20.33,35.38,56.29,19.2,0.0,38.4,0,None
2023-01-12 18:00:00,Maharashtra,Western Region,349.02,340.58,6606.1,6568.8,0.0,33.16,44.89,19.6,0.0,35.8,0,None
2023-01-12 19:00:00,Maharashtra,Western Region,333.45,330.19,6186.8,5983.7,0.0,35.77,59.55,20.4,0.0,48.9,0,None
2023-01-12 20:00:00,Maharashtra,Western Region,346.23,336.71,6408.0,6156.6,0.0,50.31,55.51,16.4,0.0,51.0,0,None
2023-01-12 21:00:00,Maharashtra,Western Region,345.22,335.46,6416.6,6260.3,0.0,46.45,40.84,15.9,0.0,34.9,0,None
2023-01-12 22:00:00,Maharashtra,Western Region,337.96,333.31,6158.3,6083.5,0.0,56.16,62.53,14.9,0.0,39.4,0,None
2023-01-12 23:00:00,Maharashtra,Western Region,354.14,344.74,6662.6,6557.5,0.0,57.61,48.55,13.9,0.0,49.3,0,None
2023-01-13 00:00:00,Maharashtra,Western Region,327.95,320.12,6055.3,5936.1,0.0,42.03,53.91,14.0,0.0,38.7,0,None
2023-01-13 01:00:00,Maharashtra,Western Region,315.5,312.55,5884.7,5708.9,0.0,49.12,45.41,13.7,0.0,44.6,0,None
2023-01-13 02:00:00,Maharashtra,Western Region,265.73,261.36,4884.7,4725.2,0.0,47.57,57.34,15.9,0.0,46.1,0,None
2023-01-13 03:00:00,Maharashtra,Western Region,259.53,252.26,4803.5,4735.9,0.0,43.4,55.64,12.9,0.0,44.5,0,None
2023-01-13 04:00:00,Maharashtra,Western Region,244.01,239.42,4454.7,4288.8,0.0,27.49,53.72,14.2,0.0,39.7,0,None
2023-01-13 05:00:00,Maharashtra,Western Region,276.95,268.69,5229.1,5188.2,0.0,49.2,55.81,14.3,0.0,27.4,0,None
2023-01-13 06:00:00,Maharashtra,Western Region,322.57,320.66,5910.3,5832.6,2.29,46.65,54.23,16.4,0.0,57.1,0,None
2023-01-13 07:00:00,Maharashtra,Western Region,361.64,359.02,6701.2,6593.2,34.55,32.32,49.29,17.1,0.0,56.2,0,None
2023-01-13 08:00:00,Maharashtra,Western Region,395.63,386.98,7287.6,7066.5,54.84,30.68,60.86,19.2,0.0,47.5,0,None
2023-01-13 09:00:00,Maharashtra,Western Region,446.94,438.66,8244.4,8185.6,77.82,13.41,50.19,17.5,0.0,42.0,0,None
2023-01-13 10:00:00,Maharashtra,Western Region,472.67,463.09,8703.5,8597.2,98.46,29.13,51.03,21.7,0.0,49.8,0,None
2023-01-13 11:00:00,Maharashtra,Western Region,481.93,470.19,8953.7,8627.2,109.08,28.87,53.22,19.9,0.0,48.7,0,None
2023-01-13 12:00:00,Maharashtra,Western Region,456.82,447.54,8484.7,8483.4,121.75,7.48,50.57,20.0,0.0,56.5,0,None
2023-01-13 13:00:00,Maharashtra,Western Region,454.92,452.28,8375.5,8327.9,117.49,14.85,50.75,21.4,0.0,47.7,0,None
2023-01-13 14:00:00,Maharashtra,Western Region,429.74,420.88,7890.1,7579.0,103.73,20.93,52.0,21.9,0.0,41.0,0,None
2023-01-13 15:00:00,Maharashtra,Western Region,394.81,389.92,7320.5,7197.8,91.5,32.96,62.12,22.9,0.0,50.0,0,None
2023-01-13 16:00:00,Maharashtra,Western Region,327.87,320.12,6121.5,6051.7,62.5,16.31,52.21,24.1,0.0,41.1,0,None
2023-01-13 17:00:00,Maharashtra,Western Region,356.66,347.75,6590.2,6458.5,31.68,40.63,57.03,21.7,0.0,40.3,0,None
2023-01-13 18:00:00,Maharashtra,Western Region,371.67,362.52,6856.0,6764.9,0.0,31.12,57.39,21.7,0.0,53.6,0,None
2023-01-13 19:00:00,Maharashtra,Western Region,362.81,361.05,6663.0,6503.6,0.0,41.62,59.32,21.8,0.8,42.3,0,None
2023-01-13 20:00:00,Maharashtra,Western Region,365.08,360.62,6730.7,6470.0,0.0,33.29,50.91,22.6,0.0,46.9,0,None
2023-01-13 21:00:00,Maharashtra,Western Region,370.2,368.68,6840.4,6768.6,0.0,44.41,43.22,16.7,0.0,38.5,0,None
2023-01-13 22:00:00,Maharashtra,Western Region,353.33,347.66,6510.8,6504.4,0.0,42.94,51.73,16.3,0.0,52.2,0,None
2023-01-13 23:00:00,Maharashtra,Western Region,328.31,319.16,6040.8,5912.5,0.0,51.96,48.76,14.9,0.0,47.7,0,None
2023-01-14 00:00:00,Maharashtra,Western Region,311.05,309.17,5694.3,5519.5,0.0,47.72,39.79,13.5,0.0,41.1,0,None
2023-01-14 01:00:00,Maharashtra,Western Region,293.57,286.62,5412.1,5269.8,0.0,44.85,47.26,12.6,0.0,41.9,0,None
2023-01-14 02:00:00,Maharashtra,Western Region,260.21,253.47,4823.1,4658.0,0.0,41.2,58.11,14.5,0.0,44.7,0,None
2023-01-14 03:00:00,Maharashtra,Western Region,216.26,211.76,3941.5,3898.1,0.0,51.86,49.52,18.2,0.0,33.6,0,None
2023-01-14 04:00:00,Maharashtra,Western Region,280.23,276.35,5170.3,5003.9,0.0,49.01,47.52,11.1,0.0,59.7,0,None
2023-01-14 05:00:00,Maharashtra,Western Region,268.2,263.06,4948.0,4815.0,0.0,38.28,57.48,16.4,0.0,58.6,0,None
2023-01-14 06:00:00,Maharashtra,Western Region,298.24,295.06,5651.7,5477.6,0.0,37.1,42.47,17.6,0.0,57.5,0,None
2023-01-14 07:00:00,Maharashtra,Western Region,366.84,358.24,6808.6,6614.1,32.14,22.34,46.47,13.8,0.0,51.9,0,None
2023-01-14 08:00:00,Maharashtra,Western Region,405.43,403.55,7458.2,7397.3,61.1,23.24,57.17,17.4,0.0,36.2,0,None
2023-01-14 09:00:00,Maharashtra,Western Region,425.92,413.15,7894.3,7776.6,86.9,21.93,44.97,19.8,0.0,37.2,0,None
2023-01-14 10:00:00,Maharashtra,Western Region,476.81,463.08,8819.6,8569.6,106.21,16.29,48.43,20.6,0.0,39.9,0,None
2023-01-14 11:00:00,Maharashtra,Western Region,478.11,470.76,8942.0,8941.8,104.72,3.55,46.36,19.8,0.0,39.1,0,None
2023-01-14 12:00:00,Maharashtra,Western Region,496.92,495.59,9204.1,9023.6,126.94,15.21,43.34,19.4,0.0,40.8,0,None
2023-01-14 13:00:00,Maharashtra,Western Region,432.98,420.64,7981.6,7856.6,121.91,18.76,40.68,20.9,0.4,45.0,0,None
2023-01-14 14:00:00,Maharashtra,Western Region,400.24,397.51,7422.4,7195.8,101.19,18.41,57.54,22.5,0.0,38.5,0,None
2023-01-14 15:00:00,Maharashtra,Western Region,382.38,373.6,7064.3,7053.4,81.65,23.06,59.2,22.9,0.0,59.8,0,None
2023-01-14 16:00:00,Maharashtra,Western Region,372.41,371.82,6866.8,6835.2,60.98,40.12,55.91,21.4,0.0,49.0,0,None
2023-01-14 17:00:00,Maharashtra,Western Region,329.09,320.0,6006.2,5848.4,36.01,39.42,43.47,19.5,0.0,52.6,0,None
2023-01-14 18:00:00,Maharashtra,Western Region,347.67,339.81,6282.3,6149.4,0.0,37.59,43.11,19.4,0.0,41.3,0,None
2023-01-14 19:00:00,Maharashtra,Western Region,358.49,348.33,6667.0,6402.2,0.0,45.8,51.0,20.8,0.0,51.2,0,None
2023-01-14 20:00:00,Maharashtra,Western Region,370.64,362.54,6801.5,6581.3,0.0,49.96,48.58,19.0,0.0,36.1,0,None
2023-01-14 21:00:00,Maharashtra,Western Region,363.44,355.81,6631.1,6524.0,0.0,47.44,60.28,16.2,0.0,36.5,0,None
2023-01-14 22:00:00,Maharashtra,Western Region,385.47,381.52,7088.9,7069.5,0.0,55.28,50.63,14.2,0.0,43.1,0,None
2023-01-14 23:00:00,Maharashtra,Western Region,342.03,332.84,6352.9,6245.4,0.0,47.75,55.16,15.6,0.0,55.2,0,None
2023-01-15 00:00:00,Maharashtra,Western Region,286.98,282.95,5298.5,5108.4,0.0,62.13,53.61,13.0,0.0,44.2,1,None
2023-01-15 01:00:00,Maharashtra,Western Region,242.91,236.01,4486.5,4431.2,0.0,48.96,52.7,14.5,0.0,35.1,1,None
2023-01-15 02:00:00,Maharashtra,Western Region,256.91,255.53,4729.3,4630.4,0.0,51.88,40.72,11.7,0.0,43.1,1,None
2023-01-15 03:00:00,Maharashtra,Western Region,226.82,223.3,4153.6,4127.2,0.0,36.98,46.18,12.2,0.0,33.8,1,None
2023-01-15 04:00:00,Maharashtra,Western Region,199.57,199.17,3672.6,3543.1,0.0,39.21,56.92,13.7,0.0,34.6,1,None
2023-01-15 05:00:00,Maharashtra,Western Region,225.32,223.0,4152.8,4148.0,0.0,38.67,46.92,15.5,0.0,48.6,1,None
2023-01-15 06:00:00,Maharashtra,Western Region,267.33,264.62,4934.8,4846.1,0.0,33.35,53.66,18.6,0.0,49.0,1,None
2023-01-15 07:00:00,Maharashtra,Western Region,315.02,308.92,5813.4,5676.9,29.38,18.63,58.28,16.0,0.0,54.3,1,None
2023-01-15 08:00:00,Maharashtra,Western Region,346.04,336.09,6341.7,6311.1,53.99,24.33,51.9,19.7,0.0,55.3,1,None
2023-01-15 09:00:00,Maharashtra,Western Region,407.07,399.78,7602.3,7527.0,86.46,27.22,48.46,18.6,0.0,32.9,1,None
2023-01-15 10:00:00,Maharashtra,Western Region,404.92,399.34,7479.4,7293.6,107.8,26.43,51.4,23.0,0.0,47.8,1,None
2023-01-15 11:00:00,Maharashtra,Western Region,424.79,416.19,7770.4,7471.8,117.46,39.31,34.01,22.6,0.0,43.5,1,None
2023-01-15 12:00:00,Maharashtra,Western Region,414.17,411.48,7665.8,7561.4,125.21,24.67,49.22,23.7,0.0,39.5,1,None
2023-01-15 13:00:00,Maharashtra,Western Region,374.27,369.18,6872.6,6712.4,117.72,24.06,43.09,21.4,0.0,39.2,1,None
2023-01-15 14:00:00,Maharashtra,Western Region,347.94,338.55,6380.3,6184.8,105.87,24.02,48.83,21.5,0.0,42.3,1,None
2023-01-15 15:00:00,Maharashtra,Western Region,335.93,329.81,6188.7,5948.2,83.06,19.64,49.36,22.4,0.0,48.9,1,None
2023-01-15 16:00:00,Maharashtra,Western Region,338.67,338.4,6178.7,6106.9,59.55,27.2,39.61,21.2,0.0,45.2,1,None
2023-01-15 17:00:00,Maharashtra,Western Region,324.64,322.75,5992.4,5806.5,29.72,26.08,50.42,21.3,0.0,48.8,1,None
2023-01-15 18:00:00,Maharashtra,Western Region,299.29,291.06,5570.7,5359.3,0.0,27.83,55.05,21.0,0.0,40.6,1,None
2023-01-15 19:00:00,Maharashtra,Western Region,273.15,266.28,5119.7,5070.6,0.0,35.88,54.04,17.9,0.0,21.7,1,None
2023-01-15 20:00:00,Maharashtra,Western Region,284.89,282.15,5348.9,5176.3,0.0,41.14,43.07,18.5,0.0,43.6,1,None
2023-01-15 21:00:00,Maharashtra,Western Region,334.84,327.11,6121.2,6041.0,0.0,51.81,48.12,15.7,0.0,34.5,1,None
2023-01-15 22:00:00,Maharashtra,Western Region,313.87,311.4,5876.7,5705.3,0.0,55.77,43.38,15.2,0.0,49.1,1,None
2023-01-15 23:00:00,Maharashtra,Western Region,282.71,279.48,5153.4,5015.3,0.0,64.13,48.32,13.5,0.0,52.1,1,None
2023-01-16 00:00:00,Maharashtra,Western Region,334.87,333.09,6268.6,6021.9,0.0,51.68,51.11,11.7,0.0,54.2,0,None
2023-01-16 01:00:00,Maharashtra,Western Region,274.41,267.02,5121.6,4983.2,0.0,44.07,53.52,14.6,0.0,37.4,0,None
2023-01-16 02:00:00,Maharashtra,Western Region,281.75,276.92,5258.3,5095.6,0.0,61.5,54.41,14.7,0.0,52.2,0,None
2023-01-16 03:00:00,Maharashtra,Western Region,262.28,254.88,4866.4,4837.1,0.0,51.67,45.15,13.0,0.0,36.6,0,None
2023-01-16 04:00:00,Maharashtra,Western Region,228.33,221.57,4214.8,4050.9,0.0,25.58,47.49,13.1,0.0,42.7,0,None
2023-01-16 05:00:00,Maharashtra,Western Region,264.94,262.27,4910.6,4824.9,0.0,54.17,46.72,14.7,0.0,36.4,0,None
2023-01-16 06:00:00,Maharashtra,Western Region,302.12,294.36,5627.8,5563.6,0.0,21.65,56.35,17.4,0.0,38.8,0,None
2023-01-16 07:00:00,Maharashtra,Western Region,372.31,371.71,6843.7,6751.1,31.61,32.34,57.09,17.3,0.0,30.1,0,None
2023-01-16 08:00:00,Maharashtra,Western Region,378.12,368.3,7030.7,6776.0,68.67,36.82,42.53,16.9,0.7,54.7,0,None
2023-01-16 09:00:00,Maharashtra,Western Region,460.43,450.13,8519.2,8468.5,89.26,30.16,44.5,17.9,0.0,47.3,0,None
2023-01-16 10:00:00,Maharashtra,Western Region,485.65,476.74,8905.1,8634.5,106.69,22.8,44.95,19.5,0.0,45.6,0,None
2023-01-16 11:00:00,Maharashtra,Western Region,476.31,466.69,8770.8,8655.9,123.0,0.61,57.66,20.4,0.0,40.0,0,None
2023-01-16 12:00:00,Maharashtra,Western Region,486.75,482.38,9040.0,8950.9,125.69,12.66,51.96,19.0,0.0,35.8,0,None
2023-01-16 13:00:00,Maharashtra,Western Region,422.28,420.38,7797.4,7786.0,110.0,24.11,62.52,21.9,0.0,53.7,0,None
2023-01-16 14:00:00,Maharashtra,Western Region,425.98,416.19,7994.6,7878.8,99.01,15.18,50.51,21.6,0.0,44.6,0,None
2023-01-16 15:00:00,Maharashtra,Western Region,388.92,381.51,7169.1,6936.8,89.42,12.03,59.54,24.8,0.0,44.8,0,None
2023-01-16 16:00:00,Maharashtra,Western Region,370.86,363.42,6911.4,6821.7,68.98,24.51,49.07,24.7,0.0,49.0,0,None
2023-01-16 17:00:00,Maharashtra,Western Region,343.17,338.89,6344.2,6106.2,34.45,30.02,46.88,23.0,0.0,40.4,0,None
2023-01-16 18:00:00,Maharashtra,Western Region,332.48,331.32,6138.9,5995.2,0.0,18.48,45.88,20.5,0.0,45.6,0,None
2023-01-16 19:00:00,Maharashtra,Western Region,356.01,346.95,6592.7,6454.9,0.0,34.68,51.07,21.4,0.0,36.1,0,None
2023-01-16 20:00:00,Maharashtra,Western Region,336.84,334.16,6213.6,6017.0,0.0,35.83,47.83,20.2,0.0,59.5,0,None
2023-01-16 21:00:00,Maharashtra,Western Region,374.64,369.47,6902.6,6648.4,0.0,47.31,56.16,17.1,0.0,39.6,0,None
2023-01-16 22:00:00,Maharashtra,Western Region,342.07,337.92,6270.8,6040.2,0.0,41.82,47.36,17.3,0.0,46.1,0,None
2023-01-16 23:00:00,Maharashtra,Western Region,333.45,326.22,6197.3,6182.6,0.0,67.66,47.57,17.0,0.0,47.5,0,None
2023-01-17 00:00:00,Maharashtra,Western Region,328.76,328.27,6077.9,5840.1,0.0,51.49,52.84,15.2,0.0,24.7,0,None
2023-01-17 01:00:00,Maharashtra,Western Region,278.92,275.57,5152.7,5132.6,0.0,65.42,45.01,13.3,0.0,51.8,0,None
2023-01-17 02:00:00,Maharashtra,Western Region,284.58,280.78,5236.8,5200.3,0.0,50.6,57.25,12.1,0.0,40.7,0,None
2023-01-17 03:00:00,Maharashtra,Western Region,271.99,265.63,5076.3,5000.3,0.0,49.78,49.41,16.0,0.0,49.6,0,None
2023-01-17 04:00:00,Maharashtra,Western Region,237.91,235.53,4407.9,4245.7,0.0,53.7,53.33,12.6,0.0,47.3,0,None
2023-01-17 05:00:00,Maharashtra,Western Region,283.38,279.23,5214.5,5106.7,0.0,35.06,42.47,13.3,0.0,43.3,0,None
2023-01-17 06:00:00,Maharashtra,Western Region,292.49,288.68,5418.9,5410.2,0.0,35.08,50.76,17.6,0.0,42.0,0,None
2023-01-17 07:00:00,Maharashtra,Western Region,325.44,319.17,6026.6,6024.1,34.04,27.21,54.93,18.5,1.5,61.8,0,None
2023-01-17 08:00:00,Maharashtra,Western Region,419.69,412.27,7632.2,7334.2,64.89,10.65,56.92,18.5,0.0,46.0,0,None
2023-01-17 09:00:00,Maharashtra,Western Region,425.48,417.73,7928.1,7686.1,82.28,25.28,53.04,18.6,0.0,36.9,0,None
2023-01-17 10:00:00,Maharashtra,Western Region,459.02,450.07,8517.0,8459.3,108.0,21.62,48.9,20.9,0.0,53.3,0,None
2023-01-17 11:00:00,Maharashtra,Western Region,462.93,457.07,8644.2,8586.3,109.05,15.73,56.47,20.3,0.0,41.0,0,None
2023-01-17 12:00:00,Maharashtra,Western Region,427.52,419.86,7917.0,7643.1,116.02,23.4,57.68,22.0,0.0,47.3,0,None
2023-01-17 13:00:00,Maharashtra,Western Region,398.09,390.42,7338.6,7219.4,124.06,31.46,42.99,21.9,0.0,37.3,0,None
2023-01-17 14:00:00,Maharashtra,Western Region,396.08,384.5,7387.7,7258.8,114.4,34.77,54.07,20.2,0.0,47.1,0,None
2023-01-17 15:00:00,Maharashtra,Western Region,376.38,366.59,7085.1,6875.8,79.47,29.65,54.97,20.9,0.0,52.0,0,None
2023-01-17 16:00:00,Maharashtra,Western Region,361.22,352.27,6638.0,6538.6,50.8,27.24,53.84,24.2,0.0,33.2,0,None
2023-01-17 17:00:00,Maharashtra,Western Region,362.33,357.95,6712.3,6661.3,37.03,30.81,50.3,20.7,0.0,27.5,0,None
2023-01-17 18:00:00,Maharashtra,Western Region,336.82,329.21,6257.3,6154.2,0.0,37.3,45.01,22.3,0.0,41.5,0,None
2023-01-17 19:00:00,Maharashtra,Western Region,363.31,355.5,6783.2,6515.6,0.0,29.1,41.07,16.3,0.0,60.4,0,None
2023-01-17 20:00:00,Maharashtra,Western Region,335.65,332.26,6233.5,6232.7,0.0,51.96,63.82,17.4,0.0,55.7,0,None
2023-01-17 21:00:00,Maharashtra,Western Region,363.4,354.9,6825.4,6617.7,0.0,53.66,48.34,17.3,0.0,37.2,0,None
2023-01-17 22:00:00,Maharashtra,Western Region,348.03,347.79,6466.5,6286.3,0.0,54.28,41.9,16.0,0.0,51.3,0,None
2023-01-17 23:00:00,Maharashtra,Western Region,341.93,333.01,6385.4,6276.9,0.0,55.37,49.43,15.5,0.0,50.5,0,None
2023-01-18 00:00:00,Maharashtra,Western Region,289.77,287.56,5335.7,5179.7,0.0,38.31,61.39,15.9,0.0,45.2,0,None
2023-01-18 01:00:00,Maharashtra,Western Region,283.61,282.73,5229.8,5220.7,0.0,44.41,58.05,12.0,0.0,49.8,0,None
2023-01-18 02:00:00,Maharashtra,Western Region,254.97,249.22,4766.5,4742.8,0.0,38.73,44.06,14.6,0.0,32.9,0,None
2023-01-18 03:00:00,Maharashtra,Western Region,256.61,254.23,4754.8,4627.7,0.0,42.16,46.61,13.3,0.0,51.3,0,None
2023-01-18 04:00:00,Maharashtra,Western Region,238.37,236.96,4403.4,4343.9,0.0,42.57,47.84,15.1,0.0,62.8,0,None
2023-01-18 05:00:00,Maharashtra,Western Region,266.39,259.45,4979.7,4915.5,0.0,43.61,54.9,15.7,0.0,50.9,0,None
2023-01-18 06:00:00,Maharashtra,Western Region,323.19,317.21,5974.8,5776.0,0.0,35.59,49.1,17.3,0.0,49.4,0,None
2023-01-18 07:00:00,Maharashtra,Western Region,390.02,388.02,7242.0,6982.9,31.51,45.57,44.84,17.2,0.0,54.8,0,None
2023-01-18 08:00:00,Maharashtra,Western Region,390.32,383.39,7237.6,7204.7,64.69,34.48,48.11,19.3,0.0,48.8,0,None
2023-01-18 09:00:00,Maharashtra,Western Region,434.67,421.77,8062.6,7859.1,89.84,18.56,43.86,20.6,0.0,56.6,0,None
2023-01-18 10:00:00,Maharashtra,Western Region,513.02,499.76,9606.3,9599.7,97.66,30.11,49.05,20.1,0.0,34.1,0,None
2023-01-18 11:00:00,Maharashtra,Western Region,465.51,454.28,8636.8,8436.1,108.14,34.48,58.4,20.6,0.0,44.1,0,None
2023-01-18 12:00:00,Maharashtra,Western Region,472.67,463.38,8738.3,8407.9,118.57,3.85,50.87,23.1,0.0,31.8,0,None
2023-01-18 13:00:00,Maharashtra,Western Region,433.17,432.24,7963.9,7808.6,118.31,25.95,50.9,21.3,0.0,34.2,0,None
2023-01-18 14:00:00,Maharashtra,Western Region,427.06,418.62,7878.2,7703.0,96.47,17.32,51.97,21.7,0.0,35.1,0,None
2023-01-18 15:00:00,Maharashtra,Western Region,384.76,384.61,7077.4,6946.7,83.79,36.43,49.94,22.0,0.0,61.3,0,None
2023-01-18 16:00:00,Maharashtra,Western Region,374.4,363.17,6901.5,6710.4,57.19,32.82,46.68,22.7,0.0,47.3,0,None
2023-01-18 17:00:00,Maharashtra,Western Region,323.32,317.28,5877.6,5667.6,32.24,20.51,46.05,19.7,0.0,38.9,0,None
2023-01-18 18:00:00,Maharashtra,Western Region,351.14,341.91,6451.8,6211.9,0.0,38.71,46.7,19.9,0.0,36.5,0,None
2023-01-18 19:00:00,Maharashtra,Western Region,373.55,372.82,6914.1,6889.0,0.0,37.26,51.32,19.3,0.0,55.4,0,None
2023-01-18 20:00:00,Maharashtra,Western Region,342.42,339.25,6342.7,6131.5,0.0,31.39,40.4,17.0,0.0,37.9,0,None
2023-01-18 21:00:00,Maharashtra,Western Region,361.2,351.31,6622.4,6457.5,0.0,51.93,57.8,17.0,0.0,29.3,0,None
2023-01-18 22:00:00,Maharashtra,Western Region,353.74,353.19,6485.0,6262.2,0.0,44.93,49.26,15.2,0.0,44.2,0,None
2023-01-18 23:00:00,Maharashtra,Western Region,359.39,350.68,6574.9,6350.3,0.0,60.01,46.61,14.6,0.0,47.2,0,None
2023-01-19 00:00:00,Maharashtra,Western Region,324.78,318.5,5937.3,5735.1,0.0,48.38,46.83,15.0,0.0,51.9,0,None
2023-01-19 01:00:00,Maharashtra,Western Region,261.28,258.48,4782.4,4706.1,0.0,47.26,47.98,16.0,0.0,48.0,0,None
2023-01-19 02:00:00,Maharashtra,Western Region,257.68,250.8,4791.8,4769.5,0.0,46.79,41.4,12.5,0.0,56.2,0,None
2023-01-19 03:00:00,Maharashtra,Western Region,216.51,212.53,4035.0,3886.6,0.0,42.68,49.09,16.1,0.6,36.1,0,None
2023-01-19 04:00:00,Maharashtra,Western Region,262.04,255.45,4837.1,4830.5,0.0,34.01,49.73,13.9,0.0,38.7,0,None
2023-01-19 05:00:00,Maharashtra,Western Region,249.32,243.08,4620.3,4604.9,0.0,40.0,55.98,16.2,0.0,38.5,0,None
2023-01-19 06:00:00,Maharashtra,Western Region,345.42,344.19,6313.6,6248.9,1.91,33.91,53.71,14.4,0.0,33.2,0,None
2023-01-19 07:00:00,Maharashtra,Western Region,326.16,325.27,6025.9,5922.0,34.99,30.61,53.22,16.7,0.0,43.9,0,None
2023-01-19 08:00:00,Maharashtra,Western Region,390.57,389.88,7295.2,7238.3,65.76,25.75,57.16,19.0,0.0,49.7,0,None
2023-01-19 09:00:00,Maharashtra,Western Region,463.44,454.5,8557.5,8432.5,90.32,37.75,44.34,20.1,0.0,42.3,0,None
2023-01-19 10:00:00,Maharashtra,Western Region,489.34,477.83,9048.4,8858.4,100.65,14.56,49.3,20.9,0.0,39.1,0,None
2023-01-19 11:00:00,Maharashtra,Western Region,467.3,453.29,8628.2,8296.6,120.66,17.74,40.33,21.7,0.0,45.5,0,None
2023-01-19 12:00:00,Maharashtra,Western Region,470.64,467.39,8709.8,8480.4,122.37,14.23,59.11,22.9,0.0,48.7,0,None
2023-01-19 13:00:00,Maharashtra,Western Region,443.19,435.13,8260.5,8086.5,116.89,17.72,45.36,22.4,0.0,40.4,0,None
2023-01-19 14:00:00,Maharashtra,Western Region,413.66,406.59,7678.5,7535.8,104.41,20.86,48.03,21.4,0.0,52.3,0,None
2023-01-19 15:00:00,Maharashtra,Western Region,397.06,393.09,7354.9,7188.8,87.46,23.65,48.56,20.6,0.0,35.7,0,None
2023-01-19 16:00:00,Maharashtra,Western Region,378.16,373.63,6976.1,6869.3,58.16,21.86,64.91,21.5,0.0,51.2,0,None
2023-01-19 17:00:00,Maharashtra,Western Region,368.72,363.08,6903.4,6773.2,31.68,35.66,43.7,19.2,0.0,45.6,0,None
2023-01-19 18:00:00,Maharashtra,Western Region,334.01,330.59,6094.7,5987.0,0.0,39.06,49.24,20.4,0.0,28.3,0,None
2023-01-19 19:00:00,Maharashtra,Western Region,350.43,347.67,6481.5,6309.4,0.0,37.32,37.61,18.3,0.0,49.4,0,None
2023-01-19 20:00:00,Maharashtra,Western Region,364.92,356.56,6615.8,6371.0,0.0,45.39,64.34,17.2,0.0,58.1,0,None
2023-01-19 21:00:00,Maharashtra,Western Region,368.77,358.11,6881.1,6678.1,0.0,40.73,44.09,16.0,0.0,39.3,0,None
2023-01-19 22:00:00,Maharashtra,Western Region,383.96,376.27,7069.3,6890.2,0.0,47.29,60.11,15.7,0.0,40.9,0,None
2023-01-19 23:00:00,Maharashtra,Western Region,352.82,345.25,6490.7,6356.2,0.0,46.88,59.59,14.7,0.0,46.7,0,None
2023-01-20 00:00:00,Maharashtra,Western Region,292.44,289.02,5329.3,5189.3,0.0,57.65,55.24,17.8,0.0,38.5,0,None
2023-01-20 01:00:00,Maharashtra,Western Region,286.25,282.84,5307.4,5293.1,0.0,58.65,49.37,14.6,0.0,46.5,0,None
2023-01-20 02:00:00,Maharashtra,Western Region,283.6,282.58,5284.1,5204.5,0.0,49.64,46.99,13.2,0.0,36.8,0,None
2023-01-20 03:00:00,Maharashtra,Western Region,248.77,246.35,4556.5,4512.1,0.0,39.47,51.14,14.6,0.0,41.8,0,None
2023-01-20 04:00:00,Maharashtra,Western Region,252.2,248.18,4646.3,4498.3,0.0,41.34,49.44,13.7,0.0,32.7,0,None
2023-01-20 05:00:00,Maharashtra,Western Region,274.63,273.68,5084.6,5067.0,0.0,50.65,57.87,14.7,0.0,41.7,0,None
2023-01-20 06:00:00,Maharashtra,Western Region,329.36,322.2,6084.5,5922.0,0.0,36.34,52.5,14.7,0.0,54.1,0,None
2023-01-20 07:00:00,Maharashtra,Western Region,351.08,344.63,6446.0,6441.6,34.04,26.4,49.21,18.5,0.0,51.2,0,None
2023-01-20 08:00:00,Maharashtra,Western Region,427.48,416.97,7899.0,7882.5,64.43,37.2,47.04,16.4,0.0,55.8,0,None
2023-01-20 09:00:00,Maharashtra,Western Region,433.63,423.59,8014.9,7846.4,92.65,12.15,59.78,18.0,0.0,36.2,0,None
2023-01-20 10:00:00,Maharashtra,Western Region,489.64,481.11,9108.3,8999.4,98.72,22.97,46.19,19.5,0.0,41.4,0,None
2023-01-20 11:00:00,Maharashtra,Western Region,470.61,462.43,8750.9,8651.9,114.5,21.3,50.92,21.0,0.6,24.0,0,None
2023-01-20 12:00:00,Maharashtra,Western Region,466.59,462.35,8627.2,8310.8,121.84,7.85,34.22,21.5,0.0,55.7,0,None
2023-01-20 13:00:00,Maharashtra,Western Region,442.28,439.98,8149.7,8140.5,104.92,31.07,48.5,21.8,0.0,54.0,0,None
2023-01-20 14:00:00,Maharashtra,Western Region,403.81,395.3,7458.2,7392.6,104.48,18.55,54.76,22.1,0.0,30.1,0,None
2023-01-20 15:00:00,Maharashtra,Western Region,379.39,378.15,7109.4,7104.8,87.15,22.99,42.02,19.5,0.0,43.7,0,None
2023-01-20 16:00:00,Maharashtra,Western Region,394.61,387.84,7264.5,6981.8,64.91,23.67,52.16,20.9,0.0,37.2,0,None
2023-01-20 17:00:00,Maharashtra,Western Region,344.45,343.35,6427.2,6408.4,22.52,52.22,55.36,21.4,0.0,47.1,0,None
2023-01-20 18:00:00,Maharashtra,Western Region,333.69,327.73,6124.8,6124.5,2.81,36.95,43.46,17.7,0.0,45.1,0,None
2023-01-20 19:00:00,Maharashtra,Western Region,324.43,317.78,6005.7,5786.4,0.0,37.24,42.96,19.2,0.0,40.0,0,None
2023-01-20 20:00:00,Maharashtra,Western Region,382.87,379.81,7059.0,7057.7,0.0,42.86,53.35,17.8,0.0,48.4,0,None
2023-01-20 21:00:00,Maharashtra,Western Region,392.91,383.8,7266.8,7134.2,0.0,36.2,47.99,17.5,0.0,30.6,0,None
2023-01-20 22:00:00,Maharashtra,Western Region,343.73,337.38,6384.2,6217.4,0.0,35.42,58.13,16.2,0.0,60.5,0,None
2023-01-20 23:00:00,Maharashtra,Western Region,340.26,332.48,6267.5,6073.1,0.0,52.33,58.2,17.3,0.0,42.2,0,None
2023-01-21 00:00:00,Maharashtra,Western Region,327.82,326.48,6088.2,5878.6,0.0,26.76,53.55,12.0,0.5,45.3,0,None
2023-01-21 01:00:00,Maharashtra,Western Region,273.2,268.24,5009.8,4983.2,0.0,42.8,58.55,15.7,0.0,46.6,0,None
2023-01-21 02:00:00,Maharashtra,Western Region,282.37,276.22,5237.4,5182.2,0.0,32.89,46.42,15.1,0.0,42.7,0,None
2023-01-21 03:00:00,Maharashtra,Western Region,248.15,247.96,4542.4,4435.4,0.0,29.43,49.39,11.8,0.0,35.2,0,None
2023-01-21 04:00:00,Maharashtra,Western Region,248.44,241.65,4672.6,4612.2,0.0,48.73,43.34,17.7,0.0,32.9,0,None
2023-01-21 05:00:00,Maharashtra,Western Region,252.08,245.53,4653.1,4644.4,0.0,42.95,47.42,15.4,0.0,39.7,0,None
2023-01-21 06:00:00,Maharashtra,Western Region,292.11,286.95,5355.3,5219.6,0.0,29.56,45.53,17.8,0.0,32.8,0,None
2023-01-21 07:00:00,Maharashtra,Western Region,347.05,339.42,6397.2,6270.8,30.72,26.08,54.39,18.0,0.0,47.3,0,None
2023-01-21 08:00:00,Maharashtra,Western Region,396.36,392.81,7331.7,7135.0,66.97,19.14,47.62,18.7,0.0,48.1,0,None
2023-01-21 09:00:00,Maharashtra,Western Region,464.71,460.43,8577.0,8572.7,88.65,19.63,55.4,18.9,0.0,53.4,0,None
2023-01-21 10:00:00,Maharashtra,Western Region,437.87,429.12,8147.7,8007.3,106.03,34.46,48.8,21.0,0.0,35.8,0,None
2023-01-21 11:00:00,Maharashtra,Western Region,457.14,450.34,8429.1,8200.8,127.3,20.13,40.51,21.1,0.0,47.6,0,None
2023-01-21 12:00:00,Maharashtra,Western Region,469.5,466.23,8701.1,8643.4,116.99,22.54,53.9,21.1,0.0,31.6,0,None
2023-01-21 13:00:00,Maharashtra,Western Region,427.41,420.17,7918.2,7694.2,120.82,16.31,50.19,20.6,0.0,59.9,0,None
2023-01-21 14:00:00,Maharashtra,Western Region,424.08,417.3,7860.2,7818.7,101.42,25.52,50.47,20.4,0.0,46.1,0,None
2023-01-21 15:00:00,Maharashtra,Western Region,370.02,369.39,6773.7,6668.1,90.39,19.53,47.57,20.7,0.0,48.4,0,None
2023-01-21 16:00:00,Maharashtra,Western Region,377.7,377.67,6942.4,6923.1,55.49,35.08,41.62,22.2,0.0,51.6,0,None
2023-01-21 17:00:00,Maharashtra,Western Region,335.09,331.57,6216.6,6212.2,33.61,35.02,56.43,19.4,0.0,51.1,0,None
2023-01-21 18:00:00,Maharashtra,Western Region,345.48,339.54,6430.2,6337.9,2.7,42.01,45.99,19.8,0.2,51.8,0,None
2023-01-21 19:00:00,Maharashtra,Western Region,353.45,347.91,6607.3,6518.0,0.0,23.29,49.59,19.0,0.0,47.1,0,None
2023-01-21 20:00:00,Maharashtra,Western Region,352.25,342.1,6566.7,6538.0,0.0,49.86,52.1,16.4,0.0,37.1,0,None
2023-01-21 21:00:00,Maharashtra,Western Region,363.88,355.63,6790.5,6757.1,0.0,27.76,55.97,17.4,0.0,30.8,0,None
2023-01-21 22:00:00,Maharashtra,Western Region,367.18,356.7,6782.2,6603.8,0.0,35.36,53.31,15.6,0.0,47.5,0,None
2023-01-21 23:00:00,Maharashtra,Western Region,331.75,323.67,6194.9,5951.4,0.0,50.29,42.36,16.9,0.0,38.0,0,None
2023-01-22 00:00:00,Maharashtra,Western Region,254.23,251.15,4740.6,4661.1,0.0,45.25,43.06,15.0,0.0,45.8,1,None
2023-01-22 01:00:00,Maharashtra,Western Region,235.31,229.17,4395.7,4389.1,0.0,58.79,44.78,16.2,0.0,51.7,1,None
2023-01-22 02:00:00,Maharashtra,Western Region,246.05,243.23,4587.3,4556.9,0.0,51.72,51.94,14.6,0.0,35.8,1,None
2023-01-22 03:00:00,Maharashtra,Western Region,211.07,204.95,3845.1,3800.8,0.0,51.66,51.2,15.6,0.0,41.3,1,None
2023-01-22 04:00:00,Maharashtra,Western Region,212.82,209.63,3875.3,3744.6,0.0,37.27,52.52,15.0,0.0,40.7,1,None
2023-01-22 05:00:00,Maharashtra,Western Region,210.99,207.23,3855.4,3788.3,0.0,52.3,46.95,16.2,0.0,51.9,1,None
2023-01-22 06:00:00,Maharashtra,Western Region,298.93,296.03,5526.7,5372.3,0.0,40.52,51.59,14.0,0.0,47.5,1,None
2023-01-22 07:00:00,Maharashtra,Western Region,329.42,320.5,6069.9,5986.3,37.85,28.28,43.14,16.1,0.0,37.5,1,None
2023-01-22 08:00:00,Maharashtra,Western Region,350.23,349.08,6451.7,6340.6,62.08,16.4,54.58,19.6,0.0,60.8,1,None
2023-01-22 09:00:00,Maharashtra,Western Region,388.58,386.02,7177.8,7071.8,79.4,30.75,48.91,19.8,0.0,38.0,1,None
2023-01-22 10:00:00,Maharashtra,Western Region,407.14,398.2,7529.2,7502.8,94.26,24.97,53.51,21.1,0.0,31.2,1,None
2023-01-22 11:00:00,Maharashtra,Western Region,410.12,400.71,7533.7,7412.0,123.16,9.1,51.67,22.9,0.0,51.7,1,None
2023-01-22 12:00:00,Maharashtra,Western Region,427.26,416.18,7905.0,7897.9,122.17,26.82,42.62,24.0,0.0,43.0,1,None
2023-01-22 13:00:00,Maharashtra,Western Region,375.06,374.85,6879.8,6650.4,113.67,29.83,48.48,21.0,0.0,42.6,1,None
2023-01-22 14:00:00,Maharashtra,Western Region,359.19,357.5,6684.2,6536.0,103.06,23.69,44.09,24.7,0.0,42.3,1,None
2023-01-22 15:00:00,Maharashtra,Western Region,325.51,320.97,6021.5,5977.2,91.67,13.36,48.82,23.4,0.0,52.4,1,None
2023-01-22 16:00:00,Maharashtra,Western Region,340.77,334.81,6369.8,6151.8,58.42,25.77,55.62,21.7,0.0,56.0,1,None
2023-01-22 17:00:00,Maharashtra,Western Region,306.83,306.46,5748.5,5551.6,26.68,40.31,42.48,20.3,0.0,48.9,1,None
2023-01-22 18:00:00,Maharashtra,Western Region,298.02,295.63,5599.7,5427.9,11.37,34.87,49.37,19.2,0.0,35.6,1,None
2023-01-22 19:00:00,Maharashtra,Western Region,303.39,296.64,5672.8,5642.6,0.0,44.0,42.1,19.6,0.0,55.1,1,None
2023-01-22 20:00:00,Maharashtra,Western Region,287.28,283.54,5173.1,5155.9,0.0,46.69,42.68,17.1,0.0,60.6,1,None
2023-01-22 21:00:00,Maharashtra,Western Region,316.94,309.77,5794.7,5775.0,0.0,43.74,65.83,16.6,0.0,56.1,1,None
2023-01-22 22:00:00,Maharashtra,Western Region,304.56,296.33,5587.3,5503.0,0.0,53.62,62.93,16.6,0.0,43.9,1,None
2023-01-22 23:00:00,Maharashtra,Western Region,288.13,283.11,5350.4,5247.1,0.0,46.9,43.05,17.4,0.0,42.7,1,None
2023-01-23 00:00:00,Maharashtra,Western Region,335.0,332.76,6149.4,6069.1,0.0,53.84,43.67,12.7,0.0,52.7,0,None
2023-01-23 01:00:00,Maharashtra,Western Region,289.61,282.76,5414.3,5249.5,0.0,40.1,45.27,15.4,0.0,47.0,0,None
2023-01-23 02:00:00,Maharashtra,Western Region,277.42,270.32,5158.6,4985.2,0.0,47.33,51.46,13.0,0.0,32.2,0,None
2023-01-23 03:00:00,Maharashtra,Western Region,252.93,248.38,4708.1,4698.1,0.0,37.66,41.33,14.9,0.5,55.2,0,None
2023-01-23 04:00:00,Maharashtra,Western Region,250.72,249.59,4610.6,4479.5,0.0,46.42,53.29,16.6,0.0,41.1,0,None
2023-01-23 05:00:00,Maharashtra,Western Region,289.45,280.88,5380.7,5282.1,0.0,44.66,50.67,15.4,0.0,35.6,0,None
2023-01-23 06:00:00,Maharashtra,Western Region,337.58,328.97,6192.9,6161.3,0.17,50.97,49.47,15.9,0.0,20.0,0,None
2023-01-23 07:00:00,Maharashtra,Western Region,331.62,329.67,6170.0,6125.0,32.85,24.79,50.2,17.7,0.0,36.3,0,None
2023-01-23 08:00:00,Maharashtra,Western Region,429.31,417.58,7997.4,7951.4,57.23,30.56,61.99,18.0,0.0,48.3,0,None
2023-01-23 09:00:00,Maharashtra,Western Region,416.76,414.12,7774.1,7535.8,83.0,20.12,51.77,18.7,0.0,49.7,0,None
2023-01-23 10:00:00,Maharashtra,Western Region,448.93,437.63,8356.7,8057.8,105.23,30.2,48.8,18.1,0.0,50.4,0,None
2023-01-23 11:00:00,Maharashtra,Western Region,436.44,434.45,8113.3,7948.8,116.04,25.68,50.12,22.0,0.0,55.9,0,None
2023-01-23 12:00:00,Maharashtra,Western Region,429.38,423.88,7980.1,7816.2,118.3,29.33,49.39,19.8,0.0,20.0,0,None
2023-01-23 13:00:00,Maharashtra,Western Region,435.25,426.2,7988.9,7680.6,114.36,19.59,51.59,20.9,0.0,39.1,0,None
2023-01-23 14:00:00,Maharashtra,Western Region,413.92,404.71,7644.4,7570.9,100.17,5.66,49.4,22.7,0.0,29.4,0,None
2023-01-23 15:00:00,Maharashtra,Western Region,359.48,356.7,6665.4,6412.7,80.2,18.99,56.93,19.5,0.3,50.3,0,None
2023-01-23 16:00:00,Maharashtra,Western Region,355.18,345.87,6569.4,6328.2,66.6,20.5,53.77,20.9,0.0,48.3,0,None
2023-01-23 17:00:00,Maharashtra,Western Region,363.38,363.26,6786.6,6587.1,32.26,17.46,51.99,18.8,0.0,44.5,0,None
2023-01-23 18:00:00,Maharashtra,Western Region,347.79,338.93,6392.4,6330.1,2.94,39.96,38.53,19.4,0.0,46.2,0,None
2023-01-23 19:00:00,Maharashtra,Western Region,355.58,351.71,6570.4,6402.6,0.0,39.49,54.11,16.9,0.1,38.5,0,None
2023-01-23 20:00:00,Maharashtra,Western Region,350.06,349.49,6535.2,6286.9,0.0,46.33,64.03,20.1,0.0,40.5,0,None
2023-01-23 21:00:00,Maharashtra,Western Region,339.32,331.67,6209.2,6082.3,0.0,48.93,47.15,20.5,0.0,39.6,0,None
2023-01-23 22:00:00,Maharashtra,Western Region,364.01,362.22,6888.0,6767.2,0.0,47.7,46.79,14.9,0.0,46.5,0,None
2023-01-23 23:00:00,Maharashtra,Western Region,331.29,322.51,6158.1,5985.0,0.0,45.54,41.96,17.2,0.0,41.4,0,None
2023-01-24 00:00:00,Maharashtra,Western Region,312.18,304.27,5807.0,5623.3,0.0,60.99,51.03,15.5,0.0,53.0,0,None
2023-01-24 01:00:00,Maharashtra,Western Region,296.19,288.11,5428.9,5222.9,0.0,46.11,51.36,13.4,0.0,46.6,0,None
2023-01-24 02:00:00,Maharashtra,Western Region,260.41,258.87,4798.0,4677.7,0.0,47.91,57.25,11.5,0.0,36.5,0,None
2023-01-24 03:00:00,Maharashtra,Western Region,236.16,229.82,4324.2,4321.8,0.0,42.05,47.02,12.6,0.0,48.0,0,None
2023-01-24 04:00:00,Maharashtra,Western Region,262.61,256.11,4911.4,4841.5,0.0,53.1,50.68,15.0,0.0,40.9,0,None
2023-01-24 05:00:00,Maharashtra,Western Region,283.1,281.04,5180.4,5138.4,0.0,41.81,59.98,14.6,0.0,52.1,0,None
2023-01-24 06:00:00,Maharashtra,Western Region,309.37,305.19,5711.0,5624.1,1.19,30.98,43.96,16.5,0.0,41.4,0,None
2023-01-24 07:00:00,Maharashtra,Western Region,329.0,322.58,6196.8,6110.7,31.07,40.96,55.9,18.4,0.0,48.8,0,None
2023-01-24 08:00:00,Maharashtra,Western Region,421.83,418.21,7822.1,7574.1,53.33,31.41,47.26,19.8,0.0,39.1,0,None
2023-01-24 09:00:00,Maharashtra,Western Region,423.77,423.16,7879.8,7842.4,84.6,28.42,48.09,20.6,0.0,46.6,0,None
2023-01-24 10:00:00,Maharashtra,Western Region,453.47,450.45,8247.7,8043.9,102.74,30.28,45.87,19.4,0.0,39.8,0,None
2023-01-24 11:00:00,Maharashtra,Western Region,440.76,436.41,8107.7,8086.1,122.8,21.44,52.34,17.7,0.0,37.4,0,None
2023-01-24 12:00:00,Maharashtra,Western Region,505.99,496.27,9392.1,9047.0,128.18,20.67,47.99,20.0,0.0,49.5,0,None
2023-01-24 13:00:00,Maharashtra,Western Region,424.78,414.18,7849.8,7625.7,119.47,45.41,54.85,20.5,0.0,25.8,0,None
2023-01-24 14:00:00,Maharashtra,Western Region,405.67,405.43,7488.6,7367.7,97.55,19.52,57.37,20.0,0.0,50.9,0,None
2023-01-24 15:00:00,Maharashtra,Western Region,386.28,375.44,7066.5,6916.6,74.33,40.73,50.93,21.0,0.0,45.2,0,None
2023-01-24 16:00:00,Maharashtra,Western Region,366.74,359.46,6834.1,6816.5,53.83,27.61,42.43,21.1,0.0,63.2,0,None
2023-01-24 17:00:00,Maharashtra,Western Region,354.03,346.38,6507.5,6354.9,41.98,25.62,59.74,21.2,0.0,52.2,0,None
2023-01-24 18:00:00,Maharashtra,Western Region,336.43,334.99,6128.6,6051.2,5.36,34.88,39.19,20.2,0.0,51.6,0,None
2023-01-24 19:00:00,Maharashtra,Western Region,360.64,350.34,6672.8,6499.9,0.0,29.15,43.27,18.7,0.0,47.3,0,None
2023-01-24 20:00:00,Maharashtra,Western Region,359.28,353.95,6658.0,6654.9,0.0,27.28,42.5,17.5,0.0,53.4,0,None
2023-01-24 21:00:00,Maharashtra,Western Region,375.63,372.49,6871.4,6855.3,0.0,36.18,48.68,15.9,0.0,44.6,0,None
2023-01-24 22:00:00,Maharashtra,Western Region,327.57,317.95,6071.1,6003.8,0.0,61.93,62.33,16.1,0.0,53.3,0,None
2023-01-24 23:00:00,Maharashtra,Western Region,338.22,336.61,6221.4,6220.6,0.0,49.35,53.03,15.3,0.0,41.6,0,None
2023-01-25 00:00:00,Maharashtra,Western Region,320.41,314.14,5922.5,5748.4,0.0,53.62,42.74,11.8,0.0,39.4,0,None
2023-01-25 01:00:00,Maharashtra,Western Region,295.78,292.65,5497.0,5490.2,0.0,43.35,50.41,14.6,0.0,46.0,0,None
2023-01-25 02:00:00,Maharashtra,Western Region,259.2,255.18,4745.4,4673.8,0.0,48.59,43.85,14.6,0.0,46.6,0,None
2023-01-25 03:00:00,Maharashtra,Western Region,218.29,214.43,4079.2,3951.6,0.0,58.99,46.46,15.1,0.0,44.9,0,None
2023-01-25 04:00:00,Maharashtra,Western Region,253.25,245.73,4643.6,4473.6,0.0,37.3,53.66,14.1,0.0,44.4,0,None
2023-01-25 05:00:00,Maharashtra,Western Region,276.58,272.5,5139.4,4981.7,0.0,42.37,55.06,16.1,0.0,50.3,0,None
2023-01-25 06:00:00,Maharashtra,Western Region,299.59,292.28,5594.1,5494.4,0.0,30.54,53.79,16.7,0.0,50.8,0,None
2023-01-25 07:00:00,Maharashtra,Western Region,368.97,368.61,6799.5,6600.6,25.17,49.32,44.89,16.4,0.0,51.4,0,None
2023-01-25 08:00:00,Maharashtra,Western Region,399.15,393.42,7379.7,7309.2,54.16,27.57,38.41,16.7,0.0,44.9,0,None
2023-01-25 09:00:00,Maharashtra,Western Region,443.86,432.61,8147.7,7937.9,91.87,18.26,43.23,19.1,0.0,37.9,0,None
2023-01-25 10:00:00,Maharashtra,Western Region,467.77,457.54,8705.8,8664.6,111.69,6.05,52.76,20.8,0.0,59.4,0,None
2023-01-25 11:00:00,Maharashtra,Western Region,480.53,472.66,8860.2,8612.7,112.8,15.43,49.75,17.9,0.0,47.0,0,None
2023-01-25 12:00:00,Maharashtra,Western Region,458.44,452.69,8600.2,8382.1,117.07,17.21,51.58,23.0,0.0,42.3,0,None
2023-01-25 13:00:00,Maharashtra,Western Region,434.87,433.17,8065.1,7989.0,122.85,21.37,43.53,23.1,0.0,45.8,0,None
2023-01-25 14:00:00,Maharashtra,Western Region,413.29,405.93,7792.6,7736.0,104.08,3.37,46.55,22.4,0.0,40.9,0,None
2023-01-25 15:00:00,Maharashtra,Western Region,364.47,360.82,6729.8,6601.8,82.49,38.85,53.04,20.3,0.0,48.5,0,None
2023-01-25 16:00:00,Maharashtra,Western Region,354.73,352.54,6611.1,6417.4,56.02,28.84,59.49,19.4,0.0,54.6,0,None
2023-01-25 17:00:00,Maharashtra,Western Region,333.8,326.18,6148.4,6005.3,30.07,37.67,52.54,20.8,0.0,52.0,0,None
2023-01-25 18:00:00,Maharashtra,Western Region,335.16,332.61,6214.1,6048.1,3.06,21.19,38.15,18.8,0.0,35.9,0,None
2023-01-25 19:00:00,Maharashtra,Western Region,341.78,334.05,6341.0,6151.6,0.0,42.58,56.55,19.7,0.0,39.7,0,None
2023-01-25 20:00:00,Maharashtra,Western Region,347.95,340.74,6363.6,6247.4,0.0,63.2,53.09,19.5,0.0,55.3,0,None
2023-01-25 21:00:00,Maharashtra,Western Region,378.35,374.51,7055.5,6856.5,0.0,36.97,59.71,15.1,0.0,50.4,0,None
2023-01-25 22:00:00,Maharashtra,Western Region,331.68,329.87,6140.1,6057.0,0.0,51.64,47.69,15.2,0.0,57.6,0,None
2023-01-25 23:00:00,Maharashtra,Western Region,346.79,337.32,6340.6,6160.8,0.0,41.65,48.46,16.3,0.0,51.1,0,None
2023-01-26 00:00:00,Maharashtra,Western Region,270.22,262.84,4923.6,4910.5,0.0,59.87,48.44,14.0,0.0,42.8,1,Republic Day
2023-01-26 01:00:00,Maharashtra,Western Region,256.2,252.18,4659.2,4576.8,0.0,45.88,56.51,13.8,0.0,37.1,1,Republic Day
2023-01-26 02:00:00,Maharashtra,Western Region,252.35,252.34,4618.2,4463.0,0.0,45.95,51.54,13.0,0.3,40.7,1,Republic Day
2023-01-26 03:00:00,Maharashtra,Western Region,220.97,216.52,4035.3,3943.3,0.0,39.19,52.61,12.7,0.0,40.9,1,Republic Day
2023-01-26 04:00:00,Maharashtra,Western Region,187.53,184.73,3526.1,3508.4,0.0,35.31,48.35,15.2,0.0,53.0,1,Republic Day
2023-01-26 05:00:00,Maharashtra,Western Region,227.32,222.66,4115.1,4108.8,0.0,48.18,45.03,13.8,0.0,46.3,1,Republic Day
2023-01-26 06:00:00,Maharashtra,Western Region,299.87,297.53,5532.4,5405.4,0.0,33.48,41.02,15.6,0.0,40.0,1,Republic Day
2023-01-26 07:00:00,Maharashtra,Western Region,320.73,320.08,5955.1,5831.8,30.5,42.65,47.83,15.1,0.0,36.0,1,Republic Day
2023-01-26 08:00:00,Maharashtra,Western Region,342.23,338.9,6300.3,6150.4,60.1,32.37,46.66,19.1,0.0,48.6,1,Republic Day
2023-01-26 09:00:00,Maharashtra,Western Region,392.17,391.79,7188.6,7073.3,82.85,16.15,43.53,20.3,0.0,45.2,1,Republic Day
2023-01-26 10:00:00,Maharashtra,Western Region,392.33,385.18,7273.7,7035.0,96.54,23.93,54.4,16.7,0.0,53.7,1,Republic Day
2023-01-26 11:00:00,Maharashtra,Western Region,408.57,401.64,7532.2,7462.5,116.95,14.73,55.45,21.6,0.0,45.7,1,Republic Day
2023-01-26 12:00:00,Maharashtra,Western Region,396.92,386.79,7284.1,7141.3,116.15,16.94,38.14,20.7,0.0,52.0,1,Republic Day
2023-01-26 13:00:00,Maharashtra,Western Region,378.68,369.59,7010.9,6804.1,115.06,1.26,41.26,23.3,0.0,44.3,1,Republic Day
2023-01-26 14:00:00,Maharashtra,Western Region,350.25,342.81,6448.0,6234.6,105.72,24.74,49.64,21.5,0.0,48.3,1,Republic Day
2023-01-26 15:00:00,Maharashtra,Western Region,351.77,341.63,6593.0,6513.4,88.25,23.29,62.0,23.0,0.0,43.2,1,Republic Day
2023-01-26 16:00:00,Maharashtra,Western Region,315.7,309.23,5873.4,5818.5,65.43,19.21,48.78,19.8,0.0,33.7,1,Republic Day
2023-01-26 17:00:00,Maharashtra,Western Region,298.38,296.26,5501.4,5475.5,33.0,37.73,50.52,17.9,0.0,44.8,1,Republic Day
2023-01-26 18:00:00,Maharashtra,Western Region,322.59,322.16,6019.7,5906.9,0.0,39.96,37.21,19.2,0.9,24.0,1,Republic Day
2023-01-26 19:00:00,Maharashtra,Western Region,301.83,298.76,5634.9,5515.6,0.0,33.19,47.69,19.8,0.0,44.1,1,Republic Day
2023-01-26 20:00:00,Maharashtra,Western Region,334.89,333.16,6175.1,6118.6,0.0,52.16,36.53,18.6,0.0,34.8,1,Republic Day
2023-01-26 21:00:00,Maharashtra,Western Region,293.74,286.31,5307.6,5101.9,0.0,41.74,55.05,18.1,0.0,45.5,1,Republic Day
2023-01-26 22:00:00,Maharashtra,Western Region,311.64,308.1,5798.9,5575.9,0.0,62.38,55.15,15.7,0.0,43.9,1,Republic Day
2023-01-26 23:00:00,Maharashtra,Western Region,284.2,277.81,5224.6,5184.0,0.0,39.57,40.98,15.8,0.0,41.7,1,Republic Day
2023-01-27 00:00:00,Maharashtra,Western Region,315.86,313.47,5811.2,5706.8,0.0,46.93,53.25,13.3,0.0,40.1,0,None
2023-01-27 01:00:00,Maharashtra,Western Region,260.81,257.57,4872.6,4792.1,0.0,41.04,47.88,14.8,0.0,55.4,0,None
2023-01-27 02:00:00,Maharashtra,Western Region,266.65,261.81,4965.5,4895.2,0.0,61.58,36.11,15.8,0.0,43.4,0,None
2023-01-27 03:00:00,Maharashtra,Western Region,248.1,244.26,4592.3,4498.7,0.0,54.04,49.78,16.3,0.1,39.1,0,None
2023-01-27 04:00:00,Maharashtra,Western Region,266.55,259.6,4965.8,4886.5,0.0,42.75,54.14,14.9,0.0,42.9,0,None
2023-01-27 05:00:00,Maharashtra,Western Region,305.02,296.55,5588.7,5477.8,0.0,35.06,43.26,15.2,0.0,40.7,0,None
2023-01-27 06:00:00,Maharashtra,Western Region,299.88,294.78,5657.2,5435.1,8.22,38.13,57.01,16.4,0.0,34.8,0,None
2023-01-27 07:00:00,Maharashtra,Western Region,354.7,350.36,6517.7,6474.8,38.76,32.91,53.01,16.6,0.0,54.5,0,None
2023-01-27 08:00:00,Maharashtra,Western Region,419.76,412.31,7769.4,7740.8,58.93,35.26,52.51,15.8,0.0,50.5,0,None
2023-01-27 09:00:00,Maharashtra,Western Region,444.55,437.64,8272.7,7965.1,93.69,25.15,43.71,17.0,0.0,50.3,0,None
2023-01-27 10:00:00,Maharashtra,Western Region,471.52,464.26,8753.7,8622.8,102.32,7.77,44.36,18.6,0.0,35.5,0,None
2023-01-27 11:00:00,Maharashtra,Western Region,474.31,470.33,8769.2,8682.8,117.75,23.32,47.18,21.4,0.0,38.5,0,None
2023-01-27 12:00:00,Maharashtra,Western Region,452.38,445.84,8272.5,8133.8,118.3,21.85,54.72,21.0,0.0,33.3,0,None
2023-01-27 13:00:00,Maharashtra,Western Region,412.27,402.89,7612.2,7454.8,123.75,29.09,56.07,21.3,0.0,40.1,0,None
2023-01-27 14:00:00,Maharashtra,Western Region,386.09,377.21,7211.9,7145.9,103.65,14.63,50.04,21.6,0.0,52.0,0,None
2023-01-27 15:00:00,Maharashtra,Western Region,399.57,389.7,7215.1,7161.1,91.52,33.83,62.42,21.2,0.0,31.2,0,None
2023-01-27 16:00:00,Maharashtra,Western Region,360.09,359.38,6632.8,6475.4,55.24,24.77,43.96,19.8,0.0,46.0,0,None
2023-01-27 17:00:00,Maharashtra,Western Region,330.56,326.71,6116.9,6010.6,28.57,26.83,45.46,19.7,0.0,55.0,0,None
2023-01-27 18:00:00,Maharashtra,Western Region,355.59,345.02,6548.9,6429.4,0.0,29.04,49.37,20.4,0.0,46.1,0,None
2023-01-27 19:00:00,Maharashtra,Western Region,362.77,356.61,6715.6,6523.4,0.0,22.2,52.24,18.9,0.0,42.3,0,None
2023-01-27 20:00:00,Maharashtra,Western Region,358.53,356.95,6621.9,6596.5,0.0,39.73,52.37,16.4,0.0,46.0,0,None
2023-01-27 21:00:00,Maharashtra,Western Region,349.68,341.19,6446.7,6313.9,0.0,30.37,40.26,17.5,0.0,49.4,0,None
2023-01-27 22:00:00,Maharashtra,Western Region,367.16,360.88,6773.5,6528.2,0.0,39.14,49.13,14.2,0.0,34.1,0,None
2023-01-27 23:00:00,Maharashtra,Western Region,339.04,334.0,6183.8,6171.0,0.0,60.79,42.53,16.2,0.0,49.6,0,None
2023-01-28 00:00:00,Maharashtra,Western Region,294.01,286.61,5325.7,5248.9,0.0,56.04,49.89,15.1,0.0,48.9,0,None
2023-01-28 01:00:00,Maharashtra,Western Region,274.41,266.43,5078.1,4936.6,0.0,41.15,55.8,13.8,0.0,43.4,0,None
2023-01-28 02:00:00,Maharashtra,Western Region,249.76,245.58,4542.7,4488.7,0.0,46.5,50.64,14.8,0.0,40.3,0,None
2023-01-28 03:00:00,Maharashtra,Western Region,234.22,233.25,4334.5,4222.2,0.0,38.92,41.54,18.4,0.0,50.6,0,None
2023-01-28 04:00:00,Maharashtra,Western Region,255.81,253.46,4873.3,4730.6,0.0,32.3,49.17,15.6,0.0,51.8,0,None
2023-01-28 05:00:00,Maharashtra,Western Region,300.81,292.17,5719.9,5529.6,0.0,18.83,48.97,11.6,0.0,32.0,0,None
2023-01-28 06:00:00,Maharashtra,Western Region,280.99,276.72,5180.3,5093.1,3.48,44.42,50.82,15.6,0.0,48.0,0,None
2023-01-28 07:00:00,Maharashtra,Western Region,337.69,331.64,6206.5,6065.2,26.33,33.2,50.32,18.6,0.0,56.5,0,None
2023-01-28 08:00:00,Maharashtra,Western Region,397.26,395.0,7351.0,7214.7,62.99,22.72,39.95,18.3,0.0,59.7,0,None
2023-01-28 09:00:00,Maharashtra,Western Region,465.78,457.46,8555.5,8442.4,86.42,29.72,54.04,18.7,0.0,44.0,0,None
2023-01-28 10:00:00,Maharashtra,Western Region,508.28,497.68,9353.5,9047.4,113.25,27.78,46.73,19.1,0.0,33.3,0,None
2023-01-28 11:00:00,Maharashtra,Western Region,434.31,426.07,8019.7,7911.8,111.38,33.09,44.59,21.2,0.0,41.2,0,None
2023-01-28 12:00:00,Maharashtra,Western Region,450.91,441.16,8306.9,8017.0,124.8,15.47,46.4,20.5,0.0,35.1,0,None
2023-01-28 13:00:00,Maharashtra,Western Region,464.01,453.65,8543.3,8384.9,109.11,30.33,52.93,20.9,0.0,46.7,0,None
2023-01-28 14:00:00,Maharashtra,Western Region,397.21,391.01,7306.7,7121.8,101.69,10.18,60.03,22.5,0.0,31.8,0,None
2023-01-28 15:00:00,Maharashtra,Western Region,403.89,395.82,7473.8,7293.9,90.36,21.35,57.14,21.5,0.0,50.7,0,None
2023-01-28 16:00:00,Maharashtra,Western Region,356.62,351.23,6542.6,6386.5,59.82,11.58,45.95,23.1,1.0,61.7,0,None
2023-01-28 17:00:00,Maharashtra,Western Region,334.88,328.22,6249.7,6019.3,37.35,34.37,48.59,19.7,0.0,59.2,0,None
2023-01-28 18:00:00,Maharashtra,Western Region,344.66,337.7,6406.6,6305.8,0.0,36.3,43.62,20.3,0.0,50.2,0,None
2023-01-28 19:00:00,Maharashtra,Western Region,351.54,346.9,6387.8,6318.5,0.0,31.15,45.22,19.4,0.0,37.8,0,None
2023-01-28 20:00:00,Maharashtra,Western Region,348.36,339.16,6434.5,6234.9,0.0,59.2,54.25,19.8,0.0,32.4,0,None
2023-01-28 21:00:00,Maharashtra,Western Region,326.71,318.79,5969.4,5745.2,0.0,40.8,57.0,18.8,0.0,45.0,0,None
2023-01-28 22:00:00,Maharashtra,Western Region,356.75,350.42,6605.8,6516.5,0.0,53.61,46.83,16.2,0.0,45.2,0,None
2023-01-28 23:00:00,Maharashtra,Western Region,340.21,337.51,6300.2,6215.5,0.0,49.77,41.75,18.5,0.0,40.2,0,None
2023-01-29 00:00:00,Maharashtra,Western Region,256.76,254.81,4757.1,4568.4,0.0,49.13,47.73,15.0,0.0,40.3,1,None
2023-01-29 01:00:00,Maharashtra,Western Region,233.87,226.86,4407.8,4252.7,0.0,51.41,52.92,14.6,0.0,35.4,1,None
2023-01-29 02:00:00,Maharashtra,Western Region,222.79,222.09,4159.3,4012.5,0.0,49.31,60.48,17.0,0.0,48.1,1,None
2023-01-29 03:00:00,Maharashtra,Western Region,230.03,224.43,4194.7,4131.7,0.0,52.51,51.03,15.5,0.0,35.2,1,None
2023-01-29 04:00:00,Maharashtra,Western Region,202.77,201.22,3723.8,3719.5,0.0,31.02,46.52,12.9,0.0,40.0,1,None
2023-01-29 05:00:00,Maharashtra,Western Region,268.43,267.54,4975.7,4864.3,0.0,42.71,44.83,16.8,0.0,43.5,1,None
2023-01-29 06:00:00,Maharashtra,Western Region,270.23,267.18,4901.0,4790.9,0.0,42.74,49.34,16.4,0.0,48.2,1,None
2023-01-29 07:00:00,Maharashtra,Western Region,334.24,324.94,6098.7,5890.7,28.5,19.7,50.42,16.1,0.0,39.2,1,None
2023-01-29 08:00:00,Maharashtra,Western Region,352.67,348.67,6524.5,6356.8,58.61,43.93,47.87,19.2,0.0,51.5,1,None
2023-01-29 09:00:00,Maharashtra,Western Region,391.63,390.25,7320.2,7181.9,78.14,21.49,55.13,21.3,0.0,51.9,1,None
2023-01-29 10:00:00,Maharashtra,Western Region,408.06,405.22,7507.3,7299.0,115.53,26.84,44.55,24.0,0.0,49.8,1,None
2023-01-29 11:00:00,Maharashtra,Western Region,440.3,431.63,8107.0,7872.6,118.58,21.99,52.72,22.5,0.0,42.3,1,None
2023-01-29 12:00:00,Maharashtra,Western Region,407.49,395.67,7473.7,7308.5,127.74,22.56,57.33,19.5,0.0,55.7,1,None
2023-01-29 13:00:00,Maharashtra,Western Region,395.55,390.12,7311.6,7173.4,115.71,23.7,51.47,20.9,0.0,47.1,1,None
2023-01-29 14:00:00,Maharashtra,Western Region,364.53,361.64,6726.6,6618.8,100.98,23.85,43.2,23.1,0.0,46.8,1,None
2023-01-29 15:00:00,Maharashtra,Western Region,323.25,317.68,5999.4,5818.7,81.22,16.76,52.72,19.1,0.0,49.3,1,None
2023-01-29 16:00:00,Maharashtra,Western Region,319.4,313.57,5956.4,5867.0,59.43,28.68,45.43,20.2,0.0,52.1,1,None
2023-01-29 17:00:00,Maharashtra,Western Region,291.43,285.52,5433.2,5288.5,23.78,31.38,60.9,22.7,0.0,38.5,1,None
2023-01-29 18:00:00,Maharashtra,Western Region,315.08,308.86,5895.4,5711.3,0.0,34.63,49.9,20.0,0.0,45.2,1,None
2023-01-29 19:00:00,Maharashtra,Western Region,298.76,292.16,5563.3,5397.9,0.0,31.81,47.07,22.3,0.0,60.1,1,None
2023-01-29 20:00:00,Maharashtra,Western Region,324.24,317.96,5932.7,5868.1,0.0,39.49,50.86,18.7,0.0,33.1,1,None
2023-01-29 21:00:00,Maharashtra,Western Region,306.7,298.37,5654.9,5475.3,0.0,44.37,54.27,14.3,0.0,54.1,1,None
2023-01-29 22:00:00,Maharashtra,Western Region,322.42,318.24,5928.4,5801.5,0.0,40.48,55.78,14.0,0.0,62.9,1,None
2023-01-29 23:00:00,Maharashtra,Western Region,300.26,291.38,5609.0,5561.9,0.0,58.83,43.76,15.0,0.0,48.3,1,None
2023-01-30 00:00:00,Maharashtra,Western Region,314.34,306.2,5741.5,5735.3,0.0,34.87,41.42,12.9,0.0,44.7,0,None
2023-01-30 01:00:00,Maharashtra,Western Region,289.18,285.22,5291.7,5217.0,0.0,40.71,50.53,15.7,0.0,40.6,0,None
2023-01-30 02:00:00,Maharashtra,Western Region,227.32,222.66,4151.1,4068.7,0.0,33.1,47.14,16.4,0.0,62.3,0,None
2023-01-30 03:00:00,Maharashtra,Western Region,260.28,256.3,4841.2,4759.3,0.0,56.57,52.8,13.7,0.0,42.9,0,None
2023-01-30 04:00:00,Maharashtra,Western Region,249.02,244.5,4659.1,4549.7,0.0,35.5,51.75,14.0,0.0,39.2,0,None
2023-01-30 05:00:00,Maharashtra,Western Region,281.32,273.84,5292.8,5231.8,0.0,39.3,45.46,15.1,0.1,39.9,0,None
2023-01-30 06:00:00,Maharashtra,Western Region,304.4,296.38,5589.4,5479.8,2.49,39.04,58.44,14.4,0.0,40.2,0,None
2023-01-30 07:00:00,Maharashtra,Western Region,370.93,366.76,6875.5,6677.2,38.01,20.36,43.98,14.3,0.0,53.7,0,None
2023-01-30 08:00:00,Maharashtra,Western Region,394.72,383.34,7315.5,7280.1,60.7,43.78,52.15,18.2,0.0,40.2,0,None
2023-01-30 09:00:00,Maharashtra,Western Region,437.34,437.11,8038.8,8008.5,82.84,25.07,55.46,17.9,0.0,41.9,0,None
2023-01-30 10:00:00,Maharashtra,Western Region,450.6,439.93,8368.1,8263.8,104.21,28.49,55.4,20.6,0.0,35.3,0,None
2023-01-30 11:00:00,Maharashtra,Western Region,477.79,472.84,8801.4,8560.2,114.7,32.25,53.03,20.4,0.0,33.4,0,None
2023-01-30 12:00:00,Maharashtra,Western Region,465.37,461.0,8581.8,8271.4,117.07,27.05,49.42,20.1,0.0,42.2,0,None
2023-01-30 13:00:00,Maharashtra,Western Region,437.93,435.82,8205.4,7949.8,111.86,27.37,49.59,22.1,0.0,51.2,0,None
2023-01-30 14:00:00,Maharashtra,Western Region,408.19,406.25,7600.3,7539.9,107.5,15.47,63.23,20.8,0.0,53.8,0,None
2023-01-30 15:00:00,Maharashtra,Western Region,381.98,374.57,7002.5,6753.0,82.27,29.35,58.35,19.7,0.0,41.2,0,None
2023-01-30 16:00:00,Maharashtra,Western Region,352.89,343.37,6618.8,6541.4,60.42,24.28,55.58,22.5,0.0,44.1,0,None
2023-01-30 17:00:00,Maharashtra,Western Region,332.71,329.03,6154.5,5990.4,25.21,25.35,66.68,22.3,0.0,50.0,0,None
2023-01-30 18:00:00,Maharashtra,Western Region,360.02,351.92,6685.7,6581.3,0.0,47.59,46.55,19.5,0.0,62.2,0,None
2023-01-30 19:00:00,Maharashtra,Western Region,358.02,354.62,6614.0,6524.2,0.0,32.32,47.44,16.3,0.0,54.5,0,None
2023-01-30 20:00:00,Maharashtra,Western Region,351.88,347.5,6442.9,6395.5,0.0,42.73,52.59,17.7,0.0,53.8,0,None
2023-01-30 21:00:00,Maharashtra,Western Region,342.99,342.72,6345.1,6259.7,0.0,52.35,54.53,15.1,0.0,48.5,0,None
2023-01-30 22:00:00,Maharashtra,Western Region,343.1,339.28,6360.4,6136.0,0.0,42.64,46.85,13.6,0.0,39.7,0,None
2023-01-30 23:00:00,Maharashtra,Western Region,355.77,349.08,6585.9,6502.0,0.0,55.39,45.76,13.2,0.1,52.4,0,None
2023-01-31 00:00:00,Maharashtra,Western Region,318.79,315.39,5863.6,5716.8,0.0,35.57,51.99,14.3,0.0,39.9,0,None
2023-01-31 01:00:00,Maharashtra,Western Region,287.36,282.06,5273.1,5147.0,0.0,51.31,40.11,14.9,0.0,43.2,0,None
2023-01-31 02:00:00,Maharashtra,Western Region,261.83,257.4,4827.5,4672.0,0.0,36.14,41.96,13.7,0.0,36.9,0,None
2023-01-31 03:00:00,Maharashtra,Western Region,228.32,226.47,4184.8,4024.2,0.0,53.26,41.62,14.9,0.0,49.2,0,None
2023-01-31 04:00:00,Maharashtra,Western Region,250.86,245.86,4689.4,4540.7,0.0,24.48,52.02,13.9,0.0,40.2,0,None
2023-01-31 05:00:00,Maharashtra,Western Region,297.24,291.69,5492.0,5418.2,0.0,43.82,39.91,12.9,0.0,37.0,0,None
2023-01-31 06:00:00,Maharashtra,Western Region,308.01,298.92,5594.6,5484.2,0.0,31.14,53.18,15.2,0.0,42.0,0,None
2023-01-31 07:00:00,Maharashtra,Western Region,345.74,341.09,6433.9,6269.1,34.14,36.02,52.31,18.5,0.0,30.4,0,None
2023-01-31 08:00:00,Maharashtra,Western Region,418.71,407.37,7837.2,7772.2,58.86,16.24,52.41,18.4,0.0,37.0,0,None
2023-01-31 09:00:00,Maharashtra,Western Region,422.65,417.46,7852.0,7824.7,86.76,10.44,44.47,19.7,0.0,36.8,0,None
2023-01-31 10:00:00,Maharashtra,Western Region,485.74,480.08,8934.3,8615.5,110.27,25.94,42.66,18.1,0.0,59.3,0,None
2023-01-31 11:00:00,Maharashtra,Western Region,443.38,430.43,8131.9,7915.8,112.39,21.06,60.2,22.8,0.0,46.2,0,None
2023-01-31 12:00:00,Maharashtra,Western Region,448.73,448.32,8279.0,8010.5,118.3,19.67,50.12,22.8,0.0,31.1,0,None
2023-01-31 13:00:00,Maharashtra,Western Region,444.76,434.87,8255.6,8159.4,118.21,18.73,50.41,22.2,0.0,49.6,0,None
2023-01-31 14:00:00,Maharashtra,Western Region,405.61,393.8,7426.1,7217.8,105.32,0.61,39.49,21.2,0.0,41.1,0,None
2023-01-31 15:00:00,Maharashtra,Western Region,365.61,359.48,6796.5,6542.3,87.76,15.58,49.91,24.2,0.0,48.1,0,None
2023-01-31 16:00:00,Maharashtra,Western Region,380.4,378.15,7108.3,6955.5,59.46,36.4,54.11,21.3,0.0,46.0,0,None
2023-01-31 17:00:00,Maharashtra,Western Region,328.86,323.61,6094.9,6087.1,34.59,35.78,53.1,20.3,0.0,44.8,0,None
2023-01-31 18:00:00,Maharashtra,Western Region,349.71,342.55,6482.3,6236.4,5.21,38.71,41.71,21.1,0.3,49.7,0,None
2023-01-31 19:00:00,Maharashtra,Western Region,338.75,333.84,6251.4,6198.9,0.0,35.61,48.38,16.3,0.0,48.0,0,None
2023-01-31 20:00:00,Maharashtra,Western Region,334.97,332.39,6104.9,5902.4,0.0,44.65,37.79,20.3,0.0,38.0,0,None
2023-01-31 21:00:00,Maharashtra,Western Region,352.59,349.02,6500.5,6368.3,0.0,33.99,42.26,19.0,0.0,48.2,0,None
2023-01-31 22:00:00,Maharashtra,Western Region,357.75,354.57,6557.1,6520.0,0.0,49.49,55.51,17.0,0.0,38.5,0,None
2023-01-31 23:00:00,Maharashtra,Western Region,355.17,349.36,6573.7,6410.7,0.0,54.3,56.54,18.5,0.0,45.0,0,None
2023-02-01 00:00:00,Maharashtra,Western Region,324.02,314.77,6013.0,5955.4,0.0,49.69,43.46,12.1,0.0,47.9,0,None
2023-02-01 01:00:00,Maharashtra,Western Region,259.99,253.1,4796.0,4716.9,0.0,40.41,47.64,16.3,0.0,46.9,0,None
2023-02-01 02:00:00,Maharashtra,Western Region,251.89,245.9,4611.0,4459.7,0.0,47.66,40.52,13.5,0.0,41.8,0,None
2023-02-01 03:00:00,Maharashtra,Western Region,229.08,226.84,4255.3,4160.2,0.0,60.09,51.54,16.8,0.0,50.0,0,None
2023-02-01 04:00:00,Maharashtra,Western Region,255.56,254.8,4769.5,4768.7,0.0,54.79,51.39,13.5,0.0,34.8,0,None
2023-02-01 05:00:00,Maharashtra,Western Region,266.74,262.29,4940.0,4881.7,0.0,26.17,45.68,14.2,0.0,41.8,0,None
2023-02-01 06:00:00,Maharashtra,Western Region,316.12,313.9,5863.7,5650.6,0.0,36.15,49.49,15.9,0.0,46.9,0,None
2023-02-01 07:00:00,Maharashtra,Western Region,373.03,363.92,6838.5,6651.4,29.48,33.26,54.29,14.6,0.0,45.7,0,None
2023-02-01 08:00:00,Maharashtra,Western Region,385.82,381.79,7108.3,7026.6,56.52,33.7,51.07,18.3,0.0,31.0,0,None
2023-02-01 09:00:00,Maharashtra,Western Region,423.49,412.78,7895.4,7586.7,90.81,23.22,36.68,17.4,0.0,54.3,0,None
2023-02-01 10:00:00,Maharashtra,Western Region,479.84,476.78,8859.9,8697.4,102.47,27.85,51.45,16.4,0.0,56.7,0,None
2023-02-01 11:00:00,Maharashtra,Western Region,484.14,481.3,8903.4,8730.2,121.15,19.86,60.47,19.6,0.0,41.8,0,None
2023-02-01 12:00:00,Maharashtra,Western Region,435.01,430.83,7968.7,7671.3,125.99,22.03,45.79,24.0,0.0,41.0,0,None
2023-02-01 13:00:00,Maharashtra,Western Region,422.08,421.05,7802.5,7576.0,119.97,23.17,67.61,24.0,0.0,48.9,0,None
2023-02-01 14:00:00,Maharashtra,Western Region,411.34,401.13,7585.0,7386.1,96.46,27.29,47.46,23.4,0.0,32.5,0,None
2023-02-01 15:00:00,Maharashtra,Western Region,344.54,343.23,6378.0,6294.0,83.53,27.32,38.35,21.7,0.0,43.6,0,None
2023-02-01 16:00:00,Maharashtra,Western Region,363.73,359.97,6621.3,6467.3,59.02,41.19,64.84,23.9,0.0,51.6,0,None
2023-02-01 17:00:00,Maharashtra,Western Region,360.61,356.72,6660.5,6636.8,19.97,21.77,43.42,21.9,0.0,48.4,0,None
2023-02-01 18:00:00,Maharashtra,Western Region,361.04,357.51,6622.6,6416.4,0.04,40.48,47.47,21.5,0.5,54.6,0,None
2023-02-01 19:00:00,Maharashtra,Western Region,383.74,379.18,7053.8,7005.0,0.0,43.18,53.32,18.9,0.0,41.4,0,None
2023-02-01 20:00:00,Maharashtra,Western Region,358.32,355.3,6622.6,6414.3,0.0,23.7,60.04,15.5,0.0,40.6,0,None
2023-02-01 21:00:00,Maharashtra,Western Region,388.36,379.08,7068.4,6829.7,0.0,31.04,57.13,16.4,0.0,34.6,0,None
2023-02-01 22:00:00,Maharashtra,Western Region,386.18,382.79,7236.0,6997.9,0.0,47.97,46.74,15.7,0.0,53.0,0,None
2023-02-01 23:00:00,Maharashtra,Western Region,317.6,314.84,5854.4,5745.2,0.0,49.43,43.24,16.3,0.0,40.2,0,None
2023-02-02 00:00:00,Maharashtra,Western Region,307.57,300.4,5677.1,5492.7,0.0,57.42,39.38,13.8,0.0,48.7,0,None
2023-02-02 01:00:00,Maharashtra,Western Region,274.93,271.54,5091.3,4983.6,0.0,49.58,48.15,16.9,0.0,38.2,0,None
2023-02-02 02:00:00,Maharashtra,Western Region,253.59,251.64,4605.1,4513.6,0.0,39.03,45.47,15.1,0.0,46.0,0,None
2023-02-02 03:00:00,Maharashtra,Western Region,259.46,258.26,4791.1,4700.2,0.0,53.4,42.5,14.4,0.0,42.7,0,None
2023-02-02 04:00:00,Maharashtra,Western Region,239.04,238.08,4356.1,4308.1,0.0,51.26,45.16,15.6,0.0,47.8,0,None
2023-02-02 05:00:00,Maharashtra,Western Region,273.42,268.94,5100.5,4975.2,0.0,32.22,46.67,13.1,0.0,41.4,0,None
2023-02-02 06:00:00,Maharashtra,Western Region,340.83,335.02,6306.6,6181.7,0.9,28.48,41.14,15.9,0.0,46.7,0,None
2023-02-02 07:00:00,Maharashtra,Western Region,347.83,342.53,6402.8,6151.7,33.31,27.83,53.25,16.0,0.0,35.0,0,None
2023-02-02 08:00:00,Maharashtra,Western Region,403.21,395.93,7433.0,7213.9,62.11,23.77,47.8,18.4,0.0,61.3,0,None
2023-02-02 09:00:00,Maharashtra,Western Region,425.7,423.89,7855.1,7637.9,91.55,30.26,45.66,18.0,0.0,28.1,0,None
2023-02-02 10:00:00,Maharashtra,Western Region,454.91,453.49,8391.0,8190.8,112.68,21.76,51.54,21.2,0.0,60.2,0,None
2023-02-02 11:00:00,Maharashtra,Western Region,469.22,469.11,8595.8,8488.1,110.26,33.22,49.15,23.4,0.0,45.2,0,None
2023-02-02 12:00:00,Maharashtra,Western Region,475.24,470.32,8825.8,8598.9,117.85,9.59,47.43,21.0,0.0,54.2,0,None
2023-02-02 13:00:00,Maharashtra,Western Region,422.22,412.87,7730.8,7527.6,120.4,28.59,42.01,24.3,0.0,30.3,0,None
2023-02-02 14:00:00,Maharashtra,Western Region,411.75,402.39,7628.9,7524.3,117.26,22.79,56.7,24.4,0.0,39.8,0,None
2023-02-02 15:00:00,Maharashtra,Western Region,377.51,367.59,7081.7,6859.1,84.47,20.56,49.82,22.0,0.0,40.4,0,None
2023-02-02 16:00:00,Maharashtra,Western Region,374.41,363.32,6890.7,6771.0,66.75,27.7,51.93,21.6,0.0,39.5,0,None
2023-02-02 17:00:00,Maharashtra,Western Region,331.39,323.58,6056.3,5955.8,37.61,34.25,44.99,23.4,0.0,34.5,0,None
2023-02-02 18:00:00,Maharashtra,Western Region,362.5,355.01,6692.1,6647.1,2.94,42.7,55.68,19.3,0.0,44.5,0,None
2023-02-02 19:00:00,Maharashtra,Western Region,323.33,314.36,5973.6,5952.7,0.0,42.07,54.71,18.3,0.1,45.0,0,None
2023-02-02 20:00:00,Maharashtra,Western Region,373.71,369.55,6928.2,6854.0,0.0,48.72,58.75,18.8,0.0,50.7,0,None
2023-02-02 21:00:00,Maharashtra,Western Region,345.94,340.9,6389.2,6279.5,0.0,48.21,49.79,17.0,0.0,48.5,0,None
2023-02-02 22:00:00,Maharashtra,Western Region,346.08,341.87,6344.6,6122.1,0.0,48.25,48.01,17.9,0.0,40.5,0,None
2023-02-02 23:00:00,Maharashtra,Western Region,319.66,315.91,5878.8,5853.8,0.0,51.51,53.01,15.7,0.0,44.6,0,None
2023-02-03 00:00:00,Maharashtra,Western Region,305.27,304.62,5685.8,5636.1,0.0,42.54,56.02,14.9,0.0,32.4,0,None
2023-02-03 01:00:00,Maharashtra,Western Region,284.73,279.09,5323.4,5291.8,0.0,53.94,50.07,13.5,0.0,32.0,0,None
2023-02-03 02:00:00,Maharashtra,Western Region,284.89,276.44,5368.1,5280.5,0.0,50.59,33.29,11.9,0.0,53.4,0,None
2023-02-03 03:00:00,Maharashtra,Western Region,227.48,222.53,4201.8,4126.9,0.0,58.48,51.42,15.2,0.0,48.9,0,None
2023-02-03 04:00:00,Maharashtra,Western Region,245.73,243.14,4586.0,4404.6,0.0,35.01,57.06,13.4,0.0,54.6,0,None
2023-02-03 05:00:00,Maharashtra,Western Region,279.44,273.17,5139.8,5032.2,0.0,50.73,52.06,18.3,0.0,37.5,0,None
2023-02-03 06:00:00,Maharashtra,Western Region,353.34,346.35,6487.7,6306.3,0.0,49.15,51.2,14.3,0.0,46.1,0,None
2023-02-03 07:00:00,Maharashtra,Western Region,355.79,346.22,6519.2,6485.7,26.67,19.86,48.68,16.9,0.0,66.8,0,None
2023-02-03 08:00:00,Maharashtra,Western Region,370.85,367.63,6814.9,6641.5,59.25,36.27,37.92,19.3,0.0,29.5,0,None
2023-02-03 09:00:00,Maharashtra,Western Region,426.59,426.28,7877.0,7571.4,80.65,29.89,47.39,18.8,0.0,55.0,0,None
2023-02-03 10:00:00,Maharashtra,Western Region,460.58,451.12,8523.6,8378.9,94.25,32.7,50.42,17.5,0.0,55.7,0,None
2023-02-03 11:00:00,Maharashtra,Western Region,477.18,466.49,8802.8,8497.1,113.27,31.34,30.67,19.8,0.0,39.4,0,None
2023-02-03 12:00:00,Maharashtra,Western Region,473.19,469.83,8789.1,8691.6,122.38,1.65,51.82,21.5,0.0,47.5,0,None
2023-02-03 13:00:00,Maharashtra,Western Region,431.45,423.67,7922.4,7628.0,121.75,14.31,44.87,21.0,0.0,36.2,0,None
2023-02-03 14:00:00,Maharashtra,Western Region,426.07,423.41,7787.7,7577.2,103.35,18.89,54.12,25.0,0.0,60.2,0,None
2023-02-03 15:00:00,Maharashtra,Western Region,366.35,365.73,6902.8,6754.0,86.43,21.52,54.38,20.8,0.0,48.3,0,None
2023-02-03 16:00:00,Maharashtra,Western Region,355.86,355.45,6626.6,6471.7,49.87,44.2,47.44,24.1,0.0,42.7,0,None
2023-02-03 17:00:00,Maharashtra,Western Region,350.64,348.29,6585.8,6407.4,35.12,24.37,39.54,23.2,0.0,51.1,0,None
2023-02-03 18:00:00,Maharashtra,Western Region,319.84,314.15,5862.7,5724.2,0.0,48.92,50.51,21.0,0.0,63.9,0,None
2023-02-03 19:00:00,Maharashtra,Western Region,349.14,348.43,6456.5,6354.5,0.0,38.79,43.28,22.1,0.0,61.5,0,None
2023-02-03 20:00:00,Maharashtra,Western Region,370.98,368.98,6857.4,6817.3,0.0,52.6,53.88,16.4,0.0,58.5,0,None
2023-02-03 21:00:00,Maharashtra,Western Region,351.57,343.47,6471.9,6419.6,0.0,51.11,47.34,16.2,0.0,38.8,0,None
2023-02-03 22:00:00,Maharashtra,Western Region,373.47,370.34,6961.1,6885.5,0.0,40.51,48.66,15.8,0.0,45.1,0,None
2023-02-03 23:00:00,Maharashtra,Western Region,332.51,328.51,6183.9,6054.4,0.0,55.24,60.92,15.8,0.0,48.2,0,None
2023-02-04 00:00:00,Maharashtra,Western Region,289.78,283.95,5357.6,5258.3,0.0,56.67,51.02,17.5,0.0,45.1,0,None
2023-02-04 01:00:00,Maharashtra,Western Region,297.7,293.02,5472.3,5280.2,0.0,56.73,48.65,15.4,0.0,64.4,0,None
2023-02-04 02:00:00,Maharashtra,Western Region,258.71,256.3,4738.8,4612.7,0.0,47.34,49.87,13.9,0.0,51.2,0,None
2023-02-04 03:00:00,Maharashtra,Western Region,194.51,189.84,3566.3,3467.5,0.0,52.51,49.91,15.8,0.0,53.6,0,None
2023-02-04 04:00:00,Maharashtra,Western Region,233.97,228.14,4290.0,4251.4,0.0,50.73,45.54,14.7,0.0,41.6,0,None
2023-02-04 05:00:00,Maharashtra,Western Region,260.68,254.0,4774.0,4638.3,0.0,47.06,58.62,15.0,0.0,36.4,0,None
2023-02-04 06:00:00,Maharashtra,Western Region,296.67,292.59,5520.2,5458.7,7.33,28.65,42.49,16.3,0.0,29.4,0,None
2023-02-04 07:00:00,Maharashtra,Western Region,402.55,396.97,7483.4,7353.2,38.41,20.11,47.16,16.8,0.0,50.6,0,None
2023-02-04 08:00:00,Maharashtra,Western Region,398.64,392.72,7344.9,7125.3,58.64,23.79,57.26,18.4,0.0,47.4,0,None
2023-02-04 09:00:00,Maharashtra,Western Region,425.71,420.03,7946.6,7660.5,87.42,17.82,42.27,19.7,0.0,39.1,0,None
2023-02-04 10:00:00,Maharashtra,Western Region,477.8,469.61,8801.3,8568.1,99.54,27.45,51.62,19.2,0.0,54.4,0,None
2023-02-04 11:00:00,Maharashtra,Western Region,451.96,446.98,8336.0,8328.0,120.63,34.33,47.18,21.8,0.0,49.8,0,None
2023-02-04 12:00:00,Maharashtra,Western Region,474.29,472.25,8758.7,8715.4,126.03,21.17,52.25,20.9,0.0,29.7,0,None
2023-02-04 13:00:00,Maharashtra,Western Region,456.74,448.78,8453.6,8181.1,118.19,24.02,55.0,20.7,0.0,49.3,0,None
2023-02-04 14:00:00,Maharashtra,Western Region,414.39,404.34,7660.7,7567.3,106.76,26.77,58.44,22.1,0.0,30.3,0,None
2023-02-04 15:00:00,Maharashtra,Western Region,396.09,395.05,7332.5,7117.2,83.67,9.39,57.08,21.6,0.0,52.9,0,None
2023-02-04 16:00:00,Maharashtra,Western Region,313.9,304.7,5750.4,5649.2,56.15,38.98,44.62,24.9,0.0,30.9,0,None
2023-02-04 17:00:00,Maharashtra,Western Region,348.88,340.06,6383.1,6299.1,28.47,32.74,40.66,22.4,0.0,38.1,0,None
2023-02-04 18:00:00,Maharashtra,Western Region,320.67,316.03,5937.0,5838.0,0.8,29.43,51.21,19.3,0.0,47.4,0,None
2023-02-04 19:00:00,Maharashtra,Western Region,342.74,336.9,6360.7,6154.3,0.0,37.89,54.66,20.2,0.0,49.5,0,None
2023-02-04 20:00:00,Maharashtra,Western Region,339.42,331.58,6248.4,6117.4,0.0,50.67,56.28,18.6,0.0,36.5,0,None
2023-02-04 21:00:00,Maharashtra,Western Region,360.61,351.38,6688.3,6489.3,0.0,55.06,62.67,14.9,0.0,37.3,0,None
2023-02-04 22:00:00,Maharashtra,Western Region,340.32,330.31,6291.2,6244.2,0.0,45.54,57.73,15.6,0.0,52.6,0,None
2023-02-04 23:00:00,Maharashtra,Western Region,315.67,314.57,5821.9,5613.7,0.0,56.64,61.51,17.8,0.0,45.2,0,None
2023-02-05 00:00:00,Maharashtra,Western Region,237.15,230.34,4334.3,4273.1,0.0,44.98,50.14,15.5,0.0,42.3,1,None
2023-02-05 01:00:00,Maharashtra,Western Region,256.98,253.56,4744.9,4643.1,0.0,23.76,60.35,13.4,0.0,41.6,1,None
2023-02-05 02:00:00,Maharashtra,Western Region,206.59,203.69,3832.8,3775.1,0.0,41.79,50.96,15.0,0.0,46.6,1,None
2023-02-05 03:00:00,Maharashtra,Western Region,232.4,227.68,4329.9,4273.0,0.0,34.69,35.73,13.4,0.0,43.9,1,None
2023-02-05 04:00:00,Maharashtra,Western Region,231.27,230.19,4204.2,4142.7,0.0,36.17,48.88,14.8,0.0,44.4,1,None
2023-02-05 05:00:00,Maharashtra,Western Region,228.46,223.9,4224.9,4217.2,0.0,41.86,47.41,12.1,0.0,35.0,1,None
2023-02-05 06:00:00,Maharashtra,Western Region,299.59,291.25,5557.9,5489.1,6.75,50.43,50.28,15.2,0.0,51.4,1,None
2023-02-05 07:00:00,Maharashtra,Western Region,338.57,332.5,6256.5,6090.6,35.33,33.23,57.88,13.6,0.0,50.1,1,None
2023-02-05 08:00:00,Maharashtra,Western Region,340.27,331.43,6302.6,6288.4,64.36,21.7,44.63,17.2,0.0,52.8,1,None
2023-02-05 09:00:00,Maharashtra,Western Region,386.96,383.93,7084.3,6907.3,90.74,19.72,43.49,18.3,0.0,48.9,1,None
2023-02-05 10:00:00,Maharashtra,Western Region,399.48,388.02,7415.7,7313.0,103.77,19.95,49.67,19.0,0.0,27.8,1,None
2023-02-05 11:00:00,Maharashtra,Western Region,426.96,425.72,7919.8,7900.4,119.22,13.93,43.76,21.8,0.0,49.5,1,None
2023-02-05 12:00:00,Maharashtra,Western Region,395.37,387.43,7386.0,7266.5,123.04,18.61,45.94,22.7,0.0,38.2,1,None
2023-02-05 13:00:00,Maharashtra,Western Region,375.44,374.72,6943.4,6671.7,117.44,14.66,44.61,20.2,0.0,42.1,1,None
2023-02-05 14:00:00,Maharashtra,Western Region,375.74,370.45,6984.7,6870.1,85.48,19.44,44.27,21.5,0.0,46.9,1,None
2023-02-05 15:00:00,Maharashtra,Western Region,347.34,346.77,6452.4,6405.2,80.84,18.54,66.33,20.9,0.0,37.8,1,None
2023-02-05 16:00:00,Maharashtra,Western Region,312.75,309.92,5859.7,5716.2,61.97,33.2,44.19,19.7,0.0,32.1,1,None
2023-02-05 17:00:00,Maharashtra,Western Region,306.61,300.29,5683.2,5558.3,20.72,31.83,47.34,20.3,0.0,36.0,1,None
2023-02-05 18:00:00,Maharashtra,Western Region,301.19,297.14,5629.5,5456.3,0.0,18.58,42.91,21.9,0.0,37.0,1,None
2023-02-05 19:00:00,Maharashtra,Western Region,321.4,315.1,5978.0,5780.2,0.0,33.5,53.98,19.4,0.0,58.4,1,None
2023-02-05 20:00:00,Maharashtra,Western Region,304.85,297.78,5671.0,5553.2,0.0,31.85,51.41,18.0,0.0,44.7,1,None
2023-02-05 21:00:00,Maharashtra,Western Region,329.5,326.67,6172.9,6107.7,0.0,49.87,45.17,14.7,0.0,45.0,1,None
2023-02-05 22:00:00,Maharashtra,Western Region,328.71,324.81,6121.6,6044.8,0.0,46.37,59.92,15.3,0.0,49.3,1,None
2023-02-05 23:00:00,Maharashtra,Western Region,298.67,294.12,5510.4,5459.4,0.0,44.23,55.97,13.5,0.0,52.1,1,None
2023-02-06 00:00:00,Maharashtra,Western Region,327.23,324.88,5992.3,5989.0,0.0,56.03,50.8,13.4,0.0,38.0,0,None
2023-02-06 01:00:00,Maharashtra,Western Region,275.67,271.85,5171.8,5170.8,0.0,47.09,42.59,15.0,0.0,39.7,0,None
2023-02-06 02:00:00,Maharashtra,Western Region,247.44,245.72,4613.2,4445.1,0.0,60.6,44.82,16.5,0.0,33.5,0,None
2023-02-06 03:00:00,Maharashtra,Western Region,247.69,244.52,4495.7,4482.3,0.0,42.85,50.07,14.2,0.1,33.1,0,None
2023-02-06 04:00:00,Maharashtra,Western Region,264.98,261.48,4861.6,4820.7,0.0,37.45,53.6,13.0,0.0,59.4,0,None
2023-02-06 05:00:00,Maharashtra,Western Region,261.67,259.92,4876.1,4867.7,0.0,30.87,50.52,16.3,0.0,56.1,0,None
2023-02-06 06:00:00,Maharashtra,Western Region,316.62,313.57,5856.1,5807.3,0.0,24.62,57.89,17.2,0.0,58.1,0,None
2023-02-06 07:00:00,Maharashtra,Western Region,384.71,382.53,7071.6,7031.7,22.44,23.3,60.43,14.8,0.0,65.8,0,None
2023-02-06 08:00:00,Maharashtra,Western Region,445.98,441.24,8304.3,8132.0,58.07,35.62,50.65,17.0,0.0,47.8,0,None
2023-02-06 09:00:00,Maharashtra,Western Region,450.51,447.89,8336.3,8233.9,80.89,25.94,48.85,19.4,0.0,45.9,0,None
2023-02-06 10:00:00,Maharashtra,Western Region,467.25,454.05,8715.1,8559.9,99.76,16.57,45.22,19.2,0.0,38.3,0,None
2023-02-06 11:00:00,Maharashtra,Western Region,463.4,453.61,8598.0,8500.7,106.3,26.28,51.92,19.6,0.0,58.1,0,None
2023-02-06 12:00:00,Maharashtra,Western Region,457.45,445.77,8503.8,8296.8,124.81,29.32,49.65,22.9,0.0,52.4,0,None
2023-02-06 13:00:00,Maharashtra,Western Region,412.29,410.68,7602.4,7482.3,114.56,12.51,63.16,22.0,0.0,50.1,0,None
2023-02-06 14:00:00,Maharashtra,Western Region,403.65,402.13,7404.3,7183.2,100.67,19.4,62.01,23.0,0.0,63.5,0,None
2023-02-06 15:00:00,Maharashtra,Western Region,364.87,356.67,6828.9,6601.1,80.42,29.11,32.97,23.3,0.0,35.4,0,None
2023-02-06 16:00:00,Maharashtra,Western Region,387.91,381.91,7151.8,7027.5,54.22,33.3,59.16,23.4,0.0,38.7,0,None
2023-02-06 17:00:00,Maharashtra,Western Region,351.51,349.72,6434.8,6422.1,32.69,30.41,45.87,25.3,0.0,40.3,0,None
2023-02-06 18:00:00,Maharashtra,Western Region,362.99,355.64,6704.9,6523.9,2.92,32.85,51.0,17.9,0.0,55.4,0,None
2023-02-06 19:00:00,Maharashtra,Western Region,358.63,350.21,6560.3,6344.1,0.0,37.92,49.21,21.0,0.0,55.6,0,None
2023-02-06 20:00:00,Maharashtra,Western Region,361.45,358.88,6709.1,6636.4,0.0,61.75,50.51,16.3,0.0,40.8,0,None
2023-02-06 21:00:00,Maharashtra,Western Region,352.33,344.51,6483.6,6460.8,0.0,49.94,47.79,17.4,0.0,43.3,0,None
2023-02-06 22:00:00,Maharashtra,Western Region,368.82,367.64,6849.4,6602.7,0.0,54.13,42.46,16.7,0.0,47.4,0,None
2023-02-06 23:00:00,Maharashtra,Western Region,363.13,352.25,6709.2,6683.4,0.0,37.61,41.99,12.6,0.0,47.5,0,None
2023-02-07 00:00:00,Maharashtra,Western Region,295.63,291.43,5412.8,5204.5,0.0,30.03,58.97,16.6,0.0,50.5,0,None
2023-02-07 01:00:00,Maharashtra,Western Region,306.02,303.74,5710.2,5695.7,0.0,53.05,57.89,12.9,0.0,33.4,0,None
2023-02-07 02:00:00,Maharashtra,Western Region,237.52,230.8,4397.1,4319.2,0.0,57.22,48.38,14.0,0.0,49.1,0,None
2023-02-07 03:00:00,Maharashtra,Western Region,268.87,266.91,4938.5,4772.8,0.0,62.88,46.22,14.6,0.5,44.7,0,None
2023-02-07 04:00:00,Maharashtra,Western Region,230.43,228.5,4230.2,4225.5,0.0,39.46,58.03,13.5,0.0,53.2,0,None
2023-02-07 05:00:00,Maharashtra,Western Region,290.41,283.97,5271.9,5096.4,0.0,39.24,44.07,14.4,0.0,46.5,0,None
2023-02-07 06:00:00,Maharashtra,Western Region,318.83,316.14,5883.6,5665.4,9.45,28.61,51.33,16.2,0.0,44.4,0,None
2023-02-07 07:00:00,Maharashtra,Western Region,390.85,379.59,7274.1,7144.2,39.25,38.38,45.76,16.9,0.0,55.6,0,None
2023-02-07 08:00:00,Maharashtra,Western Region,409.07,403.17,7601.2,7558.0,57.48,40.65,41.91,20.9,0.0,44.7,0,None
2023-02-07 09:00:00,Maharashtra,Western Region,459.39,448.77,8514.3,8457.7,84.29,23.95,47.74,20.4,0.0,43.0,0,None
2023-02-07 10:00:00,Maharashtra,Western Region,461.08,452.01,8479.6,8309.4,108.81,28.05,48.82,19.7,0.0,62.0,0,None
2023-02-07 11:00:00,Maharashtra,Western Region,493.77,488.24,9180.5,8986.1,107.79,21.17,47.51,22.7,0.0,22.5,0,None
2023-02-07 12:00:00,Maharashtra,Western Region,459.85,447.93,8510.7,8384.9,112.98,29.59,49.89,23.2,0.0,32.6,0,None
2023-02-07 13:00:00,Maharashtra,Western Region,426.9,420.77,7871.1,7657.5,120.68,26.82,46.22,21.5,0.0,48.0,0,None
2023-02-07 14:00:00,Maharashtra,Western Region,396.58,391.47,7319.5,7292.1,101.48,23.81,50.37,20.7,0.0,41.6,0,None
2023-02-07 15:00:00,Maharashtra,Western Region,394.2,393.79,7383.2,7321.3,80.45,25.12,56.99,22.7,0.0,55.2,0,None
2023-02-07 16:00:00,Maharashtra,Western Region,380.68,375.89,7036.4,6972.5,56.03,34.4,47.57,22.1,0.0,40.1,0,None
2023-02-07 17:00:00,Maharashtra,Western Region,344.28,336.71,6402.2,6149.1,23.76,33.0,38.09,22.3,0.0,41.1,0,None
2023-02-07 18:00:00,Maharashtra,Western Region,363.64,363.01,6788.6,6740.6,13.18,36.99,46.58,19.8,0.0,45.3,0,None
2023-02-07 19:00:00,Maharashtra,Western Region,332.64,332.43,6054.8,5834.1,0.0,35.04,38.75,19.0,0.0,40.3,0,None
2023-02-07 20:00:00,Maharashtra,Western Region,325.41,319.31,5946.0,5928.3,0.0,38.91,56.38,17.9,0.0,51.6,0,None
2023-02-07 21:00:00,Maharashtra,Western Region,357.38,350.05,6612.1,6526.7,0.0,37.49,52.03,16.7,0.0,37.5,0,None
2023-02-07 22:00:00,Maharashtra,Western Region,347.13,347.11,6430.6,6239.9,0.0,44.59,49.21,16.6,0.0,44.9,0,None
2023-02-07 23:00:00,Maharashtra,Western Region,337.33,332.05,6332.2,6135.5,0.0,47.3,53.51,15.9,0.0,47.1,0,None
2023-02-08 00:00:00,Maharashtra,Western Region,318.97,317.75,5821.9,5754.8,0.0,46.05,41.11,13.2,0.0,49.8,0,None
2023-02-08 01:00:00,Maharashtra,Western Region,281.71,276.22,5135.6,5106.6,0.0,53.23,46.73,12.9,0.0,46.3,0,None
2023-02-08 02:00:00,Maharashtra,Western Region,249.3,248.76,4472.3,4386.6,0.0,52.43,51.68,14.3,0.0,36.7,0,None
2023-02-08 03:00:00,Maharashtra,Western Region,220.61,214.66,4144.5,4083.8,0.0,39.58,49.32,18.2,0.0,41.6,0,None
2023-02-08 04:00:00,Maharashtra,Western Region,255.53,251.43,4773.3,4772.8,0.0,29.51,57.67,13.8,0.0,54.0,0,None
2023-02-08 05:00:00,Maharashtra,Western Region,296.05,289.43,5524.3,5493.8,0.0,43.34,53.79,13.2,0.0,44.8,0,None
2023-02-08 06:00:00,Maharashtra,Western Region,314.72,312.32,5932.6,5814.6,10.49,39.78,46.17,15.9,0.0,45.7,0,None
2023-02-08 07:00:00,Maharashtra,Western Region,365.48,361.21,6683.4,6457.2,30.9,27.93,47.32,17.1,0.0,34.6,0,None
2023-02-08 08:00:00,Maharashtra,Western Region,412.26,400.91,7701.1,7450.8,61.5,26.34,53.25,18.9,0.0,50.1,0,None
2023-02-08 09:00:00,Maharashtra,Western Region,470.6,457.94,8682.1,8625.7,79.3,28.75,52.7,16.0,0.0,62.3,0,None
2023-02-08 10:00:00,Maharashtra,Western Region,465.15,456.0,8658.1,8607.2,96.98,14.87,31.3,19.4,0.0,62.5,0,None
2023-02-08 11:00:00,Maharashtra,Western Region,468.64,458.12,8736.8,8516.7,123.59,22.21,49.94,22.0,0.0,39.0,0,None
2023-02-08 12:00:00,Maharashtra,Western Region,432.42,424.12,8005.5,7868.5,122.28,20.19,43.42,21.5,0.0,41.8,0,None
2023-02-08 13:00:00,Maharashtra,Western Region,434.66,427.97,8036.9,7829.7,117.88,16.36,60.31,24.0,0.0,47.7,0,None
2023-02-08 14:00:00,Maharashtra,Western Region,396.34,384.56,7305.7,7192.4,104.78,26.71,43.21,23.3,0.0,36.5,0,None
2023-02-08 15:00:00,Maharashtra,Western Region,375.56,369.4,7016.6,6879.9,78.54,17.48,56.81,21.3,0.0,45.9,0,None
2023-02-08 16:00:00,Maharashtra,Western Region,347.63,342.35,6471.4,6404.0,50.43,32.46,62.0,20.0,0.0,52.6,0,None
2023-02-08 17:00:00,Maharashtra,Western Region,370.09,365.46,6822.7,6569.2,40.28,29.62,56.2,24.1,0.0,47.4,0,None
2023-02-08 18:00:00,Maharashtra,Western Region,334.64,325.51,6145.7,5925.6,0.64,30.27,38.96,21.2,0.0,51.4,0,None
2023-02-08 19:00:00,Maharashtra,Western Region,362.61,362.1,6687.7,6462.8,0.0,44.36,48.87,23.1,0.0,56.6,0,None
2023-02-08 20:00:00,Maharashtra,Western Region,361.2,355.89,6674.2,6419.7,0.0,31.91,59.11,19.1,0.0,28.9,0,None
2023-02-08 21:00:00,Maharashtra,Western Region,372.25,368.12,6862.8,6685.5,0.0,49.3,50.9,16.6,0.0,51.3,0,None
2023-02-08 22:00:00,Maharashtra,Western Region,349.98,345.3,6375.1,6139.2,0.0,46.62,49.91,17.2,0.0,46.2,0,None
2023-02-08 23:00:00,Maharashtra,Western Region,353.66,347.39,6573.3,6494.5,0.0,50.26,53.5,15.7,0.0,45.6,0,None
2023-02-09 00:00:00,Maharashtra,Western Region,313.88,306.43,5839.5,5700.2,0.0,57.65,41.66,13.9,0.0,62.5,0,None
2023-02-09 01:00:00,Maharashtra,Western Region,286.62,282.64,5273.0,5135.5,0.0,40.23,53.41,14.5,0.0,49.7,0,None
2023-02-09 02:00:00,Maharashtra,Western Region,239.52,234.42,4471.6,4464.9,0.0,28.46,47.22,14.6,0.0,47.0,0,None
2023-02-09 03:00:00,Maharashtra,Western Region,222.9,219.92,4082.2,3979.1,0.0,49.21,50.74,14.5,0.0,52.9,0,None
2023-02-09 04:00:00,Maharashtra,Western Region,259.32,253.61,4843.7,4742.0,0.0,41.56,54.87,15.6,0.0,48.2,0,None
2023-02-09 05:00:00,Maharashtra,Western Region,291.82,286.41,5393.1,5293.6,0.0,40.34,51.4,15.4,0.0,48.5,0,None
2023-02-09 06:00:00,Maharashtra,Western Region,318.78,310.17,5846.6,5825.3,0.0,51.95,42.05,17.1,0.0,61.4,0,None
2023-02-09 07:00:00,Maharashtra,Western Region,350.97,345.45,6471.2,6289.4,32.49,38.67,46.41,16.0,0.0,40.1,0,None
2023-02-09 08:00:00,Maharashtra,Western Region,402.11,399.81,7430.4,7420.8,59.61,34.02,44.43,20.5,0.0,38.9,0,None
2023-02-09 09:00:00,Maharashtra,Western Region,426.45,421.67,7991.4,7708.9,83.67,13.9,51.13,21.7,0.0,43.6,0,None
2023-02-09 10:00:00,Maharashtra,Western Region,465.16,463.59,8526.8,8422.3,106.19,28.24,43.27,20.7,0.0,31.0,0,None
2023-02-09 11:00:00,Maharashtra,Western Region,465.53,462.13,8532.9,8263.2,118.2,11.67,55.93,18.4,0.0,34.3,0,None
2023-02-09 12:00:00,Maharashtra,Western Region,450.19,443.8,8364.6,8181.1,127.69,16.27,47.45,23.4,0.0,44.4,0,None
2023-02-09 13:00:00,Maharashtra,Western Region,417.63,412.09,7677.6,7569.0,114.3,20.25,61.48,23.4,0.0,46.7,0,None
2023-02-09 14:00:00,Maharashtra,Western Region,432.74,422.7,7969.0,7903.7,100.31,21.21,50.28,22.6,0.0,49.6,0,None
2023-02-09 15:00:00,Maharashtra,Western Region,376.36,369.97,6932.3,6656.6,97.38,20.78,61.37,23.7,0.0,59.3,0,None
2023-02-09 16:00:00,Maharashtra,Western Region,374.89,364.6,6983.5,6765.6,55.81,34.32,50.03,20.5,0.0,53.4,0,None
2023-02-09 17:00:00,Maharashtra,Western Region,333.04,327.13,6222.4,5997.6,29.89,32.73,47.03,22.6,0.0,40.0,0,None
2023-02-09 18:00:00,Maharashtra,Western Region,365.58,361.15,6733.7,6637.9,0.0,32.95,46.96,18.9,0.0,53.1,0,None
2023-02-09 19:00:00,Maharashtra,Western Region,354.98,346.48,6599.4,6448.9,0.0,43.99,60.19,18.3,0.0,47.6,0,None
2023-02-09 20:00:00,Maharashtra,Western Region,353.8,353.0,6545.6,6506.8,0.0,45.62,45.6,17.0,0.0,44.9,0,None
2023-02-09 21:00:00,Maharashtra,Western Region,383.54,378.65,7095.9,7064.7,0.0,34.97,45.55,14.6,0.0,46.1,0,None
2023-02-09 22:00:00,Maharashtra,Western Region,347.17,345.66,6403.0,6297.3,0.0,56.75,49.49,15.5,0.0,62.2,0,None
2023-02-09 23:00:00,Maharashtra,Western Region,344.28,341.27,6283.1,6065.6,0.0,59.33,53.16,15.2,0.0,39.6,0,None
2023-02-10 00:00:00,Maharashtra,Western Region,295.06,294.79,5459.3,5249.4,0.0,43.96,48.15,15.2,0.0,54.7,0,None
2023-02-10 01:00:00,Maharashtra,Western Region,257.11,256.42,4788.0,4654.7,0.0,50.88,46.29,14.4,0.0,58.1,0,None
2023-02-10 02:00:00,Maharashtra,Western Region,242.05,239.15,4441.6,4355.2,0.0,46.54,53.74,16.8,0.0,27.9,0,None
2023-02-10 03:00:00,Maharashtra,Western Region,232.4,225.89,4316.7,4181.3,0.0,42.12,56.29,13.7,0.0,46.1,0,None
2023-02-10 04:00:00,Maharashtra,Western Region,271.32,266.53,5100.1,4992.8,0.0,53.32,52.49,14.0,0.0,38.9,0,None
2023-02-10 05:00:00,Maharashtra,Western Region,266.34,263.22,4878.4,4736.9,0.0,40.63,49.0,16.9,0.0,42.7,0,None
2023-02-10 06:00:00,Maharashtra,Western Region,280.66,279.59,5175.2,5011.4,2.73,31.27,60.24,17.0,0.0,57.7,0,None
2023-02-10 07:00:00,Maharashtra,Western Region,333.32,326.72,6108.0,6029.9,38.39,43.24,56.88,18.4,0.0,42.1,0,None
2023-02-10 08:00:00,Maharashtra,Western Region,425.77,423.89,7889.4,7727.0,58.59,35.92,53.03,18.8,0.0,40.1,0,None
2023-02-10 09:00:00,Maharashtra,Western Region,439.58,431.55,8160.3,8142.9,83.37,26.37,43.25,16.1,0.0,51.4,0,None
2023-02-10 10:00:00,Maharashtra,Western Region,489.65,483.32,9098.3,9054.2,107.45,21.34,48.2,21.2,0.0,35.6,0,None
2023-02-10 11:00:00,Maharashtra,Western Region,488.06,485.85,9107.6,8918.3,111.01,23.59,54.79,23.3,0.0,34.0,0,None
2023-02-10 12:00:00,Maharashtra,Western Region,497.88,485.0,9126.4,8780.5,114.72,26.92,57.65,21.0,0.0,52.2,0,None
2023-02-10 13:00:00,Maharashtra,Western Region,468.06,467.5,8666.5,8407.8,118.27,11.54,58.28,23.1,0.0,46.2,0,None
2023-02-10 14:00:00,Maharashtra,Western Region,391.11,386.02,7230.3,7181.5,104.27,23.26,32.46,22.8,0.0,46.6,0,None
2023-02-10 15:00:00,Maharashtra,Western Region,406.48,405.56,7553.1,7466.2,88.09,12.85,53.83,20.1,0.0,51.8,0,None
2023-02-10 16:00:00,Maharashtra,Western Region,367.87,367.74,6860.0,6842.8,54.16,24.87,56.65,23.6,0.2,38.0,0,None
2023-02-10 17:00:00,Maharashtra,Western Region,322.43,321.57,5977.0,5826.0,27.06,32.06,37.4,18.3,0.0,49.2,0,None
2023-02-10 18:00:00,Maharashtra,Western Region,342.81,342.77,6288.5,6192.4,0.0,29.9,51.24,19.9,0.0,43.8,0,None
2023-02-10 19:00:00,Maharashtra,Western Region,390.63,386.49,7221.7,7068.8,0.0,51.04,39.57,16.7,0.0,39.0,0,None
2023-02-10 20:00:00,Maharashtra,Western Region,350.8,348.34,6557.1,6322.1,0.0,34.04,53.71,17.6,0.0,54.1,0,None
2023-02-10 21:00:00,Maharashtra,Western Region,387.84,378.64,7171.8,7048.3,0.0,57.3,57.51,15.8,0.0,46.3,0,None
2023-02-10 22:00:00,Maharashtra,Western Region,368.88,361.92,6863.1,6698.1,0.0,49.47,45.27,15.3,0.0,58.0,0,None
2023-02-10 23:00:00,Maharashtra,Western Region,315.3,312.26,5772.9,5613.6,0.0,48.12,44.08,15.9,0.0,54.3,0,None
2023-02-11 00:00:00,Maharashtra,Western Region,299.17,290.38,5516.4,5372.3,0.0,55.08,54.08,14.9,0.0,47.4,0,None
2023-02-11 01:00:00,Maharashtra,Western Region,262.16,256.73,4912.8,4765.8,0.0,47.28,57.15,17.2,0.0,45.5,0,None
2023-02-11 02:00:00,Maharashtra,Western Region,219.55,213.37,4058.1,3909.7,0.0,44.06,52.4,15.8,0.0,52.5,0,None
2023-02-11 03:00:00,Maharashtra,Western Region,259.04,255.58,4807.9,4739.1,0.0,51.75,52.16,11.9,0.0,48.9,0,None
2023-02-11 04:00:00,Maharashtra,Western Region,241.92,236.72,4537.7,4384.0,0.0,49.4,51.59,14.6,0.0,59.1,0,None
2023-02-11 05:00:00,Maharashtra,Western Region,255.17,250.02,4756.0,4609.0,0.0,28.92,54.4,17.6,0.0,49.1,0,None
2023-02-11 06:00:00,Maharashtra,Western Region,312.09,304.05,5759.3,5692.6,0.0,29.35,54.32,16.0,0.0,57.1,0,None
2023-02-11 07:00:00,Maharashtra,Western Region,388.99,382.47,7188.8,7121.2,28.95,18.63,45.33,16.4,0.0,46.0,0,None
2023-02-11 08:00:00,Maharashtra,Western Region,400.49,398.04,7326.2,7211.8,63.97,29.87,50.81,17.0,0.0,43.7,0,None
2023-02-11 09:00:00,Maharashtra,Western Region,455.0,445.16,8440.7,8160.8,100.6,33.24,49.37,19.5,0.0,38.2,0,None
2023-02-11 10:00:00,Maharashtra,Western Region,479.09,472.68,8843.8,8744.0,102.39,4.76,47.77,19.5,0.0,34.7,0,None
2023-02-11 11:00:00,Maharashtra,Western Region,455.11,449.82,8503.4,8467.7,114.4,24.76,44.39,21.3,0.2,44.0,0,None
2023-02-11 12:00:00,Maharashtra,Western Region,462.75,450.45,8518.2,8224.8,123.12,14.53,47.24,20.8,0.0,36.5,0,None
2023-02-11 13:00:00,Maharashtra,Western Region,425.2,424.76,7829.3,7737.6,118.73,25.99,44.72,20.3,0.0,37.2,0,None
2023-02-11 14:00:00,Maharashtra,Western Region,413.94,404.18,7615.5,7442.7,108.05,21.82,48.35,19.1,0.0,31.3,0,None
2023-02-11 15:00:00,Maharashtra,Western Region,365.51,359.64,6786.6,6638.6,83.02,25.81,50.13,22.2,0.0,33.9,0,None
2023-02-11 16:00:00,Maharashtra,Western Region,350.8,341.48,6397.0,6355.3,59.23,15.8,52.59,23.5,0.0,48.8,0,None
2023-02-11 17:00:00,Maharashtra,Western Region,364.05,357.48,6715.0,6680.5,26.37,26.75,48.31,19.7,0.0,49.1,0,None
2023-02-11 18:00:00,Maharashtra,Western Region,341.9,331.69,6375.8,6190.6,0.0,32.82,48.2,18.3,0.0,48.7,0,None
2023-02-11 19:00:00,Maharashtra,Western Region,344.13,341.64,6440.4,6278.6,0.0,43.15,58.96,21.0,0.0,48.4,0,None
2023-02-11 20:00:00,Maharashtra,Western Region,365.73,359.7,6759.5,6690.4,0.0,48.39,46.18,19.2,0.0,37.7,0,None
2023-02-11 21:00:00,Maharashtra,Western Region,398.95,390.36,7425.2,7271.2,0.0,57.8,47.33,14.7,0.0,43.5,0,None
2023-02-11 22:00:00,Maharashtra,Western Region,343.98,341.54,6403.7,6323.8,0.0,57.33,59.53,16.0,0.1,45.8,0,None
2023-02-11 23:00:00,Maharashtra,Western Region,350.67,346.36,6473.8,6264.5,0.0,57.64,49.24,15.9,0.0,29.5,0,None
2023-02-12 00:00:00,Maharashtra,Western Region,249.89,249.33,4586.2,4471.7,0.0,48.29,44.14,14.8,0.0,66.5,1,None
2023-02-12 01:00:00,Maharashtra,Western Region,238.19,235.86,4393.3,4218.9,0.0,59.66,50.69,14.4,0.0,57.9,1,None
2023-02-12 02:00:00,Maharashtra,Western Region,240.21,236.58,4511.2,4498.6,0.0,47.76,52.37,11.9,0.0,44.1,1,None
2023-02-12 03:00:00,Maharashtra,Western Region,205.4,204.36,3658.8,3643.6,0.0,33.57,51.47,14.5,0.0,47.4,1,None
2023-02-12 04:00:00,Maharashtra,Western Region,224.67,224.58,4139.6,3990.7,0.0,45.88,43.23,14.1,0.0,44.6,1,None
2023-02-12 05:00:00,Maharashtra,Western Region,260.83,255.64,4790.4,4727.6,0.0,35.97,53.07,12.6,0.0,39.5,1,None
2023-02-12 06:00:00,Maharashtra,Western Region,296.92,290.81,5511.3,5376.6,0.0,39.59,58.95,14.5,0.0,50.3,1,None
2023-02-12 07:00:00,Maharashtra,Western Region,329.4,324.29,6066.8,6052.3,38.77,17.54,43.67,18.7,0.0,61.4,1,None
2023-02-12 08:00:00,Maharashtra,Western Region,350.34,342.68,6498.3,6327.0,70.18,43.44,49.21,17.0,0.0,31.7,1,None
2023-02-12 09:00:00,Maharashtra,Western Region,381.87,377.27,7059.0,7018.0,85.63,20.74,44.2,20.2,0.0,54.7,1,None
2023-02-12 10:00:00,Maharashtra,Western Region,415.37,411.46,7690.3,7615.4,98.97,19.26,54.55,22.1,0.0,39.4,1,None
2023-02-12 11:00:00,Maharashtra,Western Region,453.35,449.38,8395.7,8339.5,118.61,18.3,44.22,19.7,0.0,59.8,1,None
2023-02-12 12:00:00,Maharashtra,Western Region,405.69,400.19,7546.9,7450.0,109.04,8.62,54.09,21.7,0.0,43.2,1,None
2023-02-12 13:00:00,Maharashtra,Western Region,380.87,372.34,7102.0,7065.0,125.98,19.43,50.69,22.8,0.0,54.8,1,None
2023-02-12 14:00:00,Maharashtra,Western Region,353.41,345.73,6495.8,6310.5,103.91,20.59,51.49,24.0,0.0,42.7,1,None
2023-02-12 15:00:00,Maharashtra,Western Region,334.04,326.53,6181.4,6155.3,86.94,26.35,53.4,21.7,0.0,40.9,1,None
2023-02-12 16:00:00,Maharashtra,Western Region,332.27,327.01,6132.5,5959.4,57.29,26.68,54.03,22.8,0.0,56.0,1,None
2023-02-12 17:00:00,Maharashtra,Western Region,289.19,287.77,5428.4,5417.5,32.77,28.54,47.49,21.9,0.0,47.2,1,None
2023-02-12 18:00:00,Maharashtra,Western Region,299.0,298.13,5494.8,5488.2,0.0,31.33,49.43,19.3,0.0,54.6,1,None
2023-02-12 19:00:00,Maharashtra,Western Region,291.27,284.93,5384.0,5242.5,0.0,38.35,50.96,18.1,0.0,43.6,1,None
2023-02-12 20:00:00,Maharashtra,Western Region,316.37,309.91,5925.7,5836.5,0.0,41.4,53.71,20.4,0.0,50.8,1,None
2023-02-12 21:00:00,Maharashtra,Western Region,351.84,348.96,6484.5,6316.5,0.0,41.94,48.45,14.7,0.0,25.1,1,None
2023-02-12 22:00:00,Maharashtra,Western Region,288.46,280.45,5363.4,5363.1,0.0,47.62,56.32,15.6,0.0,43.2,1,None
2023-02-12 23:00:00,Maharashtra,Western Region,307.73,301.78,5753.3,5681.5,0.0,42.09,53.74,15.4,0.0,33.4,1,None
2023-02-13 00:00:00,Maharashtra,Western Region,286.87,282.86,5279.3,5118.1,0.0,45.62,55.63,14.9,0.0,41.7,0,None
2023-02-13 01:00:00,Maharashtra,Western Region,285.8,283.48,5346.2,5192.1,0.0,49.65,45.83,13.4,0.0,30.9,0,None
2023-02-13 02:00:00,Maharashtra,Western Region,249.75,245.74,4571.4,4451.7,0.0,51.04,44.97,12.0,0.0,56.7,0,None
2023-02-13 03:00:00,Maharashtra,Western Region,251.01,244.36,4603.4,4457.2,0.0,37.68,56.35,14.1,0.0,48.1,0,None
2023-02-13 04:00:00,Maharashtra,Western Region,223.43,217.54,4132.4,4061.7,0.0,41.17,44.98,17.1,0.0,39.2,0,None
2023-02-13 05:00:00,Maharashtra,Western Region,272.08,264.77,4986.8,4848.5,0.0,50.83,46.62,16.9,0.0,29.6,0,None
2023-02-13 06:00:00,Maharashtra,Western Region,292.11,286.17,5455.7,5333.1,0.0,46.96,57.67,17.0,0.0,23.8,0,None
2023-02-13 07:00:00,Maharashtra,Western Region,363.5,360.63,6701.0,6569.1,28.74,28.66,56.86,16.3,0.0,48.2,0,None
2023-02-13 08:00:00,Maharashtra,Western Region,417.29,407.88,7671.6,7497.2,61.96,43.03,50.55,16.0,0.0,48.4,0,None
2023-02-13 09:00:00,Maharashtra,Western Region,432.06,430.22,7934.1,7795.0,81.05,18.71,50.78,17.0,0.0,50.9,0,None
2023-02-13 10:00:00,Maharashtra,Western Region,480.85,466.51,8920.2,8917.3,108.61,8.76,61.19,21.5,0.0,53.0,0,None
2023-02-13 11:00:00,Maharashtra,Western Region,456.28,445.02,8373.5,8371.2,115.26,8.22,48.29,20.6,0.0,34.3,0,None
2023-02-13 12:00:00,Maharashtra,Western Region,471.49,461.72,8683.8,8656.8,117.97,41.78,53.64,19.3,0.0,41.4,0,None
2023-02-13 13:00:00,Maharashtra,Western Region,434.69,423.8,8038.9,7975.0,113.04,27.48,53.06,20.7,0.0,60.4,0,None
2023-02-13 14:00:00,Maharashtra,Western Region,405.29,395.23,7504.7,7208.2,104.03,23.56,44.77,21.1,0.0,45.3,0,None
2023-02-13 15:00:00,Maharashtra,Western Region,387.51,382.44,7173.3,6988.7,87.9,21.74,51.95,23.3,0.0,46.8,0,None
2023-02-13 16:00:00,Maharashtra,Western Region,334.59,330.82,6139.8,6097.0,63.74,27.87,48.98,19.9,0.0,50.3,0,None
2023-02-13 17:00:00,Maharashtra,Western Region,353.25,345.24,6561.7,6403.7,23.53,30.72,46.46,23.7,0.0,36.7,0,None
2023-02-13 18:00:00,Maharashtra,Western Region,345.59,344.51,6384.5,6305.8,0.79,18.06,49.94,17.3,0.0,41.8,0,None
2023-02-13 19:00:00,Maharashtra,Western Region,346.73,345.97,6412.9,6311.1,0.0,37.93,59.09,21.6,0.0,39.5,0,None
2023-02-13 20:00:00,Maharashtra,Western Region,353.17,345.1,6513.6,6432.8,0.0,40.06,48.77,19.0,0.0,41.2,0,None
2023-02-13 21:00:00,Maharashtra,Western Region,361.35,351.52,6752.8,6613.5,0.0,36.02,47.44,15.8,0.0,46.0,0,None
2023-02-13 22:00:00,Maharashtra,Western Region,354.34,351.38,6469.8,6468.1,0.0,43.94,55.97,16.8,0.0,41.8,0,None
2023-02-13 23:00:00,Maharashtra,Western Region,342.31,341.98,6333.9,6295.2,0.0,51.83,50.69,16.5,0.0,49.1,0,None
2023-02-14 00:00:00,Maharashtra,Western Region,316.3,313.94,5829.4,5618.4,0.0,58.29,49.23,13.1,0.0,40.1,0,None
2023-02-14 01:00:00,Maharashtra,Western Region,302.73,297.9,5595.3,5433.0,0.0,50.4,49.35,12.7,0.0,32.5,0,None
2023-02-14 02:00:00,Maharashtra,Western Region,273.34,272.9,5026.1,4845.2,0.0,35.31,53.79,12.5,0.0,45.6,0,None
2023-02-14 03:00:00,Maharashtra,Western Region,255.52,251.91,4690.5,4677.0,0.0,40.6,51.38,14.7,0.0,43.7,0,None
2023-02-14 04:00:00,Maharashtra,Western Region,238.5,235.81,4436.6,4272.0,0.0,48.52,48.0,16.1,0.0,43.4,0,None
2023-02-14 05:00:00,Maharashtra,Western Region,268.24,266.22,4957.7,4871.5,0.0,50.35,38.84,14.6,0.0,47.9,0,None
2023-02-14 06:00:00,Maharashtra,Western Region,331.83,327.29,6168.0,6058.8,5.99,28.99,56.26,13.2,0.0,40.9,0,None
2023-02-14 07:00:00,Maharashtra,Western Region,354.7,348.27,6575.4,6571.0,24.86,29.82,57.17,16.3,0.0,49.2,0,None
2023-02-14 08:00:00,Maharashtra,Western Region,416.11,409.99,7684.6,7415.3,65.88,16.85,54.83,17.4,0.0,48.1,0,None
2023-02-14 09:00:00,Maharashtra,Western Region,437.4,428.63,8128.3,8120.9,85.28,39.18,55.94,21.0,0.0,49.8,0,None
2023-02-14 10:00:00,Maharashtra,Western Region,471.96,470.19,8741.6,8400.3,98.38,19.86,49.37,19.4,0.0,51.6,0,None
2023-02-14 11:00:00,Maharashtra,Western Region,486.69,481.03,9102.9,8938.8,123.27,18.91,47.57,18.8,0.0,48.6,0,None
2023-02-14 12:00:00,Maharashtra,Western Region,453.98,452.25,8439.1,8238.9,121.75,28.4,47.2,20.1,0.0,38.4,0,None
2023-02-14 13:00:00,Maharashtra,Western Region,418.16,407.01,7720.9,7635.3,120.73,14.13,56.11,23.7,0.0,39.9,0,None
2023-02-14 14:00:00,Maharashtra,Western Region,417.44,414.43,7691.3,7566.7,103.67,15.54,53.51,23.2,0.0,40.4,0,None
2023-02-14 15:00:00,Maharashtra,Western Region,358.23,350.43,6664.0,6427.7,86.54,20.95,62.05,18.8,0.0,43.5,0,None
2023-02-14 16:00:00,Maharashtra,Western Region,375.44,375.0,6896.3,6751.1,55.75,29.35,51.85,21.0,0.0,38.6,0,None
2023-02-14 17:00:00,Maharashtra,Western Region,331.26,328.01,6126.3,6027.3,31.37,27.57,40.61,21.6,0.1,43.4,0,None
2023-02-14 18:00:00,Maharashtra,Western Region,350.44,343.54,6533.5,6469.0,7.33,23.73,40.8,19.7,0.0,39.3,0,None
2023-02-14 19:00:00,Maharashtra,Western Region,350.95,346.8,6443.9,6257.8,0.0,45.27,49.03,19.5,0.0,28.5,0,None
2023-02-14 20:00:00,Maharashtra,Western Region,348.62,345.51,6460.4,6314.1,0.0,50.27,51.14,17.9,0.0,46.0,0,None
2023-02-14 21:00:00,Maharashtra,Western Region,363.65,357.65,6705.0,6515.3,0.0,49.6,39.85,20.6,0.0,33.6,0,None
2023-02-14 22:00:00,Maharashtra,Western Region,342.52,332.95,6245.3,6053.6,0.0,57.08,52.17,16.6,0.0,35.7,0,None
2023-02-14 23:00:00,Maharashtra,Western Region,284.46,281.75,5247.6,5053.5,0.0,68.7,47.3,16.7,0.0,46.5,0,None
2023-02-15 00:00:00,Maharashtra,Western Region,314.38,310.14,5852.8,5847.5,0.0,49.38,46.33,13.5,0.0,57.0,0,None
2023-02-15 01:00:00,Maharashtra,Western Region,305.15,305.08,5701.4,5650.3,0.0,47.15,48.23,11.9,0.0,43.3,0,None
2023-02-15 02:00:00,Maharashtra,Western Region,225.96,222.8,4252.8,4099.7,0.0,49.33,53.64,15.0,0.0,56.4,0,None
2023-02-15 03:00:00,Maharashtra,Western Region,253.83,253.25,4645.7,4532.5,0.0,55.8,44.45,13.4,0.2,40.3,0,None
2023-02-15 04:00:00,Maharashtra,Western Region,206.64,206.58,3803.0,3695.3,0.0,54.38,48.39,16.4,0.0,50.0,0,None
2023-02-15 05:00:00,Maharashtra,Western Region,263.49,263.4,4790.9,4770.1,0.0,44.99,38.7,13.1,0.0,51.1,0,None
2023-02-15 06:00:00,Maharashtra,Western Region,288.63,285.39,5390.2,5370.9,0.0,39.5,49.11,15.7,0.0,65.2,0,None
2023-02-15 07:00:00,Maharashtra,Western Region,371.89,364.65,6936.5,6718.8,33.77,24.65,59.35,17.0,0.0,30.7,0,None
2023-02-15 08:00:00,Maharashtra,Western Region,416.34,406.36,7649.0,7584.8,58.34,31.14,49.6,16.3,1.8,34.7,0,None
2023-02-15 09:00:00,Maharashtra,Western Region,444.5,432.57,8223.4,8155.4,87.13,14.57,49.27,18.5,0.0,46.9,0,None
2023-02-15 10:00:00,Maharashtra,Western Region,485.66,473.36,8977.5,8902.1,99.26,32.17,42.53,17.9,0.0,48.4,0,None
2023-02-15 11:00:00,Maharashtra,Western Region,462.98,459.84,8559.2,8482.1,118.05,4.56,53.57,22.2,0.0,48.2,0,None
2023-02-15 12:00:00,Maharashtra,Western Region,453.9,444.12,8449.5,8395.7,112.8,11.39,52.02,19.7,0.0,54.4,0,None
2023-02-15 13:00:00,Maharashtra,Western Region,464.73,463.35,8632.7,8460.3,118.31,18.5,51.39,21.7,0.0,40.6,0,None
2023-02-15 14:00:00,Maharashtra,Western Region,414.27,410.09,7672.3,7632.8,100.33,19.59,59.52,19.3,0.0,20.9,0,None
2023-02-15 15:00:00,Maharashtra,Western Region,367.74,362.53,6724.9,6724.5,85.48,14.72,54.55,21.2,0.0,53.6,0,None
2023-02-15 16:00:00,Maharashtra,Western Region,350.51,350.28,6546.7,6398.6,61.78,28.94,44.26,20.6,0.0,42.9,0,None
2023-02-15 17:00:00,Maharashtra,Western Region,357.59,353.79,6623.3,6425.2,30.28,41.17,40.75,20.7,0.0,35.5,0,None
2023-02-15 18:00:00,Maharashtra,Western Region,352.17,351.25,6571.2,6369.3,3.06,30.49,45.79,21.5,0.0,44.8,0,None
2023-02-15 19:00:00,Maharashtra,Western Region,341.4,332.69,6361.4,6164.5,0.0,44.72,47.77,19.2,0.0,45.0,0,None
2023-02-15 20:00:00,Maharashtra,Western Region,364.49,355.94,6702.3,6470.9,0.0,46.68,46.08,14.3,0.0,36.7,0,None
2023-02-15 21:00:00,Maharashtra,Western Region,370.04,362.82,6788.6,6574.8,0.0,36.26,56.08,20.2,0.0,53.4,0,None
2023-02-15 22:00:00,Maharashtra,Western Region,356.14,349.66,6622.9,6375.0,0.0,50.14,51.51,13.9,0.0,38.8,0,None
2023-02-15 23:00:00,Maharashtra,Western Region,354.54,352.84,6571.3,6520.5,0.0,44.55,43.39,16.2,0.0,39.9,0,None
2023-02-16 00:00:00,Maharashtra,Western Region,328.35,321.66,6058.9,6056.4,0.0,52.57,50.7,12.7,0.0,57.0,0,None
2023-02-16 01:00:00,Maharashtra,Western Region,281.87,278.52,5227.1,5029.4,0.0,40.04,35.04,14.2,0.0,35.2,0,None
2023-02-16 02:00:00,Maharashtra,Western Region,237.51,231.75,4416.3,4355.0,0.0,48.36,48.54,14.6,0.0,53.0,0,None
2023-02-16 03:00:00,Maharashtra,Western Region,233.16,226.79,4356.7,4196.1,0.0,60.08,55.38,13.9,0.0,42.3,0,None
2023-02-16 04:00:00,Maharashtra,Western Region,271.6,268.69,5071.9,5043.7,0.0,38.95,48.38,15.5,0.0,44.2,0,None
2023-02-16 05:00:00,Maharashtra,Western Region,313.7,310.29,5820.1,5792.5,0.0,47.68,59.48,13.5,0.0,44.7,0,None
2023-02-16 06:00:00,Maharashtra,Western Region,293.02,290.6,5426.9,5238.1,3.27,37.32,57.9,18.1,0.0,48.5,0,None
2023-02-16 07:00:00,Maharashtra,Western Region,374.32,365.52,6952.3,6747.5,36.29,24.44,48.59,16.0,0.4,31.2,0,None
2023-02-16 08:00:00,Maharashtra,Western Region,422.56,415.28,7789.0,7649.5,63.14,30.36,42.33,19.0,0.0,39.2,0,None
2023-02-16 09:00:00,Maharashtra,Western Region,436.25,431.06,8135.7,8101.7,87.06,5.65,46.32,21.7,0.0,31.3,0,None
2023-02-16 10:00:00,Maharashtra,Western Region,475.81,473.81,8749.0,8524.6,100.68,23.86,58.26,18.7,0.0,37.3,0,None
2023-02-16 11:00:00,Maharashtra,Western Region,472.19,468.21,8699.1,8426.1,119.98,16.62,49.94,19.7,0.0,46.2,0,None
2023-02-16 12:00:00,Maharashtra,Western Region,472.04,471.93,8682.1,8392.3,117.1,31.9,56.68,22.7,0.0,49.8,0,None
2023-02-16 13:00:00,Maharashtra,Western Region,431.93,422.74,7901.9,7659.7,110.98,10.97,47.64,19.2,0.0,50.2,0,None
2023-02-16 14:00:00,Maharashtra,Western Region,438.15,429.56,8130.6,7909.9,112.13,30.04,45.82,24.2,0.0,46.5,0,None
2023-02-16 15:00:00,Maharashtra,Western Region,395.32,392.3,7274.3,7054.9,80.6,33.97,45.37,22.8,0.0,46.4,0,None
2023-02-16 16:00:00,Maharashtra,Western Region,369.19,360.03,6794.3,6683.3,60.54,15.74,51.3,22.8,0.0,51.8,0,None
2023-02-16 17:00:00,Maharashtra,Western Region,351.97,351.29,6498.7,6274.4,39.74,37.24,58.87,23.5,0.0,45.9,0,None
2023-02-16 18:00:00,Maharashtra,Western Region,353.09,350.94,6433.3,6216.7,0.0,38.46,49.14,17.4,0.0,44.3,0,None
2023-02-16 19:00:00,Maharashtra,Western Region,346.75,343.75,6419.5,6184.5,0.0,30.98,50.74,18.3,0.0,48.8,0,None
2023-02-16 20:00:00,Maharashtra,Western Region,379.19,371.3,6981.5,6877.8,0.0,44.18,51.57,17.0,0.0,48.6,0,None
2023-02-16 21:00:00,Maharashtra,Western Region,349.11,348.31,6498.5,6390.0,0.0,39.75,52.87,15.3,0.0,40.7,0,None
2023-02-16 22:00:00,Maharashtra,Western Region,338.8,336.26,6245.8,6003.0,0.0,47.57,47.93,17.8,0.0,34.1,0,None
2023-02-16 23:00:00,Maharashtra,Western Region,355.35,348.67,6559.3,6382.3,0.0,47.67,55.93,13.5,0.0,43.4,0,None
2023-02-17 00:00:00,Maharashtra,Western Region,317.58,313.25,5905.2,5739.6,0.0,41.68,58.25,15.1,0.0,47.9,0,None
2023-02-17 01:00:00,Maharashtra,Western Region,264.31,260.09,4827.6,4813.0,0.0,42.45,47.37,14.4,0.0,55.9,0,None
2023-02-17 02:00:00,Maharashtra,Western Region,236.37,234.94,4267.7,4147.0,0.0,60.78,51.67,13.5,0.0,44.1,0,None
2023-02-17 03:00:00,Maharashtra,Western Region,249.56,248.24,4718.7,4612.1,0.0,41.24,53.38,13.1,0.0,48.9,0,None
2023-02-17 04:00:00,Maharashtra,Western Region,263.41,258.07,4998.2,4855.7,0.0,43.21,46.81,14.2,0.0,39.6,0,None
2023-02-17 05:00:00,Maharashtra,Western Region,238.72,232.61,4359.3,4291.5,0.0,44.87,52.84,14.4,0.0,31.9,0,None
2023-02-17 06:00:00,Maharashtra,Western Region,286.53,283.58,5265.8,5248.7,0.0,31.55,43.32,16.2,0.0,38.2,0,None
2023-02-17 07:00:00,Maharashtra,Western Region,368.05,361.97,6817.5,6785.9,32.19,40.06,42.98,15.1,0.0,41.8,0,None
2023-02-17 08:00:00,Maharashtra,Western Region,368.79,360.03,6839.7,6785.1,55.73,35.37,48.6,17.9,0.0,45.3,0,None
2023-02-17 09:00:00,Maharashtra,Western Region,446.73,440.32,8231.5,7961.1,86.27,23.58,35.14,18.2,0.0,63.1,0,None
2023-02-17 10:00:00,Maharashtra,Western Region,494.37,489.42,9093.1,8928.2,108.47,19.64,55.28,21.7,0.0,59.2,0,None
2023-02-17 11:00:00,Maharashtra,Western Region,455.0,454.37,8449.7,8286.7,112.76,43.82,42.34,21.8,0.0,39.0,0,None
2023-02-17 12:00:00,Maharashtra,Western Region,468.97,467.42,8705.9,8550.2,118.67,31.64,61.28,23.2,0.0,38.3,0,None
2023-02-17 13:00:00,Maharashtra,Western Region,443.54,435.91,8200.0,7989.5,115.96,15.0,48.13,18.2,0.0,45.0,0,None
2023-02-17 14:00:00,Maharashtra,Western Region,410.39,402.25,7658.8,7554.0,90.22,20.24,58.35,23.0,0.0,52.2,0,None
2023-02-17 15:00:00,Maharashtra,Western Region,362.35,351.68,6662.6,6478.7,82.19,17.84,55.73,22.6,0.0,58.8,0,None
2023-02-17 16:00:00,Maharashtra,Western Region,364.6,356.86,6797.6,6640.1,60.73,26.6,44.98,22.8,0.0,33.1,0,None
2023-02-17 17:00:00,Maharashtra,Western Region,340.49,336.65,6300.1,6281.5,28.67,35.24,59.73,20.4,0.0,51.1,0,None
2023-02-17 18:00:00,Maharashtra,Western Region,337.02,332.08,6264.0,6036.8,4.97,32.46,50.91,17.6,0.0,40.5,0,None
2023-02-17 19:00:00,Maharashtra,Western Region,350.6,340.87,6530.8,6298.4,0.0,35.4,49.8,18.7,0.0,49.9,0,None
2023-02-17 20:00:00,Maharashtra,Western Region,357.56,353.67,6550.7,6482.4,0.0,39.79,55.59,18.9,0.0,43.7,0,None
2023-02-17 21:00:00,Maharashtra,Western Region,367.35,366.84,6807.6,6719.2,0.0,48.37,49.63,18.5,0.0,48.2,0,None
2023-02-17 22:00:00,Maharashtra,Western Region,339.96,334.05,6219.7,5995.5,0.0,43.3,45.49,15.9,0.1,45.1,0,None
2023-02-17 23:00:00,Maharashtra,Western Region,332.87,329.29,6219.8,6208.2,0.0,65.9,44.89,15.3,0.0,42.8,0,None
2023-02-18 00:00:00,Maharashtra,Western Region,314.12,313.44,5830.5,5692.3,0.0,51.91,42.36,14.2,0.0,54.4,0,None
2023-02-18 01:00:00,Maharashtra,Western Region,268.51,268.3,4936.4,4810.4,0.0,56.43,46.06,14.3,0.0,40.8,0,None
2023-02-18 02:00:00,Maharashtra,Western Region,262.44,255.99,4841.4,4753.1,0.0,50.01,53.59,16.4,0.0,56.9,0,None
2023-02-18 03:00:00,Maharashtra,Western Region,245.12,239.01,4538.4,4444.7,0.0,53.52,52.68,14.3,0.0,49.0,0,None
2023-02-18 04:00:00,Maharashtra,Western Region,243.44,236.91,4480.8,4464.1,0.0,32.43,47.57,13.0,0.2,50.9,0,None
2023-02-18 05:00:00,Maharashtra,Western Region,286.21,283.74,5261.2,5184.4,0.0,33.67,44.19,14.9,0.0,41.8,0,None
2023-02-18 06:00:00,Maharashtra,Western Region,306.76,301.57,5709.8,5557.0,0.0,30.19,44.65,17.2,0.0,43.3,0,None
2023-02-18 07:00:00,Maharashtra,Western Region,351.31,341.88,6462.7,6210.0,31.32,28.23,50.73,20.8,0.0,49.6,0,None
2023-02-18 08:00:00,Maharashtra,Western Region,381.16,374.44,7012.7,6763.7,63.04,18.91,52.53,18.4,0.0,35.1,0,None
2023-02-18 09:00:00,Maharashtra,Western Region,436.64,435.52,8070.5,7793.0,85.07,32.08,54.75,18.7,0.0,45.7,0,None
2023-02-18 10:00:00,Maharashtra,Western Region,456.01,444.91,8526.8,8367.2,102.45,16.8,49.22,23.5,0.0,52.6,0,None
2023-02-18 11:00:00,Maharashtra,Western Region,464.19,454.4,8662.4,8478.9,110.07,26.25,44.84,21.7,0.0,29.0,0,None
2023-02-18 12:00:00,Maharashtra,Western Region,457.77,451.85,8526.5,8525.1,117.8,24.64,46.23,21.4,0.0,44.4,0,None
2023-02-18 13:00:00,Maharashtra,Western Region,456.59,449.8,8457.8,8429.5,116.48,20.54,48.83,22.2,0.0,27.7,0,None
2023-02-18 14:00:00,Maharashtra,Western Region,401.39,400.5,7423.7,7219.8,106.06,28.93,47.41,23.6,0.0,48.2,0,None
2023-02-18 15:00:00,Maharashtra,Western Region,384.08,377.61,7114.5,6896.5,87.17,26.92,49.71,21.1,0.0,52.6,0,None
2023-02-18 16:00:00,Maharashtra,Western Region,373.53,369.88,6860.9,6745.8,66.21,25.45,56.33,23.9,0.0,39.7,0,None
2023-02-18 17:00:00,Maharashtra,Western Region,337.98,328.8,6210.3,6048.1,30.43,20.98,44.06,20.1,0.0,59.1,0,None
2023-02-18 18:00:00,Maharashtra,Western Region,349.3,342.25,6480.2,6405.6,3.08,48.15,48.94,18.8,0.0,54.3,0,None
2023-02-18 19:00:00,Maharashtra,Western Region,351.21,348.8,6505.9,6306.9,0.0,23.38,56.64,17.3,0.0,48.3,0,None
2023-02-18 20:00:00,Maharashtra,Western Region,348.94,340.93,6405.0,6289.5,0.0,43.07,40.37,17.1,0.0,49.6,0,None
2023-02-18 21:00:00,Maharashtra,Western Region,359.36,354.36,6667.3,6569.6,0.0,56.0,41.08,17.1,0.0,38.1,0,None
2023-02-18 22:00:00,Maharashtra,Western Region,344.58,338.99,6399.3,6271.3,0.0,48.59,38.37,17.7,0.0,51.2,0,None
2023-02-18 23:00:00,Maharashtra,Western Region,362.95,359.48,6756.0,6606.7,0.0,48.86,50.99,13.5,0.0,44.5,0,None
2023-02-19 00:00:00,Maharashtra,Western Region,275.45,275.13,5067.7,4968.4,0.0,51.16,43.85,11.7,0.0,41.7,1,None
2023-02-19 01:00:00,Maharashtra,Western Region,271.06,266.12,5066.7,4873.0,0.0,57.95,47.39,12.7,0.0,43.1,1,None
2023-02-19 02:00:00,Maharashtra,Western Region,198.03,193.26,3667.0,3652.5,0.0,38.61,58.77,13.3,0.0,53.8,1,None
2023-02-19 03:00:00,Maharashtra,Western Region,249.05,243.5,4530.8,4417.0,0.0,42.45,47.68,9.9,0.0,49.8,1,None
2023-02-19 04:00:00,Maharashtra,Western Region,238.7,234.95,4394.0,4221.3,0.0,30.38,52.13,12.6,0.0,53.1,1,None
2023-02-19 05:00:00,Maharashtra,Western Region,249.25,242.4,4636.1,4530.7,0.0,56.57,57.73,16.1,0.0,38.8,1,None
2023-02-19 06:00:00,Maharashtra,Western Region,266.57,265.68,4895.6,4710.5,0.0,38.72,43.07,14.9,0.0,30.2,1,None
2023-02-19 07:00:00,Maharashtra,Western Region,293.89,290.8,5431.5,5396.8,28.62,13.38,44.95,17.3,0.0,34.7,1,None
2023-02-19 08:00:00,Maharashtra,Western Region,356.07,355.36,6612.3,6406.0,58.15,26.85,55.01,18.2,0.1,42.8,1,None
2023-02-19 09:00:00,Maharashtra,Western Region,399.35,391.31,7397.1,7217.0,81.94,33.41,45.55,19.8,0.0,52.1,1,None
2023-02-19 10:00:00,Maharashtra,Western Region,436.82,435.68,8047.2,7968.3,105.35,20.38,56.73,17.2,0.0,44.2,1,None
2023-02-19 11:00:00,Maharashtra,Western Region,405.57,400.66,7563.0,7266.3,121.96,22.74,53.33,21.4,0.0,42.9,1,None
2023-02-19 12:00:00,Maharashtra,Western Region,423.7,413.98,7843.7,7668.8,114.45,27.45,60.86,21.0,0.0,41.1,1,None
2023-02-19 13:00:00,Maharashtra,Western Region,411.9,410.23,7580.8,7514.4,114.13,4.07,45.89,22.3,0.0,36.1,1,None
2023-02-19 14:00:00,Maharashtra,Western Region,355.99,348.15,6597.6,6451.2,105.15,19.11,40.84,22.3,0.0,45.1,1,None
2023-02-19 15:00:00,Maharashtra,Western Region,345.77,342.21,6467.0,6294.4,83.63,18.28,44.18,20.6,0.0,56.6,1,None
2023-02-19 16:00:00,Maharashtra,Western Region,317.23,312.16,5838.7,5821.8,72.96,34.32,55.49,21.8,0.0,43.9,1,None
2023-02-19 17:00:00,Maharashtra,Western Region,323.31,321.97,5954.7,5847.0,28.42,28.19,51.1,19.5,0.0,37.6,1,None
2023-02-19 18:00:00,Maharashtra,Western Region,323.0,321.39,5950.2,5784.6,0.0,21.89,48.44,21.2,0.0,31.7,1,None
2023-02-19 19:00:00,Maharashtra,Western Region,320.16,315.87,6010.6,5976.8,0.0,36.99,51.97,20.6,0.0,44.3,1,None
2023-02-19 20:00:00,Maharashtra,Western Region,307.68,300.19,5755.7,5700.2,0.0,38.03,53.68,17.6,0.0,39.1,1,None
2023-02-19 21:00:00,Maharashtra,Western Region,284.79,279.91,5330.9,5166.0,0.0,55.03,39.96,17.0,0.0,37.8,1,None
2023-02-19 22:00:00,Maharashtra,Western Region,329.66,322.88,6108.8,5982.2,0.0,48.36,54.49,16.9,0.0,44.5,1,None
2023-02-19 23:00:00,Maharashtra,Western Region,287.72,279.27,5372.8,5360.8,0.0,47.04,47.72,15.2,0.0,45.6,1,None
2023-02-20 00:00:00,Maharashtra,Western Region,295.02,286.63,5474.7,5461.4,0.0,31.67,43.35,13.4,0.0,38.9,0,None
2023-02-20 01:00:00,Maharashtra,Western Region,281.33,278.66,5153.3,4994.3,0.0,46.39,49.96,13.4,0.0,40.7,0,None
2023-02-20 02:00:00,Maharashtra,Western Region,272.54,265.26,5038.3,4922.4,0.0,41.38,47.65,16.3,0.0,28.5,0,None
2023-02-20 03:00:00,Maharashtra,Western Region,258.24,250.81,4647.4,4627.5,0.0,37.56,63.38,11.3,0.0,43.7,0,None
2023-02-20 04:00:00,Maharashtra,Western Region,266.51,262.61,4977.1,4872.7,0.0,39.94,59.61,16.4,0.0,55.0,0,None
2023-02-20 05:00:00,Maharashtra,Western Region,273.71,271.1,5174.1,5060.2,0.0,50.84,54.62,16.4,0.0,61.1,0,None
2023-02-20 06:00:00,Maharashtra,Western Region,313.22,309.55,5779.7,5751.1,0.0,21.95,45.55,19.1,0.0,55.9,0,None
2023-02-20 07:00:00,Maharashtra,Western Region,319.23,318.16,5953.1,5822.9,28.78,29.88,51.0,19.9,0.0,31.1,0,None
2023-02-20 08:00:00,Maharashtra,Western Region,406.58,401.37,7519.4,7230.6,60.22,37.28,46.59,18.6,0.0,43.7,0,None
2023-02-20 09:00:00,Maharashtra,Western Region,454.21,447.39,8446.7,8269.2,87.39,16.6,45.55,21.2,0.0,39.9,0,None
2023-02-20 10:00:00,Maharashtra,Western Region,468.59,457.19,8683.0,8609.0,98.35,19.78,47.77,20.2,0.0,37.3,0,None
2023-02-20 11:00:00,Maharashtra,Western Region,463.48,452.52,8599.9,8372.9,114.66,14.04,54.33,18.7,0.0,40.5,0,None
2023-02-20 12:00:00,Maharashtra,Western Region,457.66,452.95,8431.3,8201.6,115.85,24.73,47.71,21.8,0.0,44.2,0,None
2023-02-20 13:00:00,Maharashtra,Western Region,427.14,421.69,7872.3,7660.7,119.37,12.97,44.97,22.3,0.0,38.1,0,None
2023-02-20 14:00:00,Maharashtra,Western Region,430.34,418.55,8034.2,7774.1,103.86,19.38,49.7,21.3,0.0,48.7,0,None
2023-02-20 15:00:00,Maharashtra,Western Region,378.21,373.32,7029.4,6970.5,86.26,26.54,51.29,22.6,0.0,55.4,0,None
2023-02-20 16:00:00,Maharashtra,Western Region,375.59,367.15,6983.8,6917.4,57.59,29.44,55.19,20.0,0.0,37.8,0,None
2023-02-20 17:00:00,Maharashtra,Western Region,344.2,336.68,6319.0,6140.0,33.42,42.53,49.24,18.8,0.0,45.7,0,None
2023-02-20 18:00:00,Maharashtra,Western Region,333.31,328.19,6124.5,5922.5,1.65,25.33,44.87,20.3,0.2,42.8,0,None
2023-02-20 19:00:00,Maharashtra,Western Region,349.73,339.6,6351.0,6131.7,0.0,25.98,45.2,19.5,0.0,57.4,0,None
2023-02-20 20:00:00,Maharashtra,Western Region,380.36,377.36,7038.4,6835.4,0.0,31.61,49.17,16.9,0.0,58.0,0,None
2023-02-20 21:00:00,Maharashtra,Western Region,398.47,392.87,7384.1,7117.2,0.0,36.15,47.56,15.3,0.0,42.9,0,None
2023-02-20 22:00:00,Maharashtra,Western Region,369.5,362.94,6779.9,6591.6,0.0,44.8,50.41,16.1,0.0,50.5,0,None
2023-02-20 23:00:00,Maharashtra,Western Region,359.72,355.6,6729.0,6543.1,0.0,54.2,46.13,13.6,0.0,47.7,0,None
2023-02-21 00:00:00,Maharashtra,Western Region,302.59,296.65,5615.4,5499.9,0.0,52.53,50.17,14.2,0.0,51.8,0,None
2023-02-21 01:00:00,Maharashtra,Western Region,279.37,276.6,5223.0,5189.5,0.0,45.82,51.74,14.3,0.0,61.8,0,None
2023-02-21 02:00:00,Maharashtra,Western Region,277.56,270.26,5172.5,5093.6,0.0,46.53,54.81,15.1,0.0,48.0,0,None
2023-02-21 03:00:00,Maharashtra,Western Region,258.32,257.15,4790.9,4769.5,0.0,55.59,47.56,13.3,0.0,45.5,0,None
2023-02-21 04:00:00,Maharashtra,Western Region,262.06,257.71,4818.4,4733.2,0.0,41.07,51.72,12.9,0.0,58.3,0,None
2023-02-21 05:00:00,Maharashtra,Western Region,285.53,282.78,5262.1,5233.0,0.0,47.91,42.93,14.5,0.0,31.0,0,None
2023-02-21 06:00:00,Maharashtra,Western Region,317.69,316.72,5753.4,5752.9,0.0,29.64,45.55,18.3,0.0,41.3,0,None
2023-02-21 07:00:00,Maharashtra,Western Region,337.54,336.87,6172.4,6060.1,24.4,41.58,53.33,16.3,0.0,46.8,0,None
2023-02-21 08:00:00,Maharashtra,Western Region,395.42,393.55,7306.3,7089.6,61.22,30.82,42.4,18.1,0.0,47.9,0,None
2023-02-21 09:00:00,Maharashtra,Western Region,422.22,420.47,7851.4,7693.7,85.67,18.45,46.96,18.1,0.0,42.1,0,None
2023-02-21 10:00:00,Maharashtra,Western Region,486.44,485.22,8995.8,8775.7,100.98,24.04,45.9,19.8,0.0,56.6,0,None
2023-02-21 11:00:00,Maharashtra,Western Region,461.1,460.33,8545.8,8298.3,120.04,14.55,44.96,20.9,0.0,65.5,0,None
2023-02-21 12:00:00,Maharashtra,Western Region,458.09,455.54,8430.6,8392.9,116.89,30.47,42.42,21.0,0.0,35.6,0,None
2023-02-21 13:00:00,Maharashtra,Western Region,438.6,425.78,8133.0,7831.6,112.42,7.56,43.31,22.5,0.0,32.8,0,None
2023-02-21 14:00:00,Maharashtra,Western Region,387.21,385.44,7185.9,7039.9,98.63,34.47,43.74,20.5,0.0,40.6,0,None
2023-02-21 15:00:00,Maharashtra,Western Region,385.26,384.85,7179.5,6952.8,70.12,37.23,52.95,21.3,0.0,54.7,0,None
2023-02-21 16:00:00,Maharashtra,Western Region,354.05,349.41,6511.3,6299.6,60.93,37.27,60.43,20.5,0.0,34.5,0,None
2023-02-21 17:00:00,Maharashtra,Western Region,342.54,342.09,6269.2,6261.4,26.8,38.85,50.2,19.9,0.0,40.6,0,None
2023-02-21 18:00:00,Maharashtra,Western Region,338.37,331.3,6310.6,6255.8,4.85,37.52,53.74,17.2,0.0,53.7,0,None
2023-02-21 19:00:00,Maharashtra,Western Region,352.71,345.12,6458.0,6283.2,0.0,41.78,56.98,19.9,0.0,30.9,0,None
2023-02-21 20:00:00,Maharashtra,Western Region,381.11,373.75,6986.3,6895.1,0.0,42.98,48.96,17.2,0.0,43.5,0,None
2023-02-21 21:00:00,Maharashtra,Western Region,350.61,344.65,6465.8,6328.0,0.0,35.39,55.47,18.3,0.0,53.8,0,None
2023-02-21 22:00:00,Maharashtra,Western Region,336.36,333.39,6265.9,6149.9,0.0,49.33,47.63,14.4,0.0,53.9,0,None
2023-02-21 23:00:00,Maharashtra,Western Region,325.1,321.58,6008.7,5978.1,0.0,39.32,55.78,16.9,0.0,20.2,0,None
2023-02-22 00:00:00,Maharashtra,Western Region,326.1,317.0,6007.1,5886.1,0.0,58.18,51.82,12.8,0.0,42.4,0,None
2023-02-22 01:00:00,Maharashtra,Western Region,313.25,312.61,5822.5,5793.7,0.0,45.76,43.75,11.2,0.0,42.8,0,None
2023-02-22 02:00:00,Maharashtra,Western Region,264.0,258.83,4865.3,4780.0,0.0,44.72,48.54,15.2,0.0,31.2,0,None
2023-02-22 03:00:00,Maharashtra,Western Region,246.24,242.47,4549.4,4515.4,0.0,52.86,41.29,12.0,0.0,26.5,0,None
2023-02-22 04:00:00,Maharashtra,Western Region,252.97,251.54,4700.1,4665.0,0.0,32.73,64.99,15.2,0.0,40.3,0,None
2023-02-22 05:00:00,Maharashtra,Western Region,266.76,259.4,4921.6,4755.5,0.0,44.02,47.7,14.2,0.0,61.9,0,None
2023-02-22 06:00:00,Maharashtra,Western Region,346.28,341.5,6393.1,6137.8,0.0,37.27,65.61,15.9,0.0,31.7,0,None
2023-02-22 07:00:00,Maharashtra,Western Region,337.3,335.34,6242.0,6214.1,34.34,30.36,51.09,17.0,0.0,37.4,0,None
2023-02-22 08:00:00,Maharashtra,Western Region,418.73,416.56,7757.2,7494.0,57.74,39.76,49.61,17.7,0.0,54.1,0,None
2023-02-22 09:00:00,Maharashtra,Western Region,426.32,425.67,7920.9,7623.3,80.83,34.66,49.38,18.9,0.0,43.9,0,None
2023-02-22 10:00:00,Maharashtra,Western Region,456.51,445.61,8443.0,8374.8,97.82,19.7,43.19,19.5,0.0,50.0,0,None
2023-02-22 11:00:00,Maharashtra,Western Region,499.3,485.37,9212.1,9160.5,116.73,29.27,57.42,18.8,0.0,52.5,0,None
2023-02-22 12:00:00,Maharashtra,Western Region,457.92,453.87,8492.8,8181.7,123.56,24.65,50.0,20.4,0.0,51.3,0,None
2023-02-22 13:00:00,Maharashtra,Western Region,427.83,417.9,7878.4,7687.8,109.24,18.05,47.92,20.4,0.0,44.2,0,None
2023-02-22 14:00:00,Maharashtra,Western Region,405.31,400.23,7409.7,7201.3,100.65,25.08,50.32,20.8,0.0,60.6,0,None
2023-02-22 15:00:00,Maharashtra,Western Region,369.47,361.98,6726.4,6506.6,79.56,26.15,50.21,20.0,0.0,38.7,0,None
2023-02-22 16:00:00,Maharashtra,Western Region,354.46,347.57,6549.8,6545.4,55.44,24.82,39.68,21.1,0.0,36.0,0,None
2023-02-22 17:00:00,Maharashtra,Western Region,347.24,347.13,6384.1,6325.3,29.25,38.37,52.44,19.5,0.0,51.3,0,None
2023-02-22 18:00:00,Maharashtra,Western Region,351.23,347.78,6504.4,6321.8,4.03,35.35,52.05,20.6,0.0,50.5,0,None
2023-02-22 19:00:00,Maharashtra,Western Region,366.51,359.54,6784.0,6655.6,0.0,36.61,53.05,20.0,0.0,47.1,0,None
2023-02-22 20:00:00,Maharashtra,Western Region,375.58,364.64,6953.8,6899.9,0.0,38.38,50.9,21.5,0.0,44.4,0,None
2023-02-22 21:00:00,Maharashtra,Western Region,371.75,367.43,6946.8,6841.5,0.0,29.48,41.95,16.3,0.0,59.2,0,None
2023-02-22 22:00:00,Maharashtra,Western Region,334.59,332.28,6146.8,6145.8,0.0,53.02,48.55,17.1,0.0,45.4,0,None
2023-02-22 23:00:00,Maharashtra,Western Region,355.76,348.53,6526.1,6482.0,0.0,42.39,42.26,15.3,0.0,55.6,0,None
2023-02-23 00:00:00,Maharashtra,Western Region,310.35,309.94,5765.4,5620.7,0.0,36.55,68.62,14.2,0.0,36.1,0,None
2023-02-23 01:00:00,Maharashtra,Western Region,294.33,294.06,5408.4,5200.7,0.0,45.5,55.11,14.1,0.0,35.5,0,None
2023-02-23 02:00:00,Maharashtra,Western Region,249.27,249.22,4637.8,4622.0,0.0,45.75,51.83,15.2,0.0,49.8,0,None
2023-02-23 03:00:00,Maharashtra,Western Region,251.87,244.62,4636.9,4512.3,0.0,45.89,49.05,10.6,0.0,42.8,0,None
2023-02-23 04:00:00,Maharashtra,Western Region,242.85,238.41,4477.0,4359.9,0.0,47.07,51.11,15.3,0.0,48.0,0,None
2023-02-23 05:00:00,Maharashtra,Western Region,253.76,246.4,4745.1,4623.9,0.0,36.34,50.21,17.5,0.0,57.9,0,None
2023-02-23 06:00:00,Maharashtra,Western Region,305.61,298.0,5584.9,5472.1,3.05,31.82,51.55,15.9,0.0,46.5,0,None
2023-02-23 07:00:00,Maharashtra,Western Region,349.85,343.55,6526.1,6383.1,29.71,33.9,36.92,17.9,0.0,44.7,0,None
2023-02-23 08:00:00,Maharashtra,Western Region,409.58,400.23,7524.1,7484.2,60.09,39.88,49.59,17.3,0.0,48.0,0,None
2023-02-23 09:00:00,Maharashtra,Western Region,430.76,424.62,8035.5,7924.3,81.94,17.55,39.12,17.2,0.0,35.3,0,None
2023-02-23 10:00:00,Maharashtra,Western Region,463.77,457.28,8450.0,8334.9,102.01,18.38,53.93,23.0,0.0,39.1,0,None
2023-02-23 11:00:00,Maharashtra,Western Region,492.6,480.54,9115.7,9061.9,110.1,19.22,47.21,20.8,0.0,39.3,0,None
2023-02-23 12:00:00,Maharashtra,Western Region,459.3,446.11,8421.3,8240.3,113.87,10.85,50.42,22.5,0.0,34.8,0,None
2023-02-23 13:00:00,Maharashtra,Western Region,456.97,449.91,8436.3,8190.5,111.84,21.95,51.36,24.0,0.0,41.7,0,None
2023-02-23 14:00:00,Maharashtra,Western Region,396.2,394.31,7406.6,7311.0,106.02,23.97,63.78,21.7,0.0,49.4,0,None
2023-02-23 15:00:00,Maharashtra,Western Region,403.31,401.97,7399.5,7366.6,81.51,13.24,49.76,22.4,0.0,60.0,0,None
2023-02-23 16:00:00,Maharashtra,Western Region,349.86,346.65,6501.0,6397.7,45.46,34.64,42.33,19.3,0.0,55.5,0,None
2023-02-23 17:00:00,Maharashtra,Western Region,351.09,348.54,6559.1,6384.4,35.92,42.28,59.34,19.9,0.0,38.5,0,None
2023-02-23 18:00:00,Maharashtra,Western Region,313.85,311.0,5841.9,5719.4,4.57,23.18,51.46,20.8,0.0,47.2,0,None
2023-02-23 19:00:00,Maharashtra,Western Region,356.34,347.12,6491.6,6371.8,0.0,42.32,53.05,19.8,0.0,52.4,0,None
2023-02-23 20:00:00,Maharashtra,Western Region,345.57,335.58,6416.8,6207.8,0.0,42.24,35.23,18.3,0.0,35.9,0,None
2023-02-23 21:00:00,Maharashtra,Western Region,355.51,353.26,6593.4,6374.0,0.0,42.25,50.13,16.2,0.0,56.4,0,None
2023-02-23 22:00:00,Maharashtra,Western Region,349.83,346.24,6445.6,6237.5,0.0,56.76,47.43,17.8,0.0,39.2,0,None
2023-02-23 23:00:00,Maharashtra,Western Region,379.62,378.64,7087.8,6947.7,0.0,54.0,43.03,14.1,0.0,41.8,0,None
2023-02-24 00:00:00,Maharashtra,Western Region,327.24,320.44,6021.8,5909.5,0.0,48.99,46.32,12.1,0.0,65.2,0,None
2023-02-24 01:00:00,Maharashtra,Western Region,283.47,282.88,5374.3,5359.8,0.0,39.24,45.51,15.9,0.0,32.4,0,None
2023-02-24 02:00:00,Maharashtra,Western Region,274.19,269.48,5092.1,4911.5,0.0,54.42,48.24,14.7,0.0,37.7,0,None
2023-02-24 03:00:00,Maharashtra,Western Region,294.29,289.34,5534.7,5484.2,0.0,39.7,46.24,11.9,0.0,26.7,0,None
2023-02-24 04:00:00,Maharashtra,Western Region,246.41,241.63,4550.6,4452.1,0.0,42.97,47.61,18.2,0.0,47.9,0,None
2023-02-24 05:00:00,Maharashtra,Western Region,293.64,292.72,5429.1,5419.6,0.0,42.96,54.31,15.0,0.0,53.8,0,None
2023-02-24 06:00:00,Maharashtra,Western Region,312.54,311.85,5675.8,5591.7,3.69,41.77,44.82,16.3,0.0,52.9,0,None
2023-02-24 07:00:00,Maharashtra,Western Region,387.92,387.52,7145.1,7090.6,34.29,24.06,46.45,15.9,0.0,36.4,0,None
2023-02-24 08:00:00,Maharashtra,Western Region,342.54,334.72,6270.7,6131.9,62.54,35.26,51.97,18.2,0.0,39.0,0,None
2023-02-24 09:00:00,Maharashtra,Western Region,439.56,435.5,8076.6,7957.1,86.25,18.54,40.89,22.2,0.2,28.4,0,None
2023-02-24 10:00:00,Maharashtra,Western Region,490.81,482.24,9046.6,8807.3,102.4,32.47,46.57,19.7,0.0,56.0,0,None
2023-02-24 11:00:00,Maharashtra,Western Region,462.59,462.43,8618.9,8478.9,109.75,31.25,52.15,21.6,0.0,40.0,0,None
2023-02-24 12:00:00,Maharashtra,Western Region,459.29,452.46,8537.9,8484.1,116.21,24.98,56.76,23.2,0.0,42.3,0,None
2023-02-24 13:00:00,Maharashtra,Western Region,439.05,431.34,8109.0,7824.9,107.55,29.35,55.44,24.4,0.0,49.7,0,None
2023-02-24 14:00:00,Maharashtra,Western Region,428.61,416.04,7939.2,7632.5,111.09,16.44,53.18,20.0,0.0,42.3,0,None
2023-02-24 15:00:00,Maharashtra,Western Region,378.0,367.51,7041.0,7026.0,87.51,4.85,43.9,22.6,0.0,41.0,0,None
2023-02-24 16:00:00,Maharashtra,Western Region,357.61,348.35,6648.8,6598.0,53.87,28.58,49.89,21.8,0.0,49.3,0,None
2023-02-24 17:00:00,Maharashtra,Western Region,357.98,351.45,6696.4,6460.2,15.89,33.52,40.07,19.5,0.0,48.4,0,None
2023-02-24 18:00:00,Maharashtra,Western Region,392.41,383.77,7256.1,7002.9,8.58,35.75,56.03,19.1,0.0,54.9,0,None
2023-02-24 19:00:00,Maharashtra,Western Region,360.91,350.86,6656.2,6592.5,0.0,37.39,38.45,20.1,0.0,36.7,0,None
2023-02-24 20:00:00,Maharashtra,Western Region,347.85,347.83,6431.2,6290.3,0.0,41.94,44.62,19.6,0.0,33.6,0,None
2023-02-24 21:00:00,Maharashtra,Western Region,382.46,377.77,7105.4,7058.7,0.0,31.64,46.06,16.0,0.0,50.0,0,None
2023-02-24 22:00:00,Maharashtra,Western Region,355.64,346.08,6645.5,6494.4,0.0,60.03,52.69,16.5,0.0,32.6,0,None
2023-02-24 23:00:00,Maharashtra,Western Region,343.86,335.69,6445.0,6240.1,0.0,35.57,50.0,14.3,0.0,37.6,0,None
2023-02-25 00:00:00,Maharashtra,Western Region,283.27,278.62,5272.8,5202.7,0.0,56.96,57.99,17.8,0.0,53.6,0,None
2023-02-25 01:00:00,Maharashtra,Western Region,295.77,288.47,5478.4,5314.3,0.0,53.1,54.34,15.2,0.0,33.1,0,None
2023-02-25 02:00:00,Maharashtra,Western Region,248.34,245.1,4522.1,4353.4,0.0,47.97,45.71,13.5,0.0,58.4,0,None
2023-02-25 03:00:00,Maharashtra,Western Region,247.71,241.71,4526.8,4496.4,0.0,44.85,61.25,14.2,0.0,53.8,0,None
2023-02-25 04:00:00,Maharashtra,Western Region,256.0,253.35,4621.8,4556.3,0.0,41.63,47.85,15.9,0.0,45.6,0,None
2023-02-25 05:00:00,Maharashtra,Western Region,242.07,241.12,4527.4,4350.0,0.0,44.76,46.62,14.9,0.0,46.5,0,None
2023-02-25 06:00:00,Maharashtra,Western Region,304.43,299.82,5593.8,5564.8,0.0,26.3,51.51,12.4,0.0,48.4,0,None
2023-02-25 07:00:00,Maharashtra,Western Region,344.78,336.88,6362.4,6146.5,39.44,29.57,52.45,16.9,0.0,45.4,0,None
2023-02-25 08:00:00,Maharashtra,Western Region,408.01,396.11,7481.7,7461.3,58.47,19.46,51.98,17.9,0.0,43.4,0,None
2023-02-25 09:00:00,Maharashtra,Western Region,469.68,461.0,8672.7,8360.5,83.95,18.68,47.84,18.1,0.0,45.2,0,None
2023-02-25 10:00:00,Maharashtra,Western Region,454.56,446.38,8515.4,8376.7,105.32,12.61,45.95,19.3,0.0,42.4,0,None
2023-02-25 11:00:00,Maharashtra,Western Region,452.46,450.64,8457.1,8168.6,112.46,20.09,51.52,17.9,0.0,44.3,0,None
2023-02-25 12:00:00,Maharashtra,Western Region,481.62,467.69,9007.6,8832.3,124.21,24.08,55.87,18.9,0.0,51.2,0,None
2023-02-25 13:00:00,Maharashtra,Western Region,451.1,441.18,8298.2,8238.2,113.45,37.93,47.6,20.0,0.0,48.5,0,None
2023-02-25 14:00:00,Maharashtra,Western Region,408.57,404.65,7484.5,7259.2,112.22,24.75,46.12,20.6,0.0,39.9,0,None
2023-02-25 15:00:00,Maharashtra,Western Region,335.41,328.35,6222.8,6169.6,91.22,3.97,47.59,19.6,0.0,49.9,0,None
2023-02-25 16:00:00,Maharashtra,Western Region,362.48,352.47,6613.8,6380.4,65.33,19.74,57.2,19.5,0.0,38.3,0,None
2023-02-25 17:00:00,Maharashtra,Western Region,326.53,326.33,6031.3,5848.7,32.98,9.46,51.58,21.6,0.0,40.1,0,None
2023-02-25 18:00:00,Maharashtra,Western Region,306.38,298.95,5712.2,5595.3,0.0,52.06,54.01,19.4,0.0,39.7,0,None
2023-02-25 19:00:00,Maharashtra,Western Region,388.19,386.57,7267.1,7004.8,0.0,39.5,55.34,21.0,0.0,41.5,0,None
2023-02-25 20:00:00,Maharashtra,Western Region,370.1,364.15,6857.2,6611.3,0.0,50.74,47.17,17.2,0.0,33.4,0,None
2023-02-25 21:00:00,Maharashtra,Western Region,382.2,376.16,7079.7,7066.8,0.0,42.98,49.75,13.7,0.0,39.0,0,None
2023-02-25 22:00:00,Maharashtra,Western Region,337.2,334.75,6242.2,6152.6,0.0,54.44,46.13,15.4,0.0,41.7,0,None
2023-02-25 23:00:00,Maharashtra,Western Region,316.2,312.75,5972.1,5804.4,0.0,57.22,52.95,15.9,0.0,40.8,0,None
2023-02-26 00:00:00,Maharashtra,Western Region,262.98,258.92,4933.1,4816.1,0.0,37.12,57.59,15.2,0.0,35.6,1,None
2023-02-26 01:00:00,Maharashtra,Western Region,286.52,283.91,5313.2,5290.0,0.0,48.7,54.86,12.2,0.0,55.8,1,None
2023-02-26 02:00:00,Maharashtra,Western Region,225.63,220.34,4181.6,4119.0,0.0,39.25,57.2,15.5,0.0,41.3,1,None
2023-02-26 03:00:00,Maharashtra,Western Region,239.77,238.69,4443.8,4278.1,0.0,40.77,51.32,11.8,0.0,44.0,1,None
2023-02-26 04:00:00,Maharashtra,Western Region,231.59,224.99,4324.9,4306.3,0.0,46.47,58.9,15.1,0.1,42.3,1,None
2023-02-26 05:00:00,Maharashtra,Western Region,243.98,241.78,4546.9,4460.5,0.0,33.29,49.89,15.6,0.0,33.0,1,None
2023-02-26 06:00:00,Maharashtra,Western Region,286.63,281.43,5228.5,5149.5,0.0,47.47,54.74,15.7,0.0,31.2,1,None
2023-02-26 07:00:00,Maharashtra,Western Region,319.33,318.63,5978.5,5834.6,29.5,29.48,54.32,17.5,0.0,44.9,1,None
2023-02-26 08:00:00,Maharashtra,Western Region,345.2,341.31,6379.2,6134.4,59.43,27.41,42.57,19.1,0.1,42.3,1,None
2023-02-26 09:00:00,Maharashtra,Western Region,381.58,370.29,7095.2,7050.8,87.07,20.74,53.02,22.1,0.0,52.8,1,None
2023-02-26 10:00:00,Maharashtra,Western Region,421.43,419.01,7789.7,7591.9,102.81,8.83,46.73,20.3,0.0,48.9,1,None
2023-02-26 11:00:00,Maharashtra,Western Region,408.95,408.12,7587.3,7359.9,122.94,12.17,52.21,22.0,0.0,46.1,1,None
2023-02-26 12:00:00,Maharashtra,Western Region,407.7,399.23,7596.1,7338.3,125.44,13.32,56.0,20.1,0.0,52.9,1,None
2023-02-26 13:00:00,Maharashtra,Western Region,395.5,394.73,7269.2,7142.8,103.44,29.94,43.26,23.1,0.0,41.6,1,None
2023-02-26 14:00:00,Maharashtra,Western Region,363.76,360.76,6695.0,6640.8,107.93,10.05,50.36,21.0,0.0,46.4,1,None
2023-02-26 15:00:00,Maharashtra,Western Region,305.69,300.54,5638.8,5494.2,78.71,8.11,46.74,21.7,0.0,45.4,1,None
2023-02-26 16:00:00,Maharashtra,Western Region,315.21,305.96,5857.1,5662.5,52.99,27.53,56.66,19.2,0.0,48.1,1,None
2023-02-26 17:00:00,Maharashtra,Western Region,310.4,307.99,5782.4,5744.6,36.72,34.74,56.44,23.7,0.0,41.3,1,None
2023-02-26 18:00:00,Maharashtra,Western Region,305.76,298.27,5591.1,5504.8,1.0,32.16,53.63,19.0,0.0,46.4,1,None
2023-02-26 19:00:00,Maharashtra,Western Region,291.69,287.3,5407.7,5279.5,0.0,46.59,57.79,19.8,0.0,52.7,1,None
2023-02-26 20:00:00,Maharashtra,Western Region,346.64,346.0,6460.0,6399.5,0.0,39.03,43.86,16.0,0.0,54.8,1,None
2023-02-26 21:00:00,Maharashtra,Western Region,301.48,300.52,5563.8,5360.5,0.0,26.93,55.8,17.6,0.0,41.7,1,None
2023-02-26 22:00:00,Maharashtra,Western Region,317.59,309.31,5907.9,5796.2,0.0,43.58,50.72,18.6,0.0,43.7,1,None
2023-02-26 23:00:00,Maharashtra,Western Region,286.28,280.13,5319.9,5234.0,0.0,49.74,52.72,16.6,0.0,38.0,1,None
2023-02-27 00:00:00,Maharashtra,Western Region,311.13,307.8,5753.9,5594.4,0.0,44.33,54.9,17.7,0.7,31.5,0,None
2023-02-27 01:00:00,Maharashtra,Western Region,285.4,278.72,5249.7,5095.8,0.0,45.08,50.36,16.2,0.0,53.9,0,None
2023-02-27 02:00:00,Maharashtra,Western Region,236.24,235.35,4420.7,4278.5,0.0,35.34,49.03,14.9,0.0,45.7,0,None
2023-02-27 03:00:00,Maharashtra,Western Region,254.28,252.38,4697.2,4548.1,0.0,35.97,56.66,14.4,0.0,47.2,0,None
2023-02-27 04:00:00,Maharashtra,Western Region,228.32,222.23,4227.5,4161.6,0.0,43.52,47.23,15.4,0.0,37.2,0,None
2023-02-27 05:00:00,Maharashtra,Western Region,271.03,269.75,4975.1,4844.0,0.0,49.05,45.8,14.9,0.0,52.8,0,None
2023-02-27 06:00:00,Maharashtra,Western Region,317.36,314.32,5923.2,5817.2,2.17,28.29,45.91,17.0,0.0,45.7,0,None
2023-02-27 07:00:00,Maharashtra,Western Region,321.84,318.97,6012.5,5965.7,35.46,28.33,52.73,19.4,0.0,48.5,0,None
2023-02-27 08:00:00,Maharashtra,Western Region,384.14,383.88,6985.1,6895.1,68.61,35.1,51.65,17.6,0.0,42.8,0,None
2023-02-27 09:00:00,Maharashtra,Western Region,436.78,427.46,8104.9,7844.0,83.59,37.34,55.47,18.5,0.0,44.4,0,None
2023-02-27 10:00:00,Maharashtra,Western Region,467.49,456.9,8646.3,8430.6,100.3,14.65,55.1,20.7,0.0,51.1,0,None
2023-02-27 11:00:00,Maharashtra,Western Region,491.05,476.79,9056.6,8917.6,123.4,13.05,51.1,19.9,0.0,42.4,0,None
2023-02-27 12:00:00,Maharashtra,Western Region,456.98,454.51,8483.3,8147.2,123.06,26.0,39.88,21.7,0.0,37.0,0,None
2023-02-27 13:00:00,Maharashtra,Western Region,467.02,454.17,8648.5,8597.4,114.4,17.07,51.97,23.0,0.0,50.4,0,None
2023-02-27 14:00:00,Maharashtra,Western Region,402.34,392.82,7439.5,7270.6,111.3,16.55,47.83,19.3,0.0,51.9,0,None
2023-02-27 15:00:00,Maharashtra,Western Region,399.66,396.52,7358.9,7290.5,80.84,25.15,45.85,21.0,0.0,44.2,0,None
2023-02-27 16:00:00,Maharashtra,Western Region,370.73,369.87,6893.0,6721.0,56.74,16.88,46.99,21.2,0.0,44.8,0,None
2023-02-27 17:00:00,Maharashtra,Western Region,331.05,328.2,6136.5,6006.8,27.18,40.82,38.51,17.4,0.0,45.8,0,None
2023-02-27 18:00:00,Maharashtra,Western Region,332.07,331.17,6066.3,6026.7,6.11,45.27,48.98,20.9,0.0,49.9,0,None
2023-02-27 19:00:00,Maharashtra,Western Region,362.58,358.4,6651.5,6532.0,0.0,42.46,39.27,17.2,0.0,51.9,0,None
2023-02-27 20:00:00,Maharashtra,Western Region,364.13,353.57,6770.1,6769.2,0.0,44.97,48.72,17.0,0.0,34.2,0,None
2023-02-27 21:00:00,Maharashtra,Western Region,332.25,325.62,6126.5,5965.1,0.0,58.55,42.81,17.4,0.0,39.8,0,None
2023-02-27 22:00:00,Maharashtra,Western Region,381.68,371.74,7045.7,6798.3,0.0,44.59,46.98,13.9,0.0,43.5,0,None
2023-02-27 23:00:00,Maharashtra,Western Region,348.58,338.68,6434.4,6333.6,0.0,32.17,40.34,12.5,0.0,44.6,0,None
2023-02-28 00:00:00,Maharashtra,Western Region,324.42,315.5,6070.6,5894.1,0.0,52.54,50.93,13.3,0.0,56.5,0,None
2023-02-28 01:00:00,Maharashtra,Western Region,272.27,265.14,4945.5,4906.4,0.0,50.8,48.18,14.9,0.0,30.8,0,None
2023-02-28 02:00:00,Maharashtra,Western Region,235.81,229.06,4290.8,4220.3,0.0,53.6,50.74,15.3,0.0,46.2,0,None
2023-02-28 03:00:00,Maharashtra,Western Region,225.89,225.24,4201.6,4072.3,0.0,35.37,48.67,15.5,0.0,51.0,0,None
2023-02-28 04:00:00,Maharashtra,Western Region,223.58,220.65,4163.8,4010.1,0.0,42.46,47.34,15.7,0.0,41.3,0,None
2023-02-28 05:00:00,Maharashtra,Western Region,244.5,243.82,4620.6,4466.8,0.0,39.62,48.29,14.6,0.0,51.7,0,None
2023-02-28 06:00:00,Maharashtra,Western Region,351.21,346.07,6556.0,6448.0,0.0,40.23,43.57,13.0,0.0,45.2,0,None
2023-02-28 07:00:00,Maharashtra,Western Region,345.45,337.38,6347.0,6142.8,23.39,29.44,46.91,17.0,0.0,39.4,0,None
2023-02-28 08:00:00,Maharashtra,Western Region,420.27,410.98,7837.5,7768.1,58.86,28.84,48.1,17.5,0.0,41.6,0,None
2023-02-28 09:00:00,Maharashtra,Western Region,422.39,410.21,7741.7,7533.3,77.38,24.46,49.95,19.5,1.1,41.5,0,None
2023-02-28 10:00:00,Maharashtra,Western Region,479.65,469.2,8820.0,8558.7,101.24,16.35,48.97,19.4,0.0,44.3,0,None
2023-02-28 11:00:00,Maharashtra,Western Region,452.55,441.03,8315.1,8252.0,117.29,32.98,49.71,21.2,0.0,32.5,0,None
2023-02-28 12:00:00,Maharashtra,Western Region,481.52,470.91,8850.0,8688.9,120.43,14.53,52.1,21.3,0.0,57.9,0,None
2023-02-28 13:00:00,Maharashtra,Western Region,449.25,442.07,8333.2,8278.2,114.67,20.67,54.52,24.0,0.0,26.0,0,None
2023-02-28 14:00:00,Maharashtra,Western Region,395.68,390.12,7243.7,7233.5,105.86,39.49,56.82,21.4,0.0,42.2,0,None
2023-02-28 15:00:00,Maharashtra,Western Region,378.07,367.42,6918.3,6786.0,85.41,32.18,55.18,24.2,0.4,50.5,0,None
2023-02-28 16:00:00,Maharashtra,Western Region,357.83,348.28,6686.7,6554.4,61.1,16.03,61.58,20.8,0.0,44.0,0,None
2023-02-28 17:00:00,Maharashtra,Western Region,354.48,348.29,6541.5,6476.2,35.33,30.22,56.32,20.4,0.0,53.3,0,None
2023-02-28 18:00:00,Maharashtra,Western Region,334.22,333.44,6194.1,6135.7,0.0,46.08,58.16,16.8,0.0,52.0,0,None
2023-02-28 19:00:00,Maharashtra,Western Region,362.06,359.47,6678.1,6507.8,0.0,51.8,53.79,17.3,0.0,46.3,0,None
2023-02-28 20:00:00,Maharashtra,Western Region,329.98,329.63,6076.9,5852.4,0.0,41.97,53.01,17.9,0.0,43.9,0,None
2023-02-28 21:00:00,Maharashtra,Western Region,385.09,383.6,7148.1,6942.6,0.0,48.46,51.53,15.8,0.0,32.3,0,None
2023-02-28 22:00:00,Maharashtra,Western Region,350.79,345.23,6509.4,6260.7,0.0,54.62,35.24,16.2,0.0,58.2,0,None
2023-02-28 23:00:00,Maharashtra,Western Region,298.22,296.42,5447.7,5303.4,0.0,49.74,48.02,16.6,0.0,42.2,0,None
2023-03-01 00:00:00,Maharashtra,Western Region,305.82,298.81,5664.1,5557.2,0.0,41.97,53.06,22.8,0.0,34.8,0,None
2023-03-01 01:00:00,Maharashtra,Western Region,256.77,256.23,4744.6,4636.7,0.0,56.44,59.63,19.6,0.0,42.9,0,None
2023-03-01 02:00:00,Maharashtra,Western Region,236.04,235.29,4365.5,4209.0,0.0,49.26,41.84,20.8,0.0,49.0,0,None
2023-03-01 03:00:00,Maharashtra,Western Region,254.92,249.55,4643.2,4513.6,0.0,53.57,61.89,23.9,0.0,50.5,0,None
2023-03-01 04:00:00,Maharashtra,Western Region,264.81,261.7,4833.4,4801.4,0.0,41.73,63.64,26.6,0.0,44.6,0,None
2023-03-01 05:00:00,Maharashtra,Western Region,262.98,260.25,4793.5,4709.9,0.0,38.76,47.36,21.4,0.0,47.5,0,None
2023-03-01 06:00:00,Maharashtra,Western Region,347.18,340.02,6381.6,6358.5,0.0,21.07,47.61,28.3,0.0,46.3,0,None
2023-03-01 07:00:00,Maharashtra,Western Region,379.82,377.14,7061.7,6843.1,40.14,33.7,50.95,27.7,0.0,55.9,0,None
2023-03-01 08:00:00,Maharashtra,Western Region,465.47,453.34,8543.0,8446.2,54.39,5.24,49.48,28.1,0.0,53.1,0,None
2023-03-01 09:00:00,Maharashtra,Western Region,487.8,473.72,8975.5,8873.0,81.77,24.58,47.99,27.5,0.0,52.6,0,None
2023-03-01 10:00:00,Maharashtra,Western Region,604.08,591.44,11176.7,10819.2,104.6,35.47,47.95,30.5,0.0,37.3,0,None
2023-03-01 11:00:00,Maharashtra,Western Region,492.2,483.51,9095.2,8750.2,121.96,29.27,49.23,26.4,0.0,57.9,0,None
2023-03-01 12:00:00,Maharashtra,Western Region,561.23,560.49,10352.0,10178.2,128.55,21.36,54.36,30.0,0.0,41.2,0,None
2023-03-01 13:00:00,Maharashtra,Western Region,519.23,506.33,9613.9,9297.2,117.28,21.72,57.39,29.2,0.0,55.1,0,None
2023-03-01 14:00:00,Maharashtra,Western Region,477.77,477.67,8784.8,8652.2,108.47,20.72,58.23,28.8,0.0,33.8,0,None
2023-03-01 15:00:00,Maharashtra,Western Region,434.52,433.33,8146.5,7956.0,82.47,29.83,43.22,29.3,0.0,40.2,0,None
2023-03-01 16:00:00,Maharashtra,Western Region,426.7,418.62,7870.9,7686.8,67.75,37.01,60.54,30.5,0.0,34.2,0,None
2023-03-01 17:00:00,Maharashtra,Western Region,422.93,413.32,7871.3,7843.2,31.11,19.92,59.84,30.9,0.1,46.8,0,None
2023-03-01 18:00:00,Maharashtra,Western Region,409.07,408.71,7597.8,7398.6,1.46,45.59,54.41,29.3,0.0,43.5,0,None
2023-03-01 19:00:00,Maharashtra,Western Region,409.2,401.34,7463.5,7169.7,0.0,45.5,55.06,28.9,0.0,28.4,0,None
2023-03-01 20:00:00,Maharashtra,Western Region,333.59,332.02,6221.5,6062.5,0.0,42.65,53.5,25.5,0.0,46.4,0,None
2023-03-01 21:00:00,Maharashtra,Western Region,359.72,353.59,6694.1,6441.5,0.0,45.27,48.88,26.9,0.0,41.6,0,None
2023-03-01 22:00:00,Maharashtra,Western Region,363.72,358.06,6709.0,6582.7,0.0,41.4,49.04,27.2,0.0,49.1,0,None
2023-03-01 23:00:00,Maharashtra,Western Region,322.43,316.1,5952.0,5718.1,0.0,47.26,52.12,25.1,0.0,64.4,0,None
2023-03-02 00:00:00,Maharashtra,Western Region,248.84,248.65,4542.1,4368.7,0.0,47.44,42.76,22.3,0.0,36.3,0,None
2023-03-02 01:00:00,Maharashtra,Western Region,251.71,247.91,4625.4,4606.9,0.0,37.66,36.62,23.3,0.0,49.6,0,None
2023-03-02 02:00:00,Maharashtra,Western Region,245.59,242.73,4539.0,4489.7,0.0,50.66,58.74,24.7,0.0,34.4,0,None
2023-03-02 03:00:00,Maharashtra,Western Region,259.42,253.73,4810.8,4733.6,0.0,52.17,44.15,25.1,0.0,35.5,0,None
2023-03-02 04:00:00,Maharashtra,Western Region,238.49,236.07,4359.2,4306.1,0.0,49.54,53.72,26.7,0.0,35.2,0,None
2023-03-02 05:00:00,Maharashtra,Western Region,275.27,267.78,5049.8,5037.2,0.0,27.23,46.25,25.7,0.0,54.2,0,None
2023-03-02 06:00:00,Maharashtra,Western Region,318.11,315.0,5911.3,5727.9,5.58,32.65,45.11,25.4,0.0,46.9,0,None
2023-03-02 07:00:00,Maharashtra,Western Region,362.22,354.45,6605.9,6441.5,27.24,23.88,54.74,24.6,0.0,44.7,0,None
2023-03-02 08:00:00,Maharashtra,Western Region,430.54,427.83,7961.1,7764.4,56.01,13.0,36.96,26.3,0.0,48.6,0,None
2023-03-02 09:00:00,Maharashtra,Western Region,475.64,466.2,8755.0,8447.7,85.3,11.51,44.48,27.2,0.0,47.3,0,None
2023-03-02 10:00:00,Maharashtra,Western Region,550.94,540.51,10105.3,9788.0,107.88,34.1,40.95,30.0,0.0,42.3,0,None
2023-03-02 11:00:00,Maharashtra,Western Region,603.96,598.88,11171.4,10774.4,111.04,21.58,56.37,31.4,0.0,61.4,0,None
2023-03-02 12:00:00,Maharashtra,Western Region,605.32,599.51,11233.5,10926.3,130.76,34.29,44.41,31.2,0.0,40.4,0,None
2023-03-02 13:00:00,Maharashtra,Western Region,593.7,576.36,11005.1,10763.3,110.16,9.78,59.17,32.9,0.0,42.5,0,None
2023-03-02 14:00:00,Maharashtra,Western Region,502.59,488.89,9279.3,8965.9,105.18,22.08,49.92,31.4,0.0,57.6,0,None
2023-03-02 15:00:00,Maharashtra,Western Region,445.19,443.89,8319.9,8289.4,77.87,28.11,56.9,29.2,0.0,54.5,0,None
2023-03-02 16:00:00,Maharashtra,Western Region,494.5,494.23,9183.2,8833.6,54.79,17.94,47.21,34.1,0.0,49.2,0,None
2023-03-02 17:00:00,Maharashtra,Western Region,440.35,429.29,8127.9,7890.9,31.3,39.28,53.21,30.5,0.0,60.4,0,None
2023-03-02 18:00:00,Maharashtra,Western Region,386.91,375.92,7180.4,7077.4,2.77,43.83,61.67,28.8,0.0,41.6,0,None
2023-03-02 19:00:00,Maharashtra,Western Region,368.79,360.11,6931.0,6930.6,0.0,49.99,50.59,26.3,0.0,41.1,0,None
2023-03-02 20:00:00,Maharashtra,Western Region,408.21,396.55,7459.3,7215.2,0.0,31.09,40.6,28.7,0.0,45.9,0,None
2023-03-02 21:00:00,Maharashtra,Western Region,387.58,380.87,7168.3,7046.1,0.0,44.55,57.63,27.2,0.0,42.3,0,None
2023-03-02 22:00:00,Maharashtra,Western Region,353.0,348.83,6484.4,6327.6,0.0,47.5,45.84,26.4,0.0,59.0,0,None
2023-03-02 23:00:00,Maharashtra,Western Region,312.27,308.98,5816.4,5698.5,0.0,49.96,56.32,24.1,0.0,55.4,0,None
2023-03-03 00:00:00,Maharashtra,Western Region,286.15,280.36,5324.3,5296.9,0.0,49.99,44.33,22.8,0.0,48.5,0,None
2023-03-03 01:00:00,Maharashtra,Western Region,272.33,265.45,5077.7,5020.5,0.0,53.42,42.57,22.9,0.1,67.4,0,None
2023-03-03 02:00:00,Maharashtra,Western Region,267.52,264.46,4941.8,4822.2,0.0,33.79,42.41,23.4,0.0,53.2,0,None
2023-03-03 03:00:00,Maharashtra,Western Region,237.19,231.81,4420.5,4340.0,0.0,50.66,47.97,23.1,0.0,46.5,0,None
2023-03-03 04:00:00,Maharashtra,Western Region,243.26,241.67,4563.1,4468.5,0.0,41.92,46.48,21.0,0.0,59.6,0,None
2023-03-03 05:00:00,Maharashtra,Western Region,277.77,270.07,5117.1,5064.2,0.0,40.76,59.47,25.9,0.0,40.3,0,None
2023-03-03 06:00:00,Maharashtra,Western Region,337.9,330.95,6161.9,6007.7,0.0,28.08,45.39,28.7,0.0,44.4,0,None
2023-03-03 07:00:00,Maharashtra,Western Region,397.52,396.53,7508.9,7458.8,43.32,39.42,55.73,28.0,0.0,49.9,0,None
2023-03-03 08:00:00,Maharashtra,Western Region,422.46,420.03,7841.4,7719.7,74.42,28.54,40.98,27.0,0.0,55.3,0,None
2023-03-03 09:00:00,Maharashtra,Western Region,504.33,496.85,9335.9,9262.5,79.65,39.72,50.27,27.9,0.0,33.9,0,None
2023-03-03 10:00:00,Maharashtra,Western Region,521.17,514.12,9684.9,9446.4,96.48,25.05,59.21,27.0,0.0,46.1,0,None
2023-03-03 11:00:00,Maharashtra,Western Region,580.73,571.99,10874.8,10597.6,111.2,7.97,45.44,30.9,0.0,47.0,0,None
2023-03-03 12:00:00,Maharashtra,Western Region,542.99,529.04,10024.2,9690.5,121.39,15.76,50.58,30.2,0.0,52.5,0,None
2023-03-03 13:00:00,Maharashtra,Western Region,595.24,594.35,10995.9,10855.9,117.48,22.42,49.62,33.6,0.0,48.0,0,None
2023-03-03 14:00:00,Maharashtra,Western Region,504.05,496.82,9315.8,9247.8,105.33,20.45,50.2,31.3,0.0,49.9,0,None
2023-03-03 15:00:00,Maharashtra,Western Region,461.68,448.26,8547.2,8407.5,85.01,15.99,50.95,31.1,0.0,33.4,0,None
2023-03-03 16:00:00,Maharashtra,Western Region,442.48,429.7,8231.7,8184.1,57.84,22.2,52.39,29.0,0.0,45.5,0,None
2023-03-03 17:00:00,Maharashtra,Western Region,444.09,435.78,8223.5,8126.9,36.12,35.84,42.45,30.6,0.0,50.8,0,None
2023-03-03 18:00:00,Maharashtra,Western Region,425.63,423.24,7806.2,7586.7,0.0,31.12,40.18,29.1,0.0,41.5,0,None
2023-03-03 19:00:00,Maharashtra,Western Region,394.51,387.79,7309.8,7083.9,0.0,39.44,57.05,29.0,0.0,36.1,0,None
2023-03-03 20:00:00,Maharashtra,Western Region,346.51,346.23,6474.4,6360.5,0.0,47.02,59.09,27.0,0.0,31.5,0,None
2023-03-03 21:00:00,Maharashtra,Western Region,359.66,356.01,6696.5,6447.1,0.0,43.69,50.07,24.7,0.0,39.0,0,None
2023-03-03 22:00:00,Maharashtra,Western Region,322.1,319.03,5922.6,5914.6,0.0,41.74,47.07,25.9,0.0,43.5,0,None
2023-03-03 23:00:00,Maharashtra,Western Region,275.56,270.03,5062.7,5054.1,0.0,53.13,51.02,23.3,0.0,43.6,0,None
2023-03-04 00:00:00,Maharashtra,Western Region,303.09,295.52,5600.5,5436.4,0.0,57.27,55.63,24.3,0.0,53.2,0,None
2023-03-04 01:00:00,Maharashtra,Western Region,271.01,267.07,4995.5,4941.4,0.0,36.66,48.22,20.9,0.0,52.9,0,None
2023-03-04 02:00:00,Maharashtra,Western Region,235.86,235.56,4332.0,4173.1,0.0,46.48,49.06,22.8,0.0,42.2,0,None
2023-03-04 03:00:00,Maharashtra,Western Region,232.07,231.46,4284.9,4217.7,0.0,35.65,49.36,23.5,0.0,45.5,0,None
2023-03-04 04:00:00,Maharashtra,Western Region,211.94,210.31,3931.1,3848.3,0.0,46.71,55.57,24.7,0.0,51.9,0,None
2023-03-04 05:00:00,Maharashtra,Western Region,284.06,278.56,5285.5,5275.8,0.0,28.88,54.38,25.6,0.0,40.0,0,None
2023-03-04 06:00:00,Maharashtra,Western Region,278.46,270.88,5076.3,4982.1,2.92,32.38,65.25,24.3,0.2,51.3,0,None
2023-03-04 07:00:00,Maharashtra,Western Region,348.09,346.98,6488.5,6453.7,36.09,35.66,55.97,24.5,0.0,55.2,0,None
2023-03-04 08:00:00,Maharashtra,Western Region,417.94,406.85,7700.7,7610.6,61.84,28.98,52.8,23.9,0.0,36.5,0,None
2023-03-04 09:00:00,Maharashtra,Western Region,475.03,472.95,8840.1,8770.3,89.82,21.1,49.84,27.6,0.0,37.7,0,None
2023-03-04 10:00:00,Maharashtra,Western Region,521.38,518.76,9648.7,9459.5,94.1,16.63,49.66,27.1,0.0,54.3,0,None
2023-03-04 11:00:00,Maharashtra,Western Region,583.48,575.19,10801.4,10428.6,116.52,21.66,45.12,30.3,0.0,33.1,0,None
2023-03-04 12:00:00,Maharashtra,Western Region,525.4,524.34,9700.4,9399.4,120.07,15.96,49.62,29.2,0.0,46.2,0,None
2023-03-04 13:00:00,Maharashtra,Western Region,539.93,532.71,10037.2,9882.8,117.46,33.59,63.15,31.2,0.8,50.6,0,None
2023-03-04 14:00:00,Maharashtra,Western Region,527.23,518.65,9715.0,9677.9,102.16,14.04,52.1,32.1,0.0,30.4,0,None
2023-03-04 15:00:00,Maharashtra,Western Region,478.24,468.21,8850.2,8801.2,86.61,26.0,39.94,31.3,0.0,56.5,0,None
2023-03-04 16:00:00,Maharashtra,Western Region,442.41,437.54,8153.3,8072.8,58.88,26.86,51.68,30.5,0.0,45.6,0,None
2023-03-04 17:00:00,Maharashtra,Western Region,394.9,393.74,7401.5,7298.2,32.24,35.37,54.27,29.5,0.0,48.4,0,None
2023-03-04 18:00:00,Maharashtra,Western Region,363.85,354.79,6727.5,6612.8,0.0,37.71,50.89,27.9,0.0,43.5,0,None
2023-03-04 19:00:00,Maharashtra,Western Region,432.86,422.77,7938.9,7935.2,0.0,31.88,53.53,30.2,0.0,41.5,0,None
2023-03-04 20:00:00,Maharashtra,Western Region,407.67,404.0,7547.1,7437.3,0.0,47.28,53.83,27.9,0.0,45.7,0,None
2023-03-04 21:00:00,Maharashtra,Western Region,356.04,346.93,6432.6,6431.9,0.0,52.84,46.21,26.7,0.0,48.5,0,None
2023-03-04 22:00:00,Maharashtra,Western Region,365.66,362.34,6786.1,6686.8,0.0,52.03,52.34,25.6,0.0,55.4,0,None
2023-03-04 23:00:00,Maharashtra,Western Region,320.17,319.9,5896.9,5761.8,0.0,50.85,50.07,21.5,0.0,51.3,0,None
2023-03-05 00:00:00,Maharashtra,Western Region,264.3,264.1,4860.6,4725.5,0.0,63.28,53.85,24.7,0.0,40.5,1,None
2023-03-05 01:00:00,Maharashtra,Western Region,236.82,234.81,4350.9,4202.7,0.0,44.22,46.77,26.3,0.0,39.5,1,None
2023-03-05 02:00:00,Maharashtra,Western Region,208.35,205.64,3825.0,3730.4,0.0,46.31,50.63,19.9,0.0,38.0,1,None
2023-03-05 03:00:00,Maharashtra,Western Region,203.44,202.42,3733.3,3676.9,0.0,38.17,60.12,25.6,0.0,45.4,1,None
2023-03-05 04:00:00,Maharashtra,Western Region,225.84,219.27,4218.2,4150.1,0.0,38.45,40.58,24.2,0.0,46.9,1,None
2023-03-05 05:00:00,Maharashtra,Western Region,216.98,214.45,4059.6,4022.4,0.0,41.39,51.01,24.3,0.0,55.9,1,None
2023-03-05 06:00:00,Maharashtra,Western Region,263.6,259.69,4840.6,4764.3,3.24,35.55,45.09,26.2,0.0,36.0,1,None
2023-03-05 07:00:00,Maharashtra,Western Region,340.85,334.6,6274.1,6248.7,34.81,16.0,54.91,26.5,0.0,35.2,1,None
2023-03-05 08:00:00,Maharashtra,Western Region,433.9,427.69,8025.9,7821.2,55.67,21.52,39.29,29.1,0.0,40.5,1,None
2023-03-05 09:00:00,Maharashtra,Western Region,405.69,397.91,7569.5,7364.9,82.18,27.17,46.63,27.2,0.0,33.1,1,None
2023-03-05 10:00:00,Maharashtra,Western Region,490.09,478.97,9055.1,9012.8,104.1,25.03,60.52,28.3,0.0,63.9,1,None
2023-03-05 11:00:00,Maharashtra,Western Region,586.94,578.97,10881.5,10446.7,117.85,30.21,47.54,32.9,0.0,54.2,1,None
2023-03-05 12:00:00,Maharashtra,Western Region,518.85,511.05,9602.4,9452.0,111.85,20.26,59.21,29.7,0.0,50.0,1,None
2023-03-05 13:00:00,Maharashtra,Western Region,501.84,490.84,9249.2,9150.4,115.93,16.55,51.35,30.5,0.0,51.9,1,None
2023-03-05 14:00:00,Maharashtra,Western Region,468.45,460.64,8706.5,8587.8,105.83,29.27,56.54,32.3,0.0,35.9,1,None
2023-03-05 15:00:00,Maharashtra,Western Region,484.73,472.44,8933.2,8675.9,86.13,21.59,55.43,33.6,0.0,40.6,1,None
2023-03-05 16:00:00,Maharashtra,Western Region,344.6,336.37,6406.6,6233.5,57.02,15.71,52.11,28.2,0.0,50.4,1,None
2023-03-05 17:00:00,Maharashtra,Western Region,375.93,373.17,6955.0,6774.2,33.7,30.94,54.86,31.0,0.0,40.3,1,None
2023-03-05 18:00:00,Maharashtra,Western Region,336.82,335.59,6250.7,6196.6,6.55,29.37,54.45,26.7,0.0,49.7,1,None
2023-03-05 19:00:00,Maharashtra,Western Region,366.91,363.3,6824.0,6630.7,0.0,30.62,52.54,28.4,0.0,44.6,1,None
2023-03-05 20:00:00,Maharashtra,Western Region,311.08,302.46,5725.1,5706.8,0.0,36.65,42.55,25.5,0.0,44.8,1,None
2023-03-05 21:00:00,Maharashtra,Western Region,301.11,300.89,5526.5,5387.5,0.0,51.03,51.24,22.4,0.0,50.6,1,None
2023-03-05 22:00:00,Maharashtra,Western Region,307.37,301.89,5644.3,5555.4,0.0,44.62,50.54,25.6,0.0,43.4,1,None
2023-03-05 23:00:00,Maharashtra,Western Region,277.64,270.2,5109.1,4933.3,0.0,54.57,51.86,25.2,0.0,44.2,1,None
2023-03-06 00:00:00,Maharashtra,Western Region,296.23,295.76,5381.3,5250.3,0.0,42.62,50.56,20.5,0.0,46.1,0,None
2023-03-06 01:00:00,Maharashtra,Western Region,261.58,258.52,4801.7,4690.7,0.0,54.15,42.01,22.9,0.0,39.9,0,None
2023-03-06 02:00:00,Maharashtra,Western Region,251.51,249.17,4638.2,4479.7,0.0,29.02,46.81,24.9,0.0,40.2,0,None
2023-03-06 03:00:00,Maharashtra,Western Region,246.52,246.01,4565.0,4552.2,0.0,42.19,38.92,24.5,0.0,46.7,0,None
2023-03-06 04:00:00,Maharashtra,Western Region,223.58,223.05,4090.1,3939.1,0.0,48.47,49.79,19.4,0.0,61.6,0,None
2023-03-06 05:00:00,Maharashtra,Western Region,266.68,263.04,4925.2,4860.1,0.0,31.69,53.2,26.6,0.0,52.6,0,None
2023-03-06 06:00:00,Maharashtra,Western Region,309.75,302.18,5816.2,5793.9,10.26,45.45,56.92,26.1,0.0,45.6,0,None
2023-03-06 07:00:00,Maharashtra,Western Region,376.91,374.41,6861.0,6740.8,36.19,25.45,35.88,26.6,0.0,45.2,0,None
2023-03-06 08:00:00,Maharashtra,Western Region,447.86,439.96,8273.5,8185.4,59.85,39.21,50.88,27.0,0.0,46.5,0,None
2023-03-06 09:00:00,Maharashtra,Western Region,470.8,465.39,8728.5,8572.6,86.14,28.14,44.9,26.7,0.0,43.8,0,None
2023-03-06 10:00:00,Maharashtra,Western Region,556.21,554.99,10291.2,9924.4,107.52,24.34,54.0,29.4,0.0,41.6,0,None
2023-03-06 11:00:00,Maharashtra,Western Region,532.67,518.38,9855.4,9749.8,114.87,21.55,48.54,30.1,0.0,56.7,0,None
2023-03-06 12:00:00,Maharashtra,Western Region,541.39,538.06,9986.6,9899.7,109.91,26.93,41.96,28.7,0.0,38.0,0,None
2023-03-06 13:00:00,Maharashtra,Western Region,546.14,531.79,10039.4,9841.4,118.79,24.23,53.41,30.2,0.0,38.0,0,None
2023-03-06 14:00:00,Maharashtra,Western Region,503.54,493.9,9281.7,9176.0,91.11,15.51,46.47,30.9,0.0,43.2,0,None
2023-03-06 15:00:00,Maharashtra,Western Region,455.29,450.44,8350.6,8202.2,75.43,25.13,47.6,32.8,0.0,36.1,0,None
2023-03-06 16:00:00,Maharashtra,Western Region,488.81,480.86,9109.1,8846.3,44.02,25.41,45.98,31.8,0.0,47.6,0,None
2023-03-06 17:00:00,Maharashtra,Western Region,399.59,394.41,7353.2,7304.7,32.62,32.78,47.61,29.8,0.0,27.9,0,None
2023-03-06 18:00:00,Maharashtra,Western Region,413.57,413.45,7607.7,7457.4,0.0,41.93,52.64,29.9,0.0,37.8,0,None
2023-03-06 19:00:00,Maharashtra,Western Region,405.62,400.39,7594.9,7317.0,0.0,62.58,46.22,28.6,0.0,56.7,0,None
2023-03-06 20:00:00,Maharashtra,Western Region,410.81,399.95,7620.9,7363.9,0.0,49.1,54.45,28.0,0.0,33.6,0,None
2023-03-06 21:00:00,Maharashtra,Western Region,352.03,351.04,6484.7,6381.1,0.0,51.91,44.1,26.1,0.0,48.6,0,None
2023-03-06 22:00:00,Maharashtra,Western Region,346.5,337.27,6476.0,6325.1,0.0,45.34,51.78,24.7,0.0,47.1,0,None
2023-03-06 23:00:00,Maharashtra,Western Region,299.75,293.84,5488.1,5402.2,0.0,52.75,44.38,23.3,0.0,50.1,0,None
2023-03-07 00:00:00,Maharashtra,Western Region,302.2,301.57,5579.5,5477.2,0.0,54.95,52.99,22.4,0.0,42.6,0,None
2023-03-07 01:00:00,Maharashtra,Western Region,242.52,240.03,4578.3,4477.8,0.0,68.54,49.49,22.8,0.0,41.7,0,None
2023-03-07 02:00:00,Maharashtra,Western Region,254.1,246.83,4684.9,4635.9,0.0,39.56,47.5,22.0,0.0,35.1,0,None
2023-03-07 03:00:00,Maharashtra,Western Region,217.17,215.38,3971.4,3838.5,0.0,31.95,47.94,21.8,0.0,50.0,0,None
2023-03-07 04:00:00,Maharashtra,Western Region,240.75,235.78,4515.1,4462.4,0.0,46.51,42.92,23.9,0.0,53.9,0,None
2023-03-07 05:00:00,Maharashtra,Western Region,249.15,242.26,4516.6,4339.1,0.0,45.48,57.76,23.6,0.0,40.7,0,None
2023-03-07 06:00:00,Maharashtra,Western Region,340.36,334.92,6281.9,6129.2,0.0,24.46,54.04,27.6,0.0,38.7,0,None
2023-03-07 07:00:00,Maharashtra,Western Region,370.74,367.48,6809.2,6776.3,23.17,38.83,41.36,26.7,0.3,47.0,0,None
2023-03-07 08:00:00,Maharashtra,Western Region,401.97,399.77,7464.4,7236.0,52.54,45.6,46.97,25.6,0.0,50.5,0,None
2023-03-07 09:00:00,Maharashtra,Western Region,458.14,453.37,8442.2,8107.9,80.18,30.07,47.16,27.0,0.0,59.7,0,None
2023-03-07 10:00:00,Maharashtra,Western Region,534.11,531.88,9927.0,9533.7,98.87,21.21,46.23,28.2,0.0,24.6,0,None
2023-03-07 11:00:00,Maharashtra,Western Region,539.7,537.15,9947.6,9585.5,114.96,7.24,42.04,29.7,0.0,46.8,0,None
2023-03-07 12:00:00,Maharashtra,Western Region,612.99,609.17,11316.8,10892.2,120.39,29.11,36.64,33.9,0.0,45.1,0,None
2023-03-07 13:00:00,Maharashtra,Western Region,519.92,513.35,9579.1,9384.1,113.26,19.64,55.81,30.5,0.0,41.1,0,None
2023-03-07 14:00:00,Maharashtra,Western Region,487.23,477.26,8945.6,8776.1,100.69,39.16,48.46,29.7,0.0,31.6,0,None
2023-03-07 15:00:00,Maharashtra,Western Region,490.73,486.01,8958.9,8621.0,86.6,25.62,43.89,31.9,0.0,50.8,0,None
2023-03-07 16:00:00,Maharashtra,Western Region,473.16,465.54,8669.5,8381.2,58.82,26.19,54.03,31.0,0.3,51.4,0,None
2023-03-07 17:00:00,Maharashtra,Western Region,409.19,400.22,7574.7,7471.3,30.15,29.14,57.0,29.9,0.0,43.3,0,None
2023-03-07 18:00:00,Maharashtra,Western Region,422.17,416.05,7840.2,7706.0,0.0,34.0,46.76,30.0,0.0,55.0,0,None
2023-03-07 19:00:00,Maharashtra,Western Region,424.23,416.52,7943.3,7723.0,0.0,28.52,58.75,29.0,0.0,54.2,0,None
2023-03-07 20:00:00,Maharashtra,Western Region,401.7,394.09,7434.2,7400.0,0.0,49.52,45.23,29.2,0.0,30.0,0,None
2023-03-07 21:00:00,Maharashtra,Western Region,373.02,371.26,6910.2,6744.7,0.0,29.97,44.49,24.8,0.0,54.1,0,None
2023-03-07 22:00:00,Maharashtra,Western Region,319.64,315.22,5922.4,5728.9,0.0,48.8,48.87,23.3,0.5,43.2,0,None
2023-03-07 23:00:00,Maharashtra,Western Region,343.92,338.55,6323.6,6185.4,0.0,53.16,45.68,26.2,0.0,42.8,0,None
2023-03-08 00:00:00,Maharashtra,Western Region,276.93,274.65,5154.7,5091.2,0.0,63.74,52.05,24.2,0.2,51.2,1,Holi
2023-03-08 01:00:00,Maharashtra,Western Region,225.44,220.99,4201.3,4189.7,0.0,63.92,48.6,23.9,0.0,53.6,1,Holi
2023-03-08 02:00:00,Maharashtra,Western Region,211.61,210.91,3967.8,3861.4,0.0,41.63,54.02,21.1,0.0,47.4,1,Holi
2023-03-08 03:00:00,Maharashtra,Western Region,224.12,223.06,4133.1,4085.3,0.0,51.11,52.04,23.1,0.0,39.2,1,Holi
2023-03-08 04:00:00,Maharashtra,Western Region,226.41,224.38,4220.4,4176.0,0.0,48.54,46.39,27.1,0.0,46.2,1,Holi
2023-03-08 05:00:00,Maharashtra,Western Region,236.37,235.3,4418.3,4266.1,0.0,33.29,49.51,25.0,0.0,61.0,1,Holi
2023-03-08 06:00:00,Maharashtra,Western Region,275.82,271.07,5033.5,4848.7,0.0,38.21,54.49,25.5,0.0,42.0,1,Holi
2023-03-08 07:00:00,Maharashtra,Western Region,284.24,276.19,5329.7,5261.0,34.29,37.02,51.65,22.8,0.0,38.9,1,Holi
2023-03-08 08:00:00,Maharashtra,Western Region,353.47,344.04,6542.6,6314.3,49.15,19.86,46.1,26.4,0.0,28.9,1,Holi
2023-03-08 09:00:00,Maharashtra,Western Region,473.65,461.03,8690.2,8451.5,74.53,25.54,45.46,28.7,0.0,50.3,1,Holi
2023-03-08 10:00:00,Maharashtra,Western Region,438.37,437.25,8151.1,8109.3,95.69,23.05,49.02,27.3,0.0,42.8,1,Holi
2023-03-08 11:00:00,Maharashtra,Western Region,479.91,471.42,8868.2,8692.5,122.38,34.62,48.46,30.7,0.0,32.2,1,Holi
2023-03-08 12:00:00,Maharashtra,Western Region,554.82,543.32,10217.4,9830.4,118.55,23.25,48.22,32.5,0.0,39.3,1,Holi
2023-03-08 13:00:00,Maharashtra,Western Region,523.64,514.73,9701.8,9378.3,111.84,32.22,57.11,32.5,0.0,56.4,1,Holi
2023-03-08 14:00:00,Maharashtra,Western Region,449.92,446.99,8292.8,8287.4,107.31,30.88,54.84,30.0,0.0,30.4,1,Holi
2023-03-08 15:00:00,Maharashtra,Western Region,455.18,450.54,8348.9,8125.1,86.44,28.21,51.31,33.7,0.0,34.0,1,Holi
2023-03-08 16:00:00,Maharashtra,Western Region,391.65,387.78,7209.2,7086.6,56.72,31.49,48.63,29.5,0.0,42.3,1,Holi
2023-03-08 17:00:00,Maharashtra,Western Region,362.05,361.94,6740.6,6691.9,32.76,26.47,61.68,28.7,0.0,57.0,1,Holi
2023-03-08 18:00:00,Maharashtra,Western Region,371.21,362.12,6872.5,6786.9,1.97,48.86,45.83,28.8,0.0,42.9,1,Holi
2023-03-08 19:00:00,Maharashtra,Western Region,328.58,322.35,6126.7,6090.6,0.0,26.33,51.78,27.1,0.0,53.2,1,Holi
2023-03-08 20:00:00,Maharashtra,Western Region,359.45,351.13,6668.6,6599.5,0.0,32.12,54.2,27.7,0.0,44.6,1,Holi
2023-03-08 21:00:00,Maharashtra,Western Region,301.78,294.06,5625.0,5480.6,0.0,43.12,44.85,24.0,0.0,39.6,1,Holi
2023-03-08 22:00:00,Maharashtra,Western Region,302.17,295.02,5568.8,5531.2,0.0,37.8,43.94,22.5,0.0,52.8,1,Holi
2023-03-08 23:00:00,Maharashtra,Western Region,298.02,289.8,5517.2,5470.4,0.0,43.39,40.09,27.2,0.0,53.4,1,Holi
2023-03-09 00:00:00,Maharashtra,Western Region,297.95,292.72,5574.9,5504.7,0.0,67.06,44.0,24.6,0.0,46.5,0,None
2023-03-09 01:00:00,Maharashtra,Western Region,249.41,248.34,4584.0,4579.3,0.0,52.98,49.69,24.0,0.0,37.9,0,None
2023-03-09 02:00:00,Maharashtra,Western Region,226.98,223.31,4222.7,4063.8,0.0,49.19,37.27,23.1,0.0,43.7,0,None
2023-03-09 03:00:00,Maharashtra,Western Region,226.87,222.92,4199.9,4154.1,0.0,56.24,50.85,24.6,0.0,50.9,0,None
2023-03-09 04:00:00,Maharashtra,Western Region,269.68,263.32,4946.2,4795.3,0.0,41.07,49.39,26.8,0.0,30.3,0,None
2023-03-09 05:00:00,Maharashtra,Western Region,244.55,241.6,4578.2,4486.8,0.0,44.52,44.85,24.9,0.0,53.2,0,None
2023-03-09 06:00:00,Maharashtra,Western Region,346.42,340.89,6452.0,6403.0,0.0,30.98,42.39,26.0,0.0,37.2,0,None
2023-03-09 07:00:00,Maharashtra,Western Region,359.17,356.72,6594.8,6463.9,35.04,36.86,53.23,26.0,0.0,57.6,0,None
2023-03-09 08:00:00,Maharashtra,Western Region,445.33,441.46,8288.8,8168.1,58.59,18.33,42.55,27.5,0.0,38.7,0,None
2023-03-09 09:00:00,Maharashtra,Western Region,530.0,522.44,9767.8,9750.9,85.06,28.83,58.06,30.7,0.0,52.7,0,None
2023-03-09 10:00:00,Maharashtra,Western Region,569.32,552.4,10508.8,10423.9,96.38,8.93,58.14,29.8,0.0,43.2,0,None
2023-03-09 11:00:00,Maharashtra,Western Region,569.09,568.24,10524.3,10453.2,121.83,8.16,53.12,30.2,0.0,45.3,0,None
2023-03-09 12:00:00,Maharashtra,Western Region,586.74,575.72,10773.1,10503.7,120.7,11.61,54.2,30.6,0.0,38.5,0,None
2023-03-09 13:00:00,Maharashtra,Western Region,581.53,566.77,10722.2,10434.4,111.03,38.16,47.69,32.0,0.2,51.9,0,None
2023-03-09 14:00:00,Maharashtra,Western Region,510.36,508.39,9450.8,9142.8,102.66,23.64,42.88,31.7,0.0,34.2,0,None
2023-03-09 15:00:00,Maharashtra,Western Region,503.51,490.45,9373.6,9211.8,79.41,24.38,52.79,31.9,0.0,35.7,0,None
2023-03-09 16:00:00,Maharashtra,Western Region,400.18,399.04,7313.5,7189.5,55.8,37.28,50.37,29.8,0.0,42.8,0,None
2023-03-09 17:00:00,Maharashtra,Western Region,406.25,399.69,7486.9,7419.2,21.66,42.19,51.47,27.4,0.0,48.6,0,None
2023-03-09 18:00:00,Maharashtra,Western Region,397.39,397.27,7353.9,7093.8,0.0,52.66,50.75,27.6,0.0,53.1,0,None
2023-03-09 19:00:00,Maharashtra,Western Region,375.09,369.91,7015.5,6759.6,0.0,52.65,42.35,26.5,0.0,56.8,0,None
2023-03-09 20:00:00,Maharashtra,Western Region,394.82,385.73,7381.1,7187.1,0.0,38.98,56.81,28.7,0.0,27.0,0,None
2023-03-09 21:00:00,Maharashtra,Western Region,358.67,349.96,6649.7,6521.8,0.0,44.85,51.39,25.7,0.0,40.7,0,None
2023-03-09 22:00:00,Maharashtra,Western Region,342.08,333.46,6420.7,6393.6,0.0,32.12,46.88,24.5,0.0,45.9,0,None
2023-03-09 23:00:00,Maharashtra,Western Region,305.24,302.29,5701.7,5579.3,0.0,49.47,53.32,25.7,0.0,37.6,0,None
2023-03-10 00:00:00,Maharashtra,Western Region,297.28,294.44,5453.4,5439.1,0.0,24.0,62.67,25.2,0.0,43.4,0,None
2023-03-10 01:00:00,Maharashtra,Western Region,267.51,265.56,4974.4,4905.2,0.0,41.68,47.95,24.1,0.0,54.7,0,None
2023-03-10 02:00:00,Maharashtra,Western Region,246.66,244.38,4521.6,4423.8,0.0,51.34,45.95,21.2,0.0,45.2,0,None
2023-03-10 03:00:00,Maharashtra,Western Region,236.54,230.77,4408.7,4359.2,0.0,40.31,52.06,22.5,0.0,38.6,0,None
2023-03-10 04:00:00,Maharashtra,Western Region,256.5,254.48,4717.8,4703.7,0.0,38.77,46.37,25.3,0.0,51.4,0,None
2023-03-10 05:00:00,Maharashtra,Western Region,240.05,237.4,4497.3,4467.4,0.0,31.39,50.66,22.6,0.0,52.7,0,None
2023-03-10 06:00:00,Maharashtra,Western Region,335.95,330.86,6204.1,6010.5,0.0,48.22,53.15,26.2,0.0,45.5,0,None
2023-03-10 07:00:00,Maharashtra,Western Region,371.37,362.59,6886.3,6879.6,37.99,35.75,49.9,27.1,0.0,57.7,0,None
2023-03-10 08:00:00,Maharashtra,Western Region,413.37,408.75,7712.2,7660.6,64.38,35.42,52.67,27.6,0.0,46.8,0,None
2023-03-10 09:00:00,Maharashtra,Western Region,465.48,458.6,8608.2,8312.7,86.93,33.32,47.6,27.9,0.0,47.9,0,None
2023-03-10 10:00:00,Maharashtra,Western Region,518.43,512.19,9584.2,9403.4,106.64,32.08,52.9,27.4,0.0,55.1,0,None
2023-03-10 11:00:00,Maharashtra,Western Region,578.37,575.8,10711.4,10375.6,110.69,19.82,51.59,30.7,0.0,45.9,0,None
2023-03-10 12:00:00,Maharashtra,Western Region,564.69,558.22,10462.7,10103.5,125.08,25.02,53.34,31.3,0.0,45.1,0,None
2023-03-10 13:00:00,Maharashtra,Western Region,481.04,472.35,8963.0,8913.5,113.47,28.71,56.87,30.0,0.0,27.7,0,None
2023-03-10 14:00:00,Maharashtra,Western Region,461.37,448.15,8456.8,8394.8,108.91,18.78,57.27,29.2,0.0,38.3,0,None
2023-03-10 15:00:00,Maharashtra,Western Region,440.77,434.21,8145.0,8095.3,87.39,26.8,60.84,29.1,0.0,44.7,0,None
2023-03-10 16:00:00,Maharashtra,Western Region,438.81,437.71,8121.7,7903.7,65.01,27.5,39.57,30.9,0.0,53.0,0,None
2023-03-10 17:00:00,Maharashtra,Western Region,370.42,361.72,6828.4,6616.4,27.75,16.77,52.81,26.2,0.0,49.1,0,None
2023-03-10 18:00:00,Maharashtra,Western Region,419.15,414.45,7817.6,7768.7,0.0,28.88,51.45,29.9,0.0,32.3,0,None
2023-03-10 19:00:00,Maharashtra,Western Region,381.22,378.31,7084.2,7028.8,0.0,42.5,39.3,26.5,0.0,55.9,0,None
2023-03-10 20:00:00,Maharashtra,Western Region,361.2,359.97,6635.5,6618.2,0.0,53.03,51.59,26.0,0.0,44.1,0,None
2023-03-10 21:00:00,Maharashtra,Western Region,387.07,386.7,7170.8,7082.4,0.0,47.4,54.38,26.6,0.0,44.8,0,None
2023-03-10 22:00:00,Maharashtra,Western Region,315.13,308.07,5852.2,5842.8,0.0,51.37,39.1,23.6,0.0,45.1,0,None
2023-03-10 23:00:00,Maharashtra,Western Region,325.69,317.15,6009.1,5998.0,0.0,48.72,48.73,25.9,0.0,43.7,0,None
2023-03-11 00:00:00,Maharashtra,Western Region,314.8,312.02,5864.3,5755.3,0.0,36.27,56.14,23.2,0.0,41.5,0,None
2023-03-11 01:00:00,Maharashtra,Western Region,260.55,254.68,4828.5,4760.3,0.0,46.61,53.4,23.6,0.0,49.9,0,None
2023-03-11 02:00:00,Maharashtra,Western Region,222.5,218.39,4089.2,4085.3,0.0,51.63,49.1,24.5,0.0,47.7,0,None
2023-03-11 03:00:00,Maharashtra,Western Region,230.51,224.63,4226.9,4097.6,0.0,31.24,46.1,23.8,0.0,39.5,0,None
2023-03-11 04:00:00,Maharashtra,Western Region,239.62,238.82,4520.5,4399.7,0.0,42.09,46.71,24.4,0.0,41.9,0,None
2023-03-11 05:00:00,Maharashtra,Western Region,261.44,254.33,4818.7,4721.9,0.0,45.23,50.49,22.3,0.0,49.1,0,None
2023-03-11 06:00:00,Maharashtra,Western Region,300.2,294.4,5503.2,5391.2,1.96,42.97,61.15,22.2,0.0,30.2,0,None
2023-03-11 07:00:00,Maharashtra,Western Region,363.93,358.09,6801.1,6662.8,33.7,35.95,40.04,25.9,0.3,51.6,0,None
2023-03-11 08:00:00,Maharashtra,Western Region,457.7,444.61,8444.1,8190.9,57.43,27.38,51.0,28.5,0.0,53.8,0,None
2023-03-11 09:00:00,Maharashtra,Western Region,524.68,516.8,9658.7,9566.4,85.26,21.74,54.52,30.0,0.0,38.7,0,None
2023-03-11 10:00:00,Maharashtra,Western Region,568.54,558.92,10511.6,10505.5,105.3,16.91,51.69,30.1,0.3,49.0,0,None
2023-03-11 11:00:00,Maharashtra,Western Region,578.49,576.78,10766.8,10503.6,118.36,20.52,43.45,30.0,0.0,43.4,0,None
2023-03-11 12:00:00,Maharashtra,Western Region,535.01,519.31,9881.7,9570.2,124.96,11.16,53.21,30.0,0.0,48.1,0,None
2023-03-11 13:00:00,Maharashtra,Western Region,522.83,520.97,9739.9,9458.4,119.96,11.68,44.28,28.7,0.0,67.6,0,None
2023-03-11 14:00:00,Maharashtra,Western Region,515.85,506.4,9535.5,9159.8,104.51,31.91,57.87,32.4,0.0,43.9,0,None
2023-03-11 15:00:00,Maharashtra,Western Region,490.13,478.44,9050.9,8951.8,81.47,12.89,47.22,31.0,0.0,52.6,0,None
2023-03-11 16:00:00,Maharashtra,Western Region,461.17,447.5,8521.7,8279.1,62.02,34.06,55.68,32.8,0.0,38.5,0,None
2023-03-11 17:00:00,Maharashtra,Western Region,402.31,398.41,7467.7,7207.7,32.02,38.27,48.86,28.3,0.0,43.3,0,None
2023-03-11 18:00:00,Maharashtra,Western Region,383.85,382.99,7188.4,6908.2,0.49,27.32,40.02,27.1,0.0,51.1,0,None
2023-03-11 19:00:00,Maharashtra,Western Region,366.24,359.74,6756.1,6596.3,0.0,52.48,70.94,26.5,0.0,54.8,0,None
2023-03-11 20:00:00,Maharashtra,Western Region,366.82,365.09,6821.5,6793.7,0.0,42.3,54.14,25.7,1.8,41.4,0,None
2023-03-11 21:00:00,Maharashtra,Western Region,348.7,341.8,6389.1,6253.1,0.0,37.93,48.65,25.0,0.0,44.4,0,None
2023-03-11 22:00:00,Maharashtra,Western Region,369.21,367.31,6864.5,6843.6,0.0,48.16,57.08,27.9,0.0,37.5,0,None
2023-03-11 23:00:00,Maharashtra,Western Region,314.16,310.17,5787.9,5617.7,0.0,54.81,54.65,23.0,0.0,47.2,0,None
2023-03-12 00:00:00,Maharashtra,Western Region,263.94,258.73,4826.1,4721.8,0.0,54.78,51.32,25.2,0.0,57.9,1,None
2023-03-12 01:00:00,Maharashtra,Western Region,242.4,237.89,4372.2,4260.3,0.0,49.6,64.14,21.8,2.0,34.3,1,None
2023-03-12 02:00:00,Maharashtra,Western Region,215.69,215.23,4049.3,3959.5,0.0,57.52,51.18,20.4,0.0,42.7,1,None
2023-03-12 03:00:00,Maharashtra,Western Region,179.41,174.3,3357.5,3345.7,0.0,33.85,55.71,24.2,0.0,34.7,1,None
2023-03-12 04:00:00,Maharashtra,Western Region,216.51,211.14,3989.0,3976.7,0.0,40.8,48.46,25.0,0.0,54.2,1,None
2023-03-12 05:00:00,Maharashtra,Western Region,244.44,238.82,4508.9,4444.4,0.0,31.62,43.74,26.9,0.0,46.5,1,None
2023-03-12 06:00:00,Maharashtra,Western Region,299.9,291.52,5581.8,5559.9,2.96,40.04,49.65,28.2,0.0,30.7,1,None
2023-03-12 07:00:00,Maharashtra,Western Region,340.01,335.35,6281.8,6238.8,23.25,34.27,36.3,27.2,0.0,42.9,1,None
2023-03-12 08:00:00,Maharashtra,Western Region,378.98,375.71,7012.5,6808.1,61.53,37.87,53.46,27.7,0.0,42.8,1,None
2023-03-12 09:00:00,Maharashtra,Western Region,446.7,443.51,8236.2,8220.8,79.95,31.29,47.69,28.5,0.0,40.8,1,None
2023-03-12 10:00:00,Maharashtra,Western Region,481.41,479.56,8971.4,8669.5,97.48,27.89,43.43,28.9,0.0,47.0,1,None
2023-03-12 11:00:00,Maharashtra,Western Region,451.74,440.71,8424.5,8199.4,113.36,10.01,49.87,27.6,0.0,38.3,1,None
2023-03-12 12:00:00,Maharashtra,Western Region,562.4,562.31,10466.7,10218.5,114.33,20.64,63.22,33.0,0.0,48.8,1,None
2023-03-12 13:00:00,Maharashtra,Western Region,496.7,496.66,9140.0,8837.8,106.12,28.1,47.72,31.6,0.0,41.8,1,None
2023-03-12 14:00:00,Maharashtra,Western Region,442.51,441.47,8157.4,7964.2,105.24,21.99,43.65,32.1,0.0,54.9,1,None
2023-03-12 15:00:00,Maharashtra,Western Region,435.48,425.51,8119.9,8079.0,84.44,35.54,55.32,31.0,0.0,48.7,1,None
2023-03-12 16:00:00,Maharashtra,Western Region,412.85,404.54,7661.7,7576.2,62.46,31.12,66.21,31.8,0.0,52.0,1,None
2023-03-12 17:00:00,Maharashtra,Western Region,365.0,357.75,6764.5,6597.2,39.4,40.7,52.11,30.8,0.0,47.9,1,None
2023-03-12 18:00:00,Maharashtra,Western Region,355.68,345.82,6555.8,6519.0,0.0,34.4,50.17,29.0,0.0,46.3,1,None
2023-03-12 19:00:00,Maharashtra,Western Region,353.11,349.28,6505.0,6464.9,0.0,40.43,50.06,27.7,0.0,51.9,1,None
2023-03-12 20:00:00,Maharashtra,Western Region,379.5,370.39,7108.3,7107.5,0.0,46.89,53.21,31.0,0.0,54.2,1,None
2023-03-12 21:00:00,Maharashtra,Western Region,350.93,349.84,6461.9,6218.5,0.0,39.8,52.89,27.2,0.0,43.6,1,None
2023-03-12 22:00:00,Maharashtra,Western Region,276.79,276.44,5115.9,5063.2,0.0,53.55,43.12,24.6,0.0,48.6,1,None
2023-03-12 23:00:00,Maharashtra,Western Region,284.17,280.6,5307.1,5219.9,0.0,42.09,59.08,24.1,0.0,54.7,1,None
2023-03-13 00:00:00,Maharashtra,Western Region,247.69,243.35,4629.5,4590.3,0.0,51.07,52.45,22.2,0.0,53.7,0,None
2023-03-13 01:00:00,Maharashtra,Western Region,269.27,267.4,4918.7,4864.4,0.0,41.82,58.1,23.0,0.0,47.3,0,None
2023-03-13 02:00:00,Maharashtra,Western Region,252.53,246.07,4675.2,4552.2,0.0,47.99,45.62,20.8,0.0,67.4,0,None
2023-03-13 03:00:00,Maharashtra,Western Region,195.69,192.3,3646.4,3527.5,0.0,46.38,53.47,20.3,0.0,40.0,0,None
2023-03-13 04:00:00,Maharashtra,Western Region,228.92,222.11,4132.3,4077.7,0.0,44.27,31.43,23.1,0.0,49.2,0,None
2023-03-13 05:00:00,Maharashtra,Western Region,283.12,274.86,5269.5,5167.0,0.0,23.56,48.16,22.8,0.0,40.0,0,None
2023-03-13 06:00:00,Maharashtra,Western Region,307.72,300.26,5732.0,5563.7,1.42,31.86,40.99,25.5,0.0,35.6,0,None
2023-03-13 07:00:00,Maharashtra,Western Region,393.07,381.57,7253.8,7061.2,37.12,15.0,48.87,28.2,0.0,33.6,0,None
2023-03-13 08:00:00,Maharashtra,Western Region,422.39,414.8,7860.4,7673.4,64.71,23.85,54.42,26.7,0.0,51.0,0,None
2023-03-13 09:00:00,Maharashtra,Western Region,468.43,468.38,8627.5,8617.8,82.96,31.31,52.01,27.4,0.0,37.9,0,None
2023-03-13 10:00:00,Maharashtra,Western Region,490.96,489.35,9055.7,9024.8,97.28,17.46,55.8,27.6,0.0,45.4,0,None
2023-03-13 11:00:00,Maharashtra,Western Region,593.75,575.96,10992.9,10979.5,125.84,12.65,40.62,32.5,0.0,37.5,0,None
2023-03-13 12:00:00,Maharashtra,Western Region,575.85,574.04,10596.8,10463.4,128.73,29.26,56.9,30.7,0.0,48.1,0,None
2023-03-13 13:00:00,Maharashtra,Western Region,490.42,483.83,9041.0,8803.8,119.15,32.2,52.51,28.2,0.0,36.0,0,None
2023-03-13 14:00:00,Maharashtra,Western Region,524.49,510.4,9740.7,9426.3,113.79,14.63,45.71,32.0,0.0,21.6,0,None
2023-03-13 15:00:00,Maharashtra,Western Region,438.22,431.59,8085.4,8003.0,87.62,36.03,54.44,28.9,0.0,59.8,0,None
2023-03-13 16:00:00,Maharashtra,Western Region,453.58,444.98,8375.4,8283.1,53.32,24.98,47.88,30.8,0.0,35.2,0,None
2023-03-13 17:00:00,Maharashtra,Western Region,399.23,388.15,7326.0,7243.6,38.6,29.14,51.63,30.1,0.0,38.8,0,None
2023-03-13 18:00:00,Maharashtra,Western Region,411.05,407.99,7626.3,7368.8,0.0,36.76,47.68,28.0,0.0,58.3,0,None
2023-03-13 19:00:00,Maharashtra,Western Region,371.6,361.1,6906.9,6781.5,0.0,52.12,46.97,27.6,0.0,29.1,0,None
2023-03-13 20:00:00,Maharashtra,Western Region,398.2,395.16,7358.4,7114.9,0.0,49.3,59.83,28.2,0.0,42.8,0,None
2023-03-13 21:00:00,Maharashtra,Western Region,324.48,322.63,6013.3,5817.5,0.0,50.56,54.02,23.6,0.0,51.2,0,None
2023-03-13 22:00:00,Maharashtra,Western Region,327.44,326.57,6048.4,5929.3,0.0,56.66,57.94,23.7,0.0,40.3,0,None
2023-03-13 23:00:00,Maharashtra,Western Region,329.09,328.03,6048.8,5935.3,0.0,47.4,43.89,26.6,0.0,31.5,0,None
2023-03-14 00:00:00,Maharashtra,Western Region,306.77,303.93,5580.8,5411.7,0.0,41.22,51.56,26.5,0.0,43.6,0,None
2023-03-14 01:00:00,Maharashtra,Western Region,294.96,291.68,5374.5,5261.9,0.0,53.19,49.83,26.1,0.0,47.9,0,None
2023-03-14 02:00:00,Maharashtra,Western Region,254.27,248.19,4788.3,4678.8,0.0,51.09,54.92,22.9,0.0,44.5,0,None
2023-03-14 03:00:00,Maharashtra,Western Region,239.19,232.7,4434.6,4346.4,0.0,41.79,54.12,23.7,1.5,60.1,0,None
2023-03-14 04:00:00,Maharashtra,Western Region,259.59,253.39,4769.2,4701.8,0.0,37.62,49.0,20.1,0.0,36.1,0,None
2023-03-14 05:00:00,Maharashtra,Western Region,277.61,277.43,5058.9,4942.9,0.0,36.07,61.68,22.5,0.0,51.8,0,None
2023-03-14 06:00:00,Maharashtra,Western Region,285.46,276.93,5236.8,5032.4,0.0,39.8,49.44,23.9,0.0,26.5,0,None
2023-03-14 07:00:00,Maharashtra,Western Region,372.19,362.44,6832.5,6573.7,23.86,8.27,48.26,25.6,0.0,46.5,0,None
2023-03-14 08:00:00,Maharashtra,Western Region,430.42,423.96,8059.0,7965.9,58.67,1.1,37.79,28.1,0.0,54.2,0,None
2023-03-14 09:00:00,Maharashtra,Western Region,505.69,504.15,9388.2,9279.0,75.89,6.0,60.81,28.5,0.0,34.9,0,None
2023-03-14 10:00:00,Maharashtra,Western Region,534.62,526.95,9823.2,9711.1,105.33,22.38,41.74,29.1,0.0,47.2,0,None
2023-03-14 11:00:00,Maharashtra,Western Region,583.79,581.69,10864.8,10833.0,109.89,13.76,48.66,31.5,0.0,37.0,0,None
2023-03-14 12:00:00,Maharashtra,Western Region,569.31,562.84,10639.4,10395.4,109.85,21.72,45.37,30.7,0.0,59.8,0,None
2023-03-14 13:00:00,Maharashtra,Western Region,596.02,591.53,11047.8,10695.6,117.23,14.77,49.97,33.0,0.0,37.7,0,None
2023-03-14 14:00:00,Maharashtra,Western Region,504.9,501.44,9335.0,9188.8,103.8,15.73,41.22,30.4,0.0,52.1,0,None
2023-03-14 15:00:00,Maharashtra,Western Region,441.11,438.14,8182.1,8159.3,84.66,21.94,53.52,30.9,0.0,33.7,0,None
2023-03-14 16:00:00,Maharashtra,Western Region,477.81,473.11,8796.7,8772.8,63.14,26.31,31.28,32.2,0.0,40.8,0,None
2023-03-14 17:00:00,Maharashtra,Western Region,377.93,372.38,6967.6,6797.0,33.66,34.84,50.26,28.1,0.0,52.6,0,None
2023-03-14 18:00:00,Maharashtra,Western Region,378.17,369.56,6998.7,6795.3,2.16,41.16,44.75,29.0,0.0,46.5,0,None
2023-03-14 19:00:00,Maharashtra,Western Region,390.11,382.63,7319.2,7208.0,0.0,46.18,54.48,26.9,0.0,52.9,0,None
2023-03-14 20:00:00,Maharashtra,Western Region,387.95,378.32,7159.3,7014.2,0.0,44.39,40.32,27.9,0.0,41.1,0,None
2023-03-14 21:00:00,Maharashtra,Western Region,387.42,387.22,7191.0,7148.1,0.0,52.77,54.09,24.5,0.0,51.2,0,None
2023-03-14 22:00:00,Maharashtra,Western Region,385.79,381.49,7124.9,6901.8,0.0,50.34,44.81,27.3,0.0,40.0,0,None
2023-03-14 23:00:00,Maharashtra,Western Region,325.89,321.3,6044.2,5890.2,0.0,43.93,51.91,25.0,0.0,30.3,0,None
2023-03-15 00:00:00,Maharashtra,Western Region,302.28,296.43,5671.7,5459.2,0.0,44.77,48.31,22.7,0.0,35.9,0,None
2023-03-15 01:00:00,Maharashtra,Western Region,250.14,244.43,4668.4,4527.8,0.0,50.39,55.45,24.0,0.0,49.4,0,None
2023-03-15 02:00:00,Maharashtra,Western Region,240.07,238.79,4509.8,4379.8,0.0,52.77,52.14,24.0,0.0,51.9,0,None
2023-03-15 03:00:00,Maharashtra,Western Region,229.21,226.49,4191.6,4191.0,0.0,35.59,53.75,19.5,0.0,44.5,0,None
2023-03-15 04:00:00,Maharashtra,Western Region,240.71,234.89,4483.9,4333.9,0.0,45.01,71.08,24.0,0.0,48.5,0,None
2023-03-15 05:00:00,Maharashtra,Western Region,274.85,269.26,5095.2,5068.5,0.0,35.9,58.89,24.6,0.0,46.7,0,None
2023-03-15 06:00:00,Maharashtra,Western Region,323.96,322.5,6042.6,5880.0,1.83,34.03,44.84,27.0,0.1,49.1,0,None
2023-03-15 07:00:00,Maharashtra,Western Region,388.49,385.68,7186.3,7157.9,27.73,36.97,50.6,27.1,0.0,42.6,0,None
2023-03-15 08:00:00,Maharashtra,Western Region,429.66,422.98,7887.4,7804.9,50.91,21.07,53.52,25.7,0.0,40.8,0,None
2023-03-15 09:00:00,Maharashtra,Western Region,474.03,473.63,8697.7,8463.8,79.2,14.08,51.62,26.6,0.0,51.1,0,None
2023-03-15 10:00:00,Maharashtra,Western Region,548.97,545.44,10145.1,9784.9,97.93,3.48,53.74,29.8,0.0,35.8,0,None
2023-03-15 11:00:00,Maharashtra,Western Region,537.21,521.82,9970.5,9854.6,117.54,30.77,52.26,28.7,0.0,56.8,0,None
2023-03-15 12:00:00,Maharashtra,Western Region,553.33,537.45,10238.3,10142.4,119.27,12.07,46.36,29.3,0.0,42.6,0,None
2023-03-15 13:00:00,Maharashtra,Western Region,500.51,497.1,9252.6,8991.1,112.43,35.69,59.4,28.2,0.0,59.0,0,None
2023-03-15 14:00:00,Maharashtra,Western Region,554.72,551.38,10246.9,10039.2,112.98,12.93,48.43,32.2,0.0,36.3,0,None
2023-03-15 15:00:00,Maharashtra,Western Region,463.14,460.31,8570.6,8299.4,93.25,18.44,40.27,30.4,0.0,35.6,0,None
2023-03-15 16:00:00,Maharashtra,Western Region,410.4,405.87,7670.9,7541.1,56.21,35.65,55.17,29.2,0.0,45.0,0,None
2023-03-15 17:00:00,Maharashtra,Western Region,432.51,421.24,7973.1,7951.7,30.39,28.63,55.17,32.6,0.0,33.2,0,None
2023-03-15 18:00:00,Maharashtra,Western Region,438.01,425.9,8002.7,7797.0,6.43,50.64,58.93,32.1,0.0,45.0,0,None
2023-03-15 19:00:00,Maharashtra,Western Region,404.89,393.6,7443.9,7230.9,0.0,55.81,56.63,28.3,0.0,45.7,0,None
2023-03-15 20:00:00,Maharashtra,Western Region,354.56,345.82,6548.7,6489.6,0.0,39.27,48.95,25.2,0.9,53.8,0,None
2023-03-15 21:00:00,Maharashtra,Western Region,403.57,402.66,7549.6,7316.6,0.0,61.41,49.55,27.5,0.0,40.2,0,None
2023-03-15 22:00:00,Maharashtra,Western Region,358.35,354.2,6561.5,6364.3,0.0,37.15,54.5,26.5,0.0,44.9,0,None
2023-03-15 23:00:00,Maharashtra,Western Region,305.38,300.38,5609.2,5565.9,0.0,58.18,54.03,25.5,0.0,32.7,0,None
2023-03-16 00:00:00,Maharashtra,Western Region,304.66,304.41,5649.1,5535.5,0.0,47.24,43.72,25.3,0.0,43.8,0,None
2023-03-16 01:00:00,Maharashtra,Western Region,283.23,277.89,5299.2,5258.1,0.0,50.55,46.7,22.1,0.0,40.2,0,None
2023-03-16 02:00:00,Maharashtra,Western Region,253.14,250.64,4647.7,4573.0,0.0,45.74,35.3,21.6,0.0,45.7,0,None
2023-03-16 03:00:00,Maharashtra,Western Region,248.52,244.34,4563.1,4523.8,0.0,53.67,47.19,22.3,0.1,39.9,0,None
2023-03-16 04:00:00,Maharashtra,Western Region,239.52,237.64,4432.1,4312.8,0.0,35.04,61.15,24.0,0.0,52.9,0,None
2023-03-16 05:00:00,Maharashtra,Western Region,268.41,262.31,5032.8,4937.3,0.0,30.52,44.02,24.9,0.0,50.0,0,None
2023-03-16 06:00:00,Maharashtra,Western Region,328.15,322.64,6037.8,6025.3,0.0,43.86,46.91,26.0,0.0,40.3,0,None
2023-03-16 07:00:00,Maharashtra,Western Region,370.27,363.09,6803.8,6658.0,44.8,31.66,56.68,26.2,0.0,47.3,0,None
2023-03-16 08:00:00,Maharashtra,Western Region,390.14,388.31,7230.4,7006.8,56.53,34.53,44.89,25.6,0.0,31.5,0,None
2023-03-16 09:00:00,Maharashtra,Western Region,518.55,515.66,9623.2,9437.8,83.05,20.34,40.68,29.1,0.0,48.7,0,None
2023-03-16 10:00:00,Maharashtra,Western Region,543.31,537.68,10056.7,9943.0,105.64,36.56,47.1,28.6,0.0,49.9,0,None
2023-03-16 11:00:00,Maharashtra,Western Region,535.73,534.91,9863.3,9610.5,113.05,16.53,55.63,29.1,0.0,35.1,0,None
2023-03-16 12:00:00,Maharashtra,Western Region,538.21,526.0,9924.2,9828.6,120.09,39.8,54.94,29.4,0.0,48.1,0,None
2023-03-16 13:00:00,Maharashtra,Western Region,547.54,536.84,10102.3,10004.6,123.24,30.27,54.17,30.3,0.0,58.4,0,None
2023-03-16 14:00:00,Maharashtra,Western Region,523.37,513.72,9592.4,9343.1,100.41,21.26,51.14,31.1,0.0,41.0,0,None
2023-03-16 15:00:00,Maharashtra,Western Region,470.28,459.73,8761.7,8755.9,77.26,23.38,56.87,31.2,0.0,50.4,0,None
2023-03-16 16:00:00,Maharashtra,Western Region,426.54,413.78,7848.1,7664.8,61.9,23.24,50.12,28.9,0.0,35.5,0,None
2023-03-16 17:00:00,Maharashtra,Western Region,403.04,400.88,7496.8,7366.6,38.13,47.81,58.7,29.4,0.0,42.6,0,None
2023-03-16 18:00:00,Maharashtra,Western Region,391.39,390.45,7234.1,6951.3,0.0,39.81,50.84,27.4,0.0,36.7,0,None
2023-03-16 19:00:00,Maharashtra,Western Region,370.49,368.7,6924.4,6744.1,0.0,35.51,48.74,27.5,0.3,50.4,0,None
2023-03-16 20:00:00,Maharashtra,Western Region,395.36,390.34,7280.6,7054.5,0.0,44.43,54.76,28.1,0.0,45.9,0,None
2023-03-16 21:00:00,Maharashtra,Western Region,408.88,406.35,7519.9,7462.3,0.0,57.67,42.54,28.5,0.0,50.8,0,None
2023-03-16 22:00:00,Maharashtra,Western Region,384.89,373.83,7111.6,6960.4,0.0,65.76,57.34,22.5,0.0,54.0,0,None
2023-03-16 23:00:00,Maharashtra,Western Region,317.06,309.13,5819.7,5743.0,0.0,58.15,55.08,25.4,0.0,47.7,0,None
2023-03-17 00:00:00,Maharashtra,Western Region,274.03,273.39,5136.2,5059.2,0.0,41.35,50.18,22.1,0.0,50.4,0,None
2023-03-17 01:00:00,Maharashtra,Western Region,231.2,227.9,4260.2,4100.6,0.0,52.33,43.68,24.8,0.0,36.8,0,None
2023-03-17 02:00:00,Maharashtra,Western Region,224.42,218.47,4218.9,4149.0,0.0,45.56,48.12,21.7,0.0,48.9,0,None
2023-03-17 03:00:00,Maharashtra,Western Region,246.06,244.86,4495.8,4451.1,0.0,49.21,49.68,22.7,0.0,34.8,0,None
2023-03-17 04:00:00,Maharashtra,Western Region,245.69,245.4,4527.7,4455.8,0.0,48.2,59.39,21.6,0.0,39.6,0,None
2023-03-17 05:00:00,Maharashtra,Western Region,249.66,245.36,4664.7,4512.7,0.0,25.1,49.86,24.1,0.0,40.6,0,None
2023-03-17 06:00:00,Maharashtra,Western Region,299.86,299.06,5506.8,5500.0,0.0,44.14,59.78,27.0,0.0,39.7,0,None
2023-03-17 07:00:00,Maharashtra,Western Region,352.41,352.17,6437.3,6329.7,32.89,27.06,48.87,23.2,0.0,44.8,0,None
2023-03-17 08:00:00,Maharashtra,Western Region,441.81,429.39,8238.5,8226.9,58.15,23.15,51.25,27.0,0.0,34.1,0,None
2023-03-17 09:00:00,Maharashtra,Western Region,485.02,476.43,8948.3,8835.0,80.84,46.42,50.47,28.1,0.0,42.3,0,None
2023-03-17 10:00:00,Maharashtra,Western Region,559.53,548.02,10281.0,10162.6,104.93,36.33,54.46,31.1,0.0,56.4,0,None
2023-03-17 11:00:00,Maharashtra,Western Region,580.25,577.19,10700.5,10368.2,119.25,29.26,60.92,30.8,0.0,46.1,0,None
2023-03-17 12:00:00,Maharashtra,Western Region,573.0,570.61,10664.2,10446.9,119.38,27.85,47.95,28.7,0.0,53.0,0,None
2023-03-17 13:00:00,Maharashtra,Western Region,537.78,537.2,9904.0,9785.8,115.22,0.0,47.32,30.0,0.0,47.0,0,None
2023-03-17 14:00:00,Maharashtra,Western Region,526.18,512.29,9817.3,9540.0,109.16,29.35,50.01,33.4,0.0,48.7,0,None
2023-03-17 15:00:00,Maharashtra,Western Region,481.4,472.58,8949.6,8806.6,89.99,24.36,59.59,30.8,0.0,48.0,0,None
2023-03-17 16:00:00,Maharashtra,Western Region,444.42,435.77,8188.5,7877.9,55.01,34.63,47.84,31.2,0.0,42.6,0,None
2023-03-17 17:00:00,Maharashtra,Western Region,429.9,421.83,7986.9,7926.6,30.23,28.24,59.12,29.5,0.0,43.2,0,None
2023-03-17 18:00:00,Maharashtra,Western Region,361.61,354.12,6699.7,6690.8,0.0,39.2,45.53,27.7,0.0,44.7,0,None
2023-03-17 19:00:00,Maharashtra,Western Region,414.2,412.31,7698.0,7436.6,0.0,37.51,45.59,31.3,0.0,39.3,0,None
2023-03-17 20:00:00,Maharashtra,Western Region,336.08,331.27,6234.3,6111.9,0.0,38.16,35.21,25.6,0.0,42.4,0,None
2023-03-17 21:00:00,Maharashtra,Western Region,371.24,363.23,6942.9,6849.4,0.0,48.8,49.1,27.4,0.0,40.9,0,None
2023-03-17 22:00:00,Maharashtra,Western Region,345.17,344.98,6402.4,6344.7,0.0,40.56,39.76,25.1,0.0,46.2,0,None
2023-03-17 23:00:00,Maharashtra,Western Region,348.06,338.63,6301.4,6236.8,0.0,36.46,52.06,26.4,0.0,25.1,0,None
2023-03-18 00:00:00,Maharashtra,Western Region,296.82,289.78,5485.3,5274.3,0.0,59.76,49.31,23.2,0.0,37.7,0,None
2023-03-18 01:00:00,Maharashtra,Western Region,262.61,258.45,4890.4,4782.6,0.0,49.5,52.11,23.7,0.0,49.3,0,None
2023-03-18 02:00:00,Maharashtra,Western Region,260.52,260.18,4846.2,4777.2,0.0,51.33,48.05,23.6,0.0,28.7,0,None
2023-03-18 03:00:00,Maharashtra,Western Region,244.01,240.39,4470.6,4320.8,0.0,46.74,55.61,22.6,0.0,35.1,0,None
2023-03-18 04:00:00,Maharashtra,Western Region,234.67,232.92,4298.1,4188.1,0.0,28.18,57.59,24.8,0.0,46.2,0,None
2023-03-18 05:00:00,Maharashtra,Western Region,249.74,247.58,4514.0,4502.7,0.0,31.71,51.63,24.9,0.0,53.8,0,None
2023-03-18 06:00:00,Maharashtra,Western Region,320.9,319.66,5859.5,5794.1,0.03,26.09,45.93,25.8,0.0,39.6,0,None
2023-03-18 07:00:00,Maharashtra,Western Region,363.98,362.97,6741.4,6646.4,25.93,39.03,50.38,27.4,0.0,56.5,0,None
2023-03-18 08:00:00,Maharashtra,Western Region,491.98,481.67,9028.8,9001.7,55.22,24.65,48.71,29.0,0.0,44.2,0,None
2023-03-18 09:00:00,Maharashtra,Western Region,481.93,472.31,8849.1,8616.9,85.99,25.18,56.17,27.8,0.0,64.1,0,None
2023-03-18 10:00:00,Maharashtra,Western Region,554.38,542.07,10232.9,10220.4,101.1,27.04,40.86,29.7,1.0,56.8,0,None
2023-03-18 11:00:00,Maharashtra,Western Region,548.69,539.58,10198.4,9965.5,119.49,28.71,49.45,30.0,0.0,43.4,0,None
2023-03-18 12:00:00,Maharashtra,Western Region,627.35,626.22,11564.9,11393.0,120.77,14.47,48.87,33.7,0.0,46.2,0,None
2023-03-18 13:00:00,Maharashtra,Western Region,528.36,523.16,9757.4,9435.8,123.96,22.32,48.93,29.2,0.0,45.1,0,None
2023-03-18 14:00:00,Maharashtra,Western Region,506.78,499.9,9412.0,9387.7,104.02,9.75,48.38,30.8,0.0,47.0,0,None
2023-03-18 15:00:00,Maharashtra,Western Region,479.15,473.61,8845.8,8736.0,90.68,27.09,46.26,31.5,0.0,50.0,0,None
2023-03-18 16:00:00,Maharashtra,Western Region,430.3,429.29,7949.3,7643.5,60.73,30.14,45.48,31.1,0.0,58.7,0,None
2023-03-18 17:00:00,Maharashtra,Western Region,451.31,447.96,8374.1,8312.8,40.14,28.87,45.25,31.2,0.0,54.5,0,None
2023-03-18 18:00:00,Maharashtra,Western Region,445.0,438.59,8225.0,8005.8,0.0,27.47,53.19,30.8,0.0,51.8,0,None
2023-03-18 19:00:00,Maharashtra,Western Region,400.61,392.64,7404.1,7293.6,0.0,39.52,54.78,28.6,0.0,44.4,0,None
2023-03-18 20:00:00,Maharashtra,Western Region,416.88,408.05,7672.0,7641.3,0.0,42.54,52.11,29.7,0.0,49.2,0,None
2023-03-18 21:00:00,Maharashtra,Western Region,364.88,362.35,6759.6,6670.2,0.0,38.57,47.78,25.6,0.0,37.1,0,None
2023-03-18 22:00:00,Maharashtra,Western Region,358.93,349.79,6613.2,6468.8,0.0,47.43,49.71,26.9,0.7,60.4,0,None
2023-03-18 23:00:00,Maharashtra,Western Region,307.09,306.6,5701.9,5564.8,0.0,46.42,51.36,25.6,0.0,56.7,0,None
2023-03-19 00:00:00,Maharashtra,Western Region,262.3,261.86,4916.3,4822.7,0.0,42.46,45.47,22.0,0.0,40.0,1,None
2023-03-19 01:00:00,Maharashtra,Western Region,204.99,200.43,3736.5,3713.2,0.0,46.03,58.87,21.7,0.0,49.3,1,None
2023-03-19 02:00:00,Maharashtra,Western Region,199.71,195.16,3726.6,3724.6,0.0,43.11,53.84,24.7,0.0,38.5,1,None
2023-03-19 03:00:00,Maharashtra,Western Region,210.71,207.92,4020.7,3948.5,0.0,56.64,41.07,25.7,0.0,40.2,1,None
2023-03-19 04:00:00,Maharashtra,Western Region,179.48,176.63,3280.8,3228.1,0.0,46.9,46.17,21.9,0.0,45.5,1,None
2023-03-19 05:00:00,Maharashtra,Western Region,205.94,200.58,3807.1,3657.8,0.0,47.58,55.71,22.0,0.0,59.8,1,None
2023-03-19 06:00:00,Maharashtra,Western Region,255.03,254.45,4767.7,4639.9,0.0,41.7,49.23,24.9,0.0,51.0,1,None
2023-03-19 07:00:00,Maharashtra,Western Region,297.97,297.18,5510.7,5430.9,25.85,35.79,49.14,25.8,0.0,53.7,1,None
2023-03-19 08:00:00,Maharashtra,Western Region,372.79,367.44,6853.5,6623.7,60.8,21.98,50.8,26.0,0.0,42.0,1,None
2023-03-19 09:00:00,Maharashtra,Western Region,475.23,469.89,8719.6,8550.2,83.61,15.35,46.2,29.3,0.5,45.6,1,None
2023-03-19 10:00:00,Maharashtra,Western Region,480.27,479.53,8843.5,8494.6,106.17,30.88,46.34,28.3,0.0,49.0,1,None
2023-03-19 11:00:00,Maharashtra,Western Region,582.26,576.79,10839.8,10828.7,110.37,23.55,61.36,32.8,0.0,38.6,1,None
2023-03-19 12:00:00,Maharashtra,Western Region,495.0,488.5,9081.6,8972.7,114.76,29.02,56.96,29.7,0.0,52.4,1,None
2023-03-19 13:00:00,Maharashtra,Western Region,467.44,461.64,8653.0,8349.8,113.52,4.82,52.61,30.0,0.0,48.3,1,None
2023-03-19 14:00:00,Maharashtra,Western Region,471.25,461.44,8702.0,8409.9,112.2,23.97,48.51,32.0,0.0,39.3,1,None
2023-03-19 15:00:00,Maharashtra,Western Region,383.78,378.73,7074.0,7037.7,83.91,27.83,47.46,30.4,0.0,45.0,1,None
2023-03-19 16:00:00,Maharashtra,Western Region,409.05,399.4,7620.2,7343.0,64.69,27.99,48.13,31.2,0.0,51.5,1,None
2023-03-19 17:00:00,Maharashtra,Western Region,405.72,403.41,7461.5,7366.8,30.68,28.0,60.03,31.4,0.0,52.7,1,None
2023-03-19 18:00:00,Maharashtra,Western Region,349.73,340.39,6462.9,6371.8,3.66,38.54,55.23,29.4,0.0,41.9,1,None
2023-03-19 19:00:00,Maharashtra,Western Region,341.31,331.18,6264.5,6090.4,0.0,44.05,55.15,26.7,0.0,43.9,1,None
2023-03-19 20:00:00,Maharashtra,Western Region,357.25,354.99,6589.6,6327.6,0.0,47.75,49.99,28.7,0.0,42.2,1,None
2023-03-19 21:00:00,Maharashtra,Western Region,326.3,326.1,5947.6,5739.3,0.0,43.6,45.63,26.1,0.0,36.5,1,None
2023-03-19 22:00:00,Maharashtra,Western Region,315.79,315.53,5817.7,5710.1,0.0,60.61,44.97,25.9,0.0,43.5,1,None
2023-03-19 23:00:00,Maharashtra,Western Region,282.0,278.57,5195.1,5030.4,0.0,63.51,56.26,22.1,0.0,44.9,1,None
2023-03-20 00:00:00,Maharashtra,Western Region,299.5,297.2,5527.9,5394.1,0.0,58.7,52.01,22.5,0.0,38.0,0,None
2023-03-20 01:00:00,Maharashtra,Western Region,270.27,264.4,4973.8,4840.6,0.0,40.72,42.66,22.8,0.0,41.7,0,None
2023-03-20 02:00:00,Maharashtra,Western Region,246.75,240.1,4591.7,4554.9,0.0,58.88,50.1,20.7,0.0,29.3,0,None
2023-03-20 03:00:00,Maharashtra,Western Region,216.79,211.37,4048.5,4009.6,0.0,57.87,59.01,24.7,0.0,46.2,0,None
2023-03-20 04:00:00,Maharashtra,Western Region,240.05,239.83,4535.4,4517.8,0.0,45.06,49.42,22.2,0.0,42.0,0,None
2023-03-20 05:00:00,Maharashtra,Western Region,266.21,263.49,5031.0,4967.8,0.0,32.97,45.53,25.5,0.0,45.2,0,None
2023-03-20 06:00:00,Maharashtra,Western Region,280.25,278.82,5117.1,5051.9,10.82,45.54,55.91,22.9,0.0,46.2,0,None
2023-03-20 07:00:00,Maharashtra,Western Region,370.6,363.16,6908.0,6726.7,28.8,25.89,49.16,26.3,0.0,39.8,0,None
2023-03-20 08:00:00,Maharashtra,Western Region,436.49,430.32,8080.4,7963.8,67.55,29.62,42.81,26.4,0.0,30.6,0,None
2023-03-20 09:00:00,Maharashtra,Western Region,495.82,486.72,9277.4,9219.7,80.84,22.12,51.03,26.8,0.0,50.5,0,None
2023-03-20 10:00:00,Maharashtra,Western Region,542.74,536.72,10053.1,9944.8,105.59,24.62,48.3,29.0,0.0,43.6,0,None
2023-03-20 11:00:00,Maharashtra,Western Region,623.57,610.95,11522.1,11399.0,111.38,22.24,50.7,32.5,0.0,45.5,0,None
2023-03-20 12:00:00,Maharashtra,Western Region,592.5,580.05,10975.6,10716.7,132.24,17.27,52.74,32.6,0.0,46.7,0,None
2023-03-20 13:00:00,Maharashtra,Western Region,493.14,481.16,9172.0,8979.6,114.59,23.12,39.81,28.7,0.0,27.2,0,None
2023-03-20 14:00:00,Maharashtra,Western Region,525.35,523.47,9693.1,9627.8,94.34,21.73,48.11,31.3,0.0,41.8,0,None
2023-03-20 15:00:00,Maharashtra,Western Region,493.92,487.62,9173.0,8901.8,80.19,31.25,55.76,31.3,0.0,47.8,0,None
2023-03-20 16:00:00,Maharashtra,Western Region,511.88,501.41,9450.7,9147.5,61.48,28.26,52.33,32.5,0.0,38.6,0,None
2023-03-20 17:00:00,Maharashtra,Western Region,385.14,382.59,7088.2,7010.5,28.73,32.44,53.66,27.3,0.0,47.0,0,None
2023-03-20 18:00:00,Maharashtra,Western Region,390.63,389.28,7280.7,7095.9,0.0,31.87,46.86,27.4,0.0,52.0,0,None
2023-03-20 19:00:00,Maharashtra,Western Region,417.35,406.59,7711.4,7580.9,0.0,30.08,41.49,29.9,0.0,41.6,0,None
2023-03-20 20:00:00,Maharashtra,Western Region,373.9,364.66,6923.7,6657.6,0.0,36.57,43.33,26.8,0.0,46.4,0,None
2023-03-20 21:00:00,Maharashtra,Western Region,387.76,377.53,7217.4,7085.7,0.0,44.42,56.87,27.6,0.0,55.6,0,None
2023-03-20 22:00:00,Maharashtra,Western Region,359.67,353.63,6622.0,6442.4,0.0,63.05,40.45,25.9,0.0,50.2,0,None
2023-03-20 23:00:00,Maharashtra,Western Region,301.09,293.09,5586.4,5498.7,0.0,57.75,48.27,23.6,0.0,42.2,0,None
2023-03-21 00:00:00,Maharashtra,Western Region,294.07,293.89,5408.6,5285.3,0.0,38.15,47.26,22.0,0.0,43.9,0,None
2023-03-21 01:00:00,Maharashtra,Western Region,287.23,283.46,5386.1,5296.4,0.0,50.7,43.08,26.7,0.0,38.2,0,None
2023-03-21 02:00:00,Maharashtra,Western Region,271.18,268.38,5037.0,4850.7,0.0,38.29,56.32,24.9,0.0,48.2,0,None
2023-03-21 03:00:00,Maharashtra,Western Region,216.55,216.0,3973.9,3871.4,0.0,45.25,59.55,24.1,0.0,55.9,0,None
2023-03-21 04:00:00,Maharashtra,Western Region,253.84,251.05,4718.7,4693.8,0.0,42.08,51.42,25.1,0.0,37.7,0,None
2023-03-21 05:00:00,Maharashtra,Western Region,274.42,267.06,5064.2,4863.4,0.0,39.28,55.52,23.5,0.0,52.0,0,None
2023-03-21 06:00:00,Maharashtra,Western Region,304.74,301.51,5608.0,5432.8,2.64,35.25,50.38,24.8,0.0,33.6,0,None
2023-03-21 07:00:00,Maharashtra,Western Region,351.58,349.12,6512.4,6307.4,27.79,34.98,44.15,25.6,0.0,46.4,0,None
2023-03-21 08:00:00,Maharashtra,Western Region,452.23,439.77,8351.2,8172.9,48.92,32.49,61.64,27.6,0.0,42.1,0,None
2023-03-21 09:00:00,Maharashtra,Western Region,521.17,510.18,9647.7,9371.6,78.9,18.74,50.61,29.4,0.0,49.5,0,None
2023-03-21 10:00:00,Maharashtra,Western Region,557.85,542.02,10300.9,10293.5,101.46,29.71,50.25,29.3,0.0,35.2,0,None
2023-03-21 11:00:00,Maharashtra,Western Region,527.47,525.33,9732.5,9672.4,117.87,22.48,47.95,29.5,0.0,50.7,0,None
2023-03-21 12:00:00,Maharashtra,Western Region,569.24,555.16,10557.3,10459.5,115.43,29.03,33.45,32.5,0.0,39.7,0,None
2023-03-21 13:00:00,Maharashtra,Western Region,548.48,547.98,10053.2,9784.3,117.23,24.67,49.9,31.1,0.0,24.7,0,None
2023-03-21 14:00:00,Maharashtra,Western Region,552.66,537.79,10136.2,9836.4,107.37,30.64,37.04,34.3,0.0,35.5,0,None
2023-03-21 15:00:00,Maharashtra,Western Region,469.65,461.08,8579.7,8441.1,82.3,14.99,52.61,31.0,0.0,40.2,0,None
2023-03-21 16:00:00,Maharashtra,Western Region,447.25,447.03,8258.8,8101.2,66.95,23.98,60.74,31.1,0.0,41.1,0,None
2023-03-21 17:00:00,Maharashtra,Western Region,434.25,426.68,7994.1,7759.3,41.49,41.82,60.96,30.8,0.0,43.2,0,None
2023-03-21 18:00:00,Maharashtra,Western Region,387.98,381.76,7274.6,7241.7,0.21,29.32,60.02,29.5,0.0,41.0,0,None
2023-03-21 19:00:00,Maharashtra,Western Region,402.43,391.53,7543.4,7421.2,0.0,37.8,49.71,27.4,0.1,40.9,0,None
2023-03-21 20:00:00,Maharashtra,Western Region,388.78,379.98,7231.7,7035.5,0.0,44.59,37.97,26.2,0.0,43.5,0,None
2023-03-21 21:00:00,Maharashtra,Western Region,347.92,341.83,6314.4,6271.0,0.0,39.18,59.93,24.4,0.0,33.7,0,None
2023-03-21 22:00:00,Maharashtra,Western Region,333.9,329.19,6185.7,5949.4,0.0,46.01,56.62,22.2,0.0,42.5,0,None
2023-03-21 23:00:00,Maharashtra,Western Region,326.09,321.34,5998.4,5785.4,0.0,53.2,51.7,24.3,0.0,42.2,0,None
2023-03-22 00:00:00,Maharashtra,Western Region,295.31,287.48,5477.0,5361.0,0.0,50.31,54.76,25.3,0.0,57.9,0,None
2023-03-22 01:00:00,Maharashtra,Western Region,249.98,247.6,4621.5,4582.7,0.0,42.1,49.57,23.7,0.0,35.2,0,None
2023-03-22 02:00:00,Maharashtra,Western Region,284.53,281.97,5224.0,5195.4,0.0,39.98,52.16,26.7,0.0,54.5,0,None
2023-03-22 03:00:00,Maharashtra,Western Region,226.24,224.17,4241.1,4182.2,0.0,33.9,51.46,23.7,0.0,52.2,0,None
2023-03-22 04:00:00,Maharashtra,Western Region,246.69,239.69,4535.2,4480.6,0.0,45.6,57.99,21.9,0.0,38.7,0,None
2023-03-22 05:00:00,Maharashtra,Western Region,283.9,279.31,5231.7,5038.2,0.0,35.93,59.55,26.7,0.0,41.5,0,None
2023-03-22 06:00:00,Maharashtra,Western Region,306.24,297.06,5718.8,5538.1,0.0,33.88,53.66,23.5,1.2,53.2,0,None
2023-03-22 07:00:00,Maharashtra,Western Region,399.19,387.21,7332.0,7312.0,30.95,35.56,53.88,27.1,0.0,37.9,0,None
2023-03-22 08:00:00,Maharashtra,Western Region,485.07,478.99,9031.9,9026.7,65.6,29.04,54.76,30.2,0.0,52.2,0,None
2023-03-22 09:00:00,Maharashtra,Western Region,519.29,515.96,9632.2,9600.2,81.05,33.77,52.99,29.6,0.0,44.0,0,None
2023-03-22 10:00:00,Maharashtra,Western Region,495.85,495.15,9159.5,8947.2,108.04,24.43,46.19,27.3,0.0,51.3,0,None
2023-03-22 11:00:00,Maharashtra,Western Region,567.51,556.99,10561.9,10314.4,123.34,10.75,37.98,29.3,0.0,58.8,0,None
2023-03-22 12:00:00,Maharashtra,Western Region,546.31,542.45,10106.2,10022.9,125.56,26.86,46.55,28.6,0.0,39.4,0,None
2023-03-22 13:00:00,Maharashtra,Western Region,542.93,527.25,10130.0,9876.5,127.21,21.64,55.2,30.5,0.0,41.4,0,None
2023-03-22 14:00:00,Maharashtra,Western Region,539.56,528.17,9984.2,9796.0,101.36,34.38,58.49,33.1,0.0,47.4,0,None
2023-03-22 15:00:00,Maharashtra,Western Region,443.15,437.63,8143.5,8054.0,81.81,25.9,61.01,29.5,0.0,46.0,0,None
2023-03-22 16:00:00,Maharashtra,Western Region,464.02,462.5,8575.1,8546.3,56.55,31.03,48.16,32.6,0.0,52.1,0,None
2023-03-22 17:00:00,Maharashtra,Western Region,366.98,360.14,6905.9,6691.3,33.07,30.03,54.71,27.5,0.0,34.1,0,None
2023-03-22 18:00:00,Maharashtra,Western Region,419.0,408.93,7708.4,7537.7,2.31,38.02,54.69,30.7,0.0,52.7,0,None
2023-03-22 19:00:00,Maharashtra,Western Region,390.49,382.59,7256.8,7096.2,0.0,46.33,53.26,25.4,0.0,41.5,0,None
2023-03-22 20:00:00,Maharashtra,Western Region,347.69,341.69,6465.2,6360.9,0.0,49.6,58.21,25.0,0.0,44.9,0,None
2023-03-22 21:00:00,Maharashtra,Western Region,359.42,356.42,6638.7,6389.9,0.0,56.98,48.34,25.3,0.0,58.8,0,None
2023-03-22 22:00:00,Maharashtra,Western Region,337.81,332.16,6256.3,6209.4,0.0,50.48,53.77,23.9,0.0,62.1,0,None
2023-03-22 23:00:00,Maharashtra,Western Region,328.09,322.16,5978.3,5822.8,0.0,50.17,50.0,24.1,0.0,43.9,0,None
2023-03-23 00:00:00,Maharashtra,Western Region,295.07,290.72,5417.3,5380.5,0.0,44.67,53.99,21.7,0.0,37.0,0,None
2023-03-23 01:00:00,Maharashtra,Western Region,270.07,265.66,5067.1,5059.1,0.0,51.01,58.22,22.4,0.0,44.5,0,None
2023-03-23 02:00:00,Maharashtra,Western Region,237.3,233.0,4388.5,4304.6,0.0,42.16,61.51,24.3,0.0,57.1,0,None
2023-03-23 03:00:00,Maharashtra,Western Region,234.07,230.48,4361.2,4246.2,0.0,34.31,38.57,21.5,0.0,41.2,0,None
2023-03-23 04:00:00,Maharashtra,Western Region,252.92,248.42,4718.1,4660.1,0.0,40.24,48.14,25.4,0.0,28.1,0,None
2023-03-23 05:00:00,Maharashtra,Western Region,249.39,246.84,4600.4,4531.4,0.0,34.25,44.8,24.0,0.0,39.2,0,None
2023-03-23 06:00:00,Maharashtra,Western Region,278.48,274.95,5114.8,5017.2,0.0,30.84,51.13,23.6,0.0,42.3,0,None
2023-03-23 07:00:00,Maharashtra,Western Region,364.06,363.48,6777.6,6521.3,33.78,33.89,55.31,23.0,0.0,43.4,0,None
2023-03-23 08:00:00,Maharashtra,Western Region,394.65,387.75,7304.5,7117.7,66.35,24.69,55.67,25.7,0.0,33.5,0,None
2023-03-23 09:00:00,Maharashtra,Western Region,499.48,495.12,9302.4,9250.9,87.04,20.82,52.26,28.6,0.0,37.1,0,None
2023-03-23 10:00:00,Maharashtra,Western Region,551.92,549.42,10190.8,10022.6,101.54,17.82,57.76,29.5,0.0,46.0,0,None
2023-03-23 11:00:00,Maharashtra,Western Region,587.87,586.7,10881.6,10575.9,114.54,30.97,63.2,30.5,0.0,59.6,0,None
2023-03-23 12:00:00,Maharashtra,Western Region,586.03,582.94,10858.9,10738.2,109.68,19.64,56.02,31.5,0.0,55.8,0,None
2023-03-23 13:00:00,Maharashtra,Western Region,522.14,517.61,9682.6,9404.2,115.88,30.35,52.91,30.4,0.0,53.3,0,None
2023-03-23 14:00:00,Maharashtra,Western Region,497.11,488.65,9203.5,9066.6,111.22,9.69,42.83,30.4,0.0,44.6,0,None
2023-03-23 15:00:00,Maharashtra,Western Region,457.7,446.78,8487.1,8213.9,88.76,16.95,61.6,30.9,0.0,36.5,0,None
2023-03-23 16:00:00,Maharashtra,Western Region,431.01,423.42,7993.7,7920.3,69.44,27.88,64.54,30.4,0.0,53.4,0,None
2023-03-23 17:00:00,Maharashtra,Western Region,380.21,377.52,7009.3,6851.8,24.79,37.66,39.69,27.8,0.0,32.1,0,None
2023-03-23 18:00:00,Maharashtra,Western Region,401.53,396.78,7528.1,7255.3,0.0,36.04,51.29,29.4,0.0,52.2,0,None
2023-03-23 19:00:00,Maharashtra,Western Region,399.16,387.92,7400.9,7178.0,0.0,47.71,49.81,28.2,1.3,53.1,0,None
2023-03-23 20:00:00,Maharashtra,Western Region,300.49,292.95,5631.4,5517.5,0.0,46.94,43.6,23.6,0.0,32.3,0,None
2023-03-23 21:00:00,Maharashtra,Western Region,384.85,376.02,7089.1,6890.9,0.0,37.33,52.22,27.3,1.9,43.3,0,None
2023-03-23 22:00:00,Maharashtra,Western Region,358.45,357.92,6678.3,6450.7,0.0,48.4,45.1,26.1,0.0,35.0,0,None
2023-03-23 23:00:00,Maharashtra,Western Region,344.2,339.03,6442.0,6263.4,0.0,43.77,51.51,25.1,1.4,66.9,0,None
2023-03-24 00:00:00,Maharashtra,Western Region,285.93,279.26,5400.6,5344.1,0.0,55.63,47.79,25.8,0.2,68.1,0,None
2023-03-24 01:00:00,Maharashtra,Western Region,234.72,233.68,4278.2,4239.1,0.0,42.76,55.86,22.8,0.0,47.5,0,None
2023-03-24 02:00:00,Maharashtra,Western Region,257.92,256.47,4787.1,4660.2,0.0,49.54,50.38,20.6,0.0,50.0,0,None
2023-03-24 03:00:00,Maharashtra,Western Region,246.99,241.89,4589.1,4447.5,0.0,49.83,52.26,25.0,0.0,34.3,0,None
2023-03-24 04:00:00,Maharashtra,Western Region,265.72,265.25,4982.5,4925.4,0.0,34.94,59.66,26.3,0.0,39.3,0,None
2023-03-24 05:00:00,Maharashtra,Western Region,271.38,271.18,5040.7,5031.1,0.0,35.09,59.31,22.4,0.0,53.0,0,None
2023-03-24 06:00:00,Maharashtra,Western Region,278.44,275.65,5120.9,4978.5,2.46,32.4,57.85,23.8,0.0,30.7,0,None
2023-03-24 07:00:00,Maharashtra,Western Region,370.18,367.8,6890.0,6676.0,27.08,30.51,57.56,26.8,0.0,28.4,0,None
2023-03-24 08:00:00,Maharashtra,Western Region,426.02,421.67,7927.6,7851.7,56.68,15.16,48.91,26.6,0.0,57.2,0,None
2023-03-24 09:00:00,Maharashtra,Western Region,514.27,509.65,9574.4,9542.3,78.71,36.6,59.11,30.0,0.0,47.7,0,None
2023-03-24 10:00:00,Maharashtra,Western Region,557.21,546.36,10387.9,10180.7,103.51,27.51,43.24,28.7,0.0,33.1,0,None
2023-03-24 11:00:00,Maharashtra,Western Region,553.36,551.46,10302.8,10184.4,119.67,8.15,36.44,29.2,0.5,49.7,0,None
2023-03-24 12:00:00,Maharashtra,Western Region,612.43,599.18,11272.3,11136.5,119.39,13.45,62.13,32.8,0.0,47.6,0,None
2023-03-24 13:00:00,Maharashtra,Western Region,512.52,507.43,9554.9,9297.9,102.13,18.61,50.94,29.0,0.0,59.8,0,None
2023-03-24 14:00:00,Maharashtra,Western Region,471.13,464.17,8744.7,8608.2,104.81,22.0,40.88,28.9,0.0,41.2,0,None
2023-03-24 15:00:00,Maharashtra,Western Region,502.74,487.67,9337.7,9152.8,81.25,24.54,41.3,32.1,0.0,52.3,0,None
2023-03-24 16:00:00,Maharashtra,Western Region,445.93,435.77,8361.9,8136.9,53.93,34.41,53.15,31.2,0.0,42.3,0,None
2023-03-24 17:00:00,Maharashtra,Western Region,438.62,427.23,8084.3,7862.5,31.89,29.66,53.31,29.9,0.0,41.9,0,None
2023-03-24 18:00:00,Maharashtra,Western Region,388.46,382.83,7208.8,6943.3,0.0,50.17,49.73,28.8,0.0,36.8,0,None
2023-03-24 19:00:00,Maharashtra,Western Region,406.96,401.03,7571.4,7525.9,0.0,30.74,52.0,29.1,0.0,39.7,0,None
2023-03-24 20:00:00,Maharashtra,Western Region,390.52,390.17,7188.8,7063.4,0.0,36.28,47.12,28.7,0.0,50.6,0,None
2023-03-24 21:00:00,Maharashtra,Western Region,367.66,365.22,6774.0,6618.8,0.0,25.18,55.65,27.4,0.0,42.9,0,None
2023-03-24 22:00:00,Maharashtra,Western Region,337.13,334.73,6254.5,6228.3,0.0,55.33,49.41,26.1,0.0,44.2,0,None
2023-03-24 23:00:00,Maharashtra,Western Region,333.24,333.21,6135.7,6027.0,0.0,48.05,55.94,25.0,0.0,50.8,0,None
2023-03-25 00:00:00,Maharashtra,Western Region,275.22,274.45,5084.7,4933.2,0.0,45.88,51.57,25.5,0.0,35.6,0,None
2023-03-25 01:00:00,Maharashtra,Western Region,296.91,291.02,5535.8,5391.0,0.0,43.06,57.65,22.8,0.0,43.2,0,None
2023-03-25 02:00:00,Maharashtra,Western Region,237.51,233.68,4430.1,4257.8,0.0,43.94,42.74,23.8,0.0,43.0,0,None
2023-03-25 03:00:00,Maharashtra,Western Region,233.12,230.77,4284.6,4185.1,0.0,47.26,45.92,21.9,1.0,35.0,0,None
2023-03-25 04:00:00,Maharashtra,Western Region,244.76,244.15,4546.9,4544.5,0.0,46.18,56.77,27.1,0.0,42.6,0,None
2023-03-25 05:00:00,Maharashtra,Western Region,263.69,262.77,4867.8,4675.2,0.0,45.5,52.03,24.8,0.0,53.4,0,None
2023-03-25 06:00:00,Maharashtra,Western Region,315.5,314.58,5817.8,5701.3,7.72,41.07,48.91,25.0,0.0,27.1,0,None
2023-03-25 07:00:00,Maharashtra,Western Region,390.31,382.05,7259.4,7246.2,27.57,28.71,46.3,28.3,0.0,42.5,0,None
2023-03-25 08:00:00,Maharashtra,Western Region,412.37,411.2,7606.1,7439.3,61.07,22.71,59.52,25.0,0.0,48.9,0,None
2023-03-25 09:00:00,Maharashtra,Western Region,495.86,485.52,9161.3,8854.8,85.27,31.19,38.8,28.2,0.0,56.2,0,None
2023-03-25 10:00:00,Maharashtra,Western Region,578.06,576.44,10636.0,10278.4,99.38,18.81,62.72,31.1,0.0,44.5,0,None
2023-03-25 11:00:00,Maharashtra,Western Region,573.13,569.37,10521.8,10377.8,121.15,23.43,54.95,31.1,0.0,58.3,0,None
2023-03-25 12:00:00,Maharashtra,Western Region,538.7,536.88,9988.5,9692.6,117.85,14.42,51.71,28.3,0.1,47.0,0,None
2023-03-25 13:00:00,Maharashtra,Western Region,548.65,544.95,10089.1,9744.4,124.61,24.3,40.33,30.3,0.0,48.3,0,None
2023-03-25 14:00:00,Maharashtra,Western Region,524.32,520.6,9651.6,9487.7,114.51,12.38,43.63,32.0,0.0,38.5,0,None
2023-03-25 15:00:00,Maharashtra,Western Region,479.38,474.37,8882.6,8784.8,92.82,32.32,56.49,30.6,0.0,46.0,0,None
2023-03-25 16:00:00,Maharashtra,Western Region,439.63,436.67,8184.4,7897.8,69.87,21.77,51.15,29.6,0.0,46.3,0,None
2023-03-25 17:00:00,Maharashtra,Western Region,393.07,389.05,7306.4,7117.5,34.95,22.34,44.92,27.9,0.0,52.9,0,None
2023-03-25 18:00:00,Maharashtra,Western Region,382.89,379.27,7151.9,7038.2,0.97,21.23,44.11,28.1,0.0,46.1,0,None
2023-03-25 19:00:00,Maharashtra,Western Region,408.53,402.36,7545.6,7444.0,0.0,30.37,42.97,30.5,0.0,40.7,0,None
2023-03-25 20:00:00,Maharashtra,Western Region,431.54,420.14,7965.4,7776.8,0.0,49.75,51.68,30.2,0.0,44.7,0,None
2023-03-25 21:00:00,Maharashtra,Western Region,388.01,378.88,7226.2,7034.3,0.0,34.7,58.47,27.2,0.0,31.1,0,None
2023-03-25 22:00:00,Maharashtra,Western Region,337.27,329.33,6146.4,5970.4,0.0,37.43,57.75,24.5,0.0,53.5,0,None
2023-03-25 23:00:00,Maharashtra,Western Region,301.92,296.53,5609.2,5505.7,0.0,50.24,52.91,23.9,0.0,42.0,0,None
2023-03-26 00:00:00,Maharashtra,Western Region,282.0,279.71,5256.2,5218.4,0.0,45.07,55.08,25.9,0.0,50.6,1,None
2023-03-26 01:00:00,Maharashtra,Western Region,228.05,225.8,4227.3,4058.8,0.0,48.38,46.29,23.3,0.0,43.6,1,None
2023-03-26 02:00:00,Maharashtra,Western Region,190.3,186.2,3525.5,3457.2,0.0,41.56,54.79,22.5,0.0,38.7,1,None
2023-03-26 03:00:00,Maharashtra,Western Region,173.86,172.77,3227.9,3119.4,0.0,44.61,54.51,22.5,0.0,47.0,1,None
2023-03-26 04:00:00,Maharashtra,Western Region,198.35,194.05,3688.1,3573.2,0.0,47.08,43.21,24.7,0.0,39.4,1,None
2023-03-26 05:00:00,Maharashtra,Western Region,231.53,227.43,4260.8,4103.2,0.0,35.79,47.0,26.2,0.0,40.1,1,None
2023-03-26 06:00:00,Maharashtra,Western Region,286.07,281.59,5166.4,5151.9,4.09,38.91,38.2,26.2,0.0,50.5,1,None
2023-03-26 07:00:00,Maharashtra,Western Region,338.64,334.24,6252.0,6056.2,35.06,24.66,52.54,26.4,0.0,38.2,1,None
2023-03-26 08:00:00,Maharashtra,Western Region,385.66,384.28,7155.6,6981.3,65.75,15.82,45.76,27.1,0.0,36.5,1,None
2023-03-26 09:00:00,Maharashtra,Western Region,438.11,432.95,8130.8,8005.8,82.19,24.72,60.7,26.7,0.0,56.3,1,None
2023-03-26 10:00:00,Maharashtra,Western Region,535.32,531.0,9902.0,9862.9,98.38,7.76,50.3,30.8,0.0,29.9,1,None
2023-03-26 11:00:00,Maharashtra,Western Region,508.48,495.56,9365.5,9139.1,113.07,36.49,47.18,29.3,0.0,59.0,1,None
2023-03-26 12:00:00,Maharashtra,Western Region,528.74,526.6,9785.2,9647.7,115.7,30.83,48.27,32.0,0.0,48.9,1,None
2023-03-26 13:00:00,Maharashtra,Western Region,456.72,447.42,8436.5,8311.0,122.69,11.76,47.12,29.7,0.0,52.4,1,None
2023-03-26 14:00:00,Maharashtra,Western Region,437.11,429.18,8072.8,7876.9,104.17,25.72,52.34,30.1,0.0,41.8,1,None
2023-03-26 15:00:00,Maharashtra,Western Region,440.15,434.97,8139.3,8068.0,84.91,12.91,52.3,31.6,0.0,52.9,1,None
2023-03-26 16:00:00,Maharashtra,Western Region,447.63,438.77,8331.6,8236.7,63.96,31.15,29.98,32.8,0.0,25.3,1,None
2023-03-26 17:00:00,Maharashtra,Western Region,374.76,372.27,6889.0,6842.5,32.32,41.47,53.62,28.9,0.0,51.5,1,None
2023-03-26 18:00:00,Maharashtra,Western Region,410.26,399.95,7642.2,7342.9,0.0,48.47,40.87,30.7,0.0,35.7,1,None
2023-03-26 19:00:00,Maharashtra,Western Region,347.38,339.38,6357.9,6193.3,0.0,32.98,47.06,28.6,0.0,44.4,1,None
2023-03-26 20:00:00,Maharashtra,Western Region,361.57,360.86,6739.8,6667.2,0.0,54.34,47.78,26.2,0.0,50.8,1,None
2023-03-26 21:00:00,Maharashtra,Western Region,316.02,308.98,5760.0,5644.7,0.0,44.32,44.85,24.5,0.0,46.9,1,None
2023-03-26 22:00:00,Maharashtra,Western Region,302.59,294.37,5563.4,5549.0,0.0,37.45,39.01,26.2,0.0,56.8,1,None
2023-03-26 23:00:00,Maharashtra,Western Region,269.95,263.36,4878.0,4839.7,0.0,48.84,50.96,23.1,0.0,40.6,1,None
2023-03-27 00:00:00,Maharashtra,Western Region,286.99,284.08,5315.1,5308.1,0.0,34.43,58.34,23.5,0.0,41.4,0,None
2023-03-27 01:00:00,Maharashtra,Western Region,261.95,256.63,4839.9,4660.6,0.0,51.68,55.37,19.2,0.0,50.5,0,None
2023-03-27 02:00:00,Maharashtra,Western Region,224.38,218.86,4124.8,3999.4,0.0,52.18,49.42,24.4,0.1,42.3,0,None
2023-03-27 03:00:00,Maharashtra,Western Region,229.02,226.02,4218.6,4062.1,0.0,34.64,45.78,23.6,0.0,46.9,0,None
2023-03-27 04:00:00,Maharashtra,Western Region,239.58,234.78,4441.0,4285.3,0.0,36.48,40.25,24.0,0.0,49.7,0,None
2023-03-27 05:00:00,Maharashtra,Western Region,275.11,271.57,5201.7,4994.3,0.0,38.5,47.56,25.5,0.0,50.2,0,None
2023-03-27 06:00:00,Maharashtra,Western Region,301.72,296.52,5587.5,5584.8,0.0,27.41,42.99,24.7,0.0,38.2,0,None
2023-03-27 07:00:00,Maharashtra,Western Region,380.78,375.7,7087.6,6920.4,31.52,29.61,56.64,25.8,0.0,35.4,0,None
2023-03-27 08:00:00,Maharashtra,Western Region,416.74,409.47,7782.4,7594.5,55.88,31.47,47.1,24.8,0.0,48.5,0,None
2023-03-27 09:00:00,Maharashtra,Western Region,566.75,550.68,10529.4,10436.8,91.02,21.7,54.89,29.7,0.0,52.0,0,None
2023-03-27 10:00:00,Maharashtra,Western Region,514.55,507.77,9573.8,9358.8,106.13,16.03,43.5,29.2,0.0,40.8,0,None
2023-03-27 11:00:00,Maharashtra,Western Region,542.94,527.01,10005.0,9820.9,117.35,31.11,50.35,29.0,0.0,42.8,0,None
2023-03-27 12:00:00,Maharashtra,Western Region,574.92,561.78,10651.7,10553.6,119.35,26.45,50.54,31.2,0.0,45.7,0,None
2023-03-27 13:00:00,Maharashtra,Western Region,537.47,529.27,9934.3,9739.9,112.39,27.59,40.82,32.2,0.0,37.5,0,None
2023-03-27 14:00:00,Maharashtra,Western Region,465.84,460.88,8669.5,8373.7,104.58,27.65,43.02,29.1,0.0,55.6,0,None
2023-03-27 15:00:00,Maharashtra,Western Region,478.26,469.88,8841.2,8767.2,93.44,29.51,67.08,31.9,0.0,42.9,0,None
2023-03-27 16:00:00,Maharashtra,Western Region,423.18,416.79,7827.4,7751.8,60.48,19.69,50.41,29.4,0.0,46.0,0,None
2023-03-27 17:00:00,Maharashtra,Western Region,404.29,403.94,7486.1,7359.5,29.1,24.52,51.12,29.6,0.0,39.6,0,None
2023-03-27 18:00:00,Maharashtra,Western Region,396.1,393.38,7363.2,7305.6,2.46,44.72,43.68,29.2,0.0,24.8,0,None
2023-03-27 19:00:00,Maharashtra,Western Region,374.55,368.41,6954.3,6853.9,0.0,32.74,58.67,27.1,0.0,40.3,0,None
2023-03-27 20:00:00,Maharashtra,Western Region,381.73,379.27,7021.8,6749.6,0.0,39.29,54.66,27.1,0.0,53.4,0,None
2023-03-27 21:00:00,Maharashtra,Western Region,372.38,369.43,6847.5,6749.4,0.0,37.58,44.19,28.6,0.0,57.6,0,None
2023-03-27 22:00:00,Maharashtra,Western Region,364.77,359.67,6701.7,6652.6,0.0,50.29,49.75,26.0,0.0,49.4,0,None
2023-03-27 23:00:00,Maharashtra,Western Region,307.42,298.61,5733.7,5589.0,0.0,56.48,54.41,26.4,0.0,44.0,0,None
2023-03-28 00:00:00,Maharashtra,Western Region,299.13,298.24,5460.5,5345.4,0.0,71.1,51.55,21.3,0.0,45.0,0,None
2023-03-28 01:00:00,Maharashtra,Western Region,284.79,277.18,5263.6,5103.2,0.0,58.54,41.64,26.9,0.0,39.5,0,None
2023-03-28 02:00:00,Maharashtra,Western Region,256.9,251.52,4744.1,4624.9,0.0,63.13,39.77,23.6,0.0,51.5,0,None
2023-03-28 03:00:00,Maharashtra,Western Region,203.31,203.23,3696.3,3674.6,0.0,33.02,50.38,22.5,0.0,40.8,0,None
2023-03-28 04:00:00,Maharashtra,Western Region,259.44,253.96,4751.2,4611.8,0.0,43.86,50.37,24.7,0.0,43.4,0,None
2023-03-28 05:00:00,Maharashtra,Western Region,264.96,257.77,5012.3,5011.0,0.0,34.16,41.12,24.7,0.0,45.4,0,None
2023-03-28 06:00:00,Maharashtra,Western Region,270.14,267.69,4971.8,4873.4,0.0,27.98,52.39,24.4,0.0,57.6,0,None
2023-03-28 07:00:00,Maharashtra,Western Region,369.62,360.14,6818.1,6680.5,30.74,16.51,52.18,25.7,0.0,44.6,0,None
2023-03-28 08:00:00,Maharashtra,Western Region,455.5,443.34,8469.2,8199.9,58.27,27.1,57.76,27.2,0.0,48.9,0,None
2023-03-28 09:00:00,Maharashtra,Western Region,480.74,471.36,8883.8,8770.0,74.35,28.69,54.04,27.9,0.0,28.2,0,None
2023-03-28 10:00:00,Maharashtra,Western Region,599.04,587.66,11083.9,10748.0,103.27,12.57,53.75,32.2,0.0,39.0,0,None
2023-03-28 11:00:00,Maharashtra,Western Region,565.98,557.03,10486.7,10187.3,114.37,20.15,47.67,30.4,0.0,42.1,0,None
2023-03-28 12:00:00,Maharashtra,Western Region,616.96,608.23,11394.3,11281.9,117.47,24.98,57.48,33.9,0.0,36.3,0,None
2023-03-28 13:00:00,Maharashtra,Western Region,559.93,554.8,10356.9,10351.9,117.47,7.93,50.59,30.7,0.0,45.6,0,None
2023-03-28 14:00:00,Maharashtra,Western Region,429.03,419.72,7935.3,7636.1,109.31,21.47,43.25,26.9,0.0,48.1,0,None
2023-03-28 15:00:00,Maharashtra,Western Region,453.62,450.58,8488.8,8399.7,91.97,27.94,50.25,29.9,0.0,38.3,0,None
2023-03-28 16:00:00,Maharashtra,Western Region,431.34,430.87,7987.8,7824.4,61.65,26.31,52.17,30.2,0.0,46.8,0,None
2023-03-28 17:00:00,Maharashtra,Western Region,406.23,401.9,7500.7,7254.9,33.46,25.71,54.16,29.8,0.0,59.8,0,None
2023-03-28 18:00:00,Maharashtra,Western Region,403.39,396.23,7447.3,7262.4,0.0,45.36,48.78,29.8,0.0,42.5,0,None
2023-03-28 19:00:00,Maharashtra,Western Region,402.15,396.22,7391.9,7162.4,0.0,44.96,57.31,29.1,0.0,50.6,0,None
2023-03-28 20:00:00,Maharashtra,Western Region,363.66,354.75,6728.5,6477.4,0.0,39.79,56.91,25.4,0.0,42.6,0,None
2023-03-28 21:00:00,Maharashtra,Western Region,373.84,370.33,6900.1,6865.8,0.0,39.18,45.41,27.4,0.2,41.6,0,None
2023-03-28 22:00:00,Maharashtra,Western Region,380.76,377.02,7083.0,6898.1,0.0,43.4,40.43,26.5,0.0,36.3,0,None
2023-03-28 23:00:00,Maharashtra,Western Region,312.3,309.69,5748.9,5555.2,0.0,36.0,53.8,22.6,0.0,62.7,0,None
2023-03-29 00:00:00,Maharashtra,Western Region,299.33,292.08,5511.0,5388.4,0.0,50.99,59.55,26.5,0.0,35.0,0,None
2023-03-29 01:00:00,Maharashtra,Western Region,248.95,245.92,4666.6,4588.2,0.0,59.88,40.75,24.6,0.0,49.8,0,None
2023-03-29 02:00:00,Maharashtra,Western Region,202.79,199.79,3715.4,3707.4,0.0,41.4,52.12,21.6,0.0,41.5,0,None
2023-03-29 03:00:00,Maharashtra,Western Region,246.8,244.93,4580.6,4403.6,0.0,37.47,47.13,24.0,0.0,34.7,0,None
2023-03-29 04:00:00,Maharashtra,Western Region,233.92,230.14,4324.9,4253.4,0.0,47.36,45.7,24.2,0.0,49.1,0,None
2023-03-29 05:00:00,Maharashtra,Western Region,258.15,251.02,4792.2,4662.2,0.0,29.77,55.31,24.0,0.0,53.9,0,None
2023-03-29 06:00:00,Maharashtra,Western Region,291.38,286.74,5404.0,5403.7,0.0,31.04,55.78,25.5,0.0,36.5,0,None
2023-03-29 07:00:00,Maharashtra,Western Region,367.33,357.8,6753.5,6554.5,25.67,34.98,45.99,25.2,0.6,40.4,0,None
2023-03-29 08:00:00,Maharashtra,Western Region,399.26,395.98,7427.1,7333.1,58.15,41.1,47.4,26.8,0.0,53.1,0,None
2023-03-29 09:00:00,Maharashtra,Western Region,525.29,518.99,9775.9,9553.3,89.69,21.97,44.98,30.2,0.0,56.9,0,None
2023-03-29 10:00:00,Maharashtra,Western Region,539.36,539.17,10069.8,9945.4,109.34,33.97,40.6,28.3,0.0,35.1,0,None
2023-03-29 11:00:00,Maharashtra,Western Region,565.13,564.64,10393.9,10051.7,125.71,41.89,59.38,29.6,0.0,41.9,0,None
2023-03-29 12:00:00,Maharashtra,Western Region,539.12,537.34,9960.0,9768.9,129.03,28.05,55.49,29.3,0.0,62.2,0,None
2023-03-29 13:00:00,Maharashtra,Western Region,506.27,499.79,9285.9,9016.7,114.66,16.52,49.79,29.0,0.0,38.8,0,None
2023-03-29 14:00:00,Maharashtra,Western Region,498.42,496.71,9234.5,9156.3,103.38,33.68,51.62,30.0,0.7,42.4,0,None
2023-03-29 15:00:00,Maharashtra,Western Region,409.92,403.24,7515.8,7345.8,97.14,24.76,53.18,28.0,0.0,43.0,0,None
2023-03-29 16:00:00,Maharashtra,Western Region,451.65,442.02,8369.2,8254.6,58.59,18.88,53.98,31.4,0.0,47.9,0,None
2023-03-29 17:00:00,Maharashtra,Western Region,419.64,415.3,7736.7,7508.8,31.13,31.64,57.66,31.0,0.0,40.4,0,None
2023-03-29 18:00:00,Maharashtra,Western Region,349.18,341.13,6403.1,6309.8,5.76,31.68,41.98,27.3,0.0,32.4,0,None
2023-03-29 19:00:00,Maharashtra,Western Region,356.18,346.32,6562.5,6419.7,0.0,54.63,42.84,27.5,0.0,60.6,0,None
2023-03-29 20:00:00,Maharashtra,Western Region,391.62,384.31,7214.5,7039.2,0.0,46.92,46.14,28.5,0.0,46.7,0,None
2023-03-29 21:00:00,Maharashtra,Western Region,368.23,367.82,6798.2,6786.6,0.0,50.49,50.28,26.4,0.0,52.5,0,None
2023-03-29 22:00:00,Maharashtra,Western Region,349.51,343.5,6465.0,6298.6,0.0,49.14,47.49,24.5,0.0,42.8,0,None
2023-03-29 23:00:00,Maharashtra,Western Region,277.24,271.18,5157.2,4984.0,0.0,39.68,47.25,24.2,0.0,45.7,0,None
2023-03-30 00:00:00,Maharashtra,Western Region,286.02,283.78,5299.8,5246.8,0.0,44.24,50.42,23.7,0.0,29.2,0,None
2023-03-30 01:00:00,Maharashtra,Western Region,270.45,266.42,4995.0,4988.5,0.0,44.15,52.5,25.1,0.0,51.7,0,None
2023-03-30 02:00:00,Maharashtra,Western Region,230.99,229.25,4236.3,4094.6,0.0,42.57,51.26,22.9,0.0,38.0,0,None
2023-03-30 03:00:00,Maharashtra,Western Region,215.45,211.96,4018.0,3899.9,0.0,39.06,56.56,23.0,0.0,41.6,0,None
2023-03-30 04:00:00,Maharashtra,Western Region,229.97,227.31,4214.4,4150.6,0.0,48.77,50.17,25.8,0.0,42.8,0,None
2023-03-30 05:00:00,Maharashtra,Western Region,280.58,274.26,5226.9,5115.0,0.0,44.93,53.64,24.4,0.0,40.9,0,None
2023-03-30 06:00:00,Maharashtra,Western Region,280.13,276.98,5125.9,5051.0,0.65,39.33,55.91,24.0,0.0,39.8,0,None
2023-03-30 07:00:00,Maharashtra,Western Region,377.33,372.72,6898.2,6836.2,30.82,26.68,52.0,26.4,0.0,42.4,0,None
2023-03-30 08:00:00,Maharashtra,Western Region,447.32,443.47,8285.2,8034.3,52.47,25.4,47.99,29.1,0.0,58.7,0,None
2023-03-30 09:00:00,Maharashtra,Western Region,469.6,456.74,8668.5,8632.1,79.02,31.13,39.16,26.7,0.0,47.6,0,None
2023-03-30 10:00:00,Maharashtra,Western Region,554.47,547.75,10149.9,10003.6,100.73,3.46,53.57,29.7,0.0,64.3,0,None
2023-03-30 11:00:00,Maharashtra,Western Region,582.7,577.59,10875.5,10627.3,115.38,27.28,52.93,30.2,0.0,38.5,0,None
2023-03-30 12:00:00,Maharashtra,Western Region,604.97,588.76,11153.7,10950.6,117.69,23.08,64.13,33.3,0.0,38.9,0,None
2023-03-30 13:00:00,Maharashtra,Western Region,571.25,557.01,10634.1,10573.6,116.65,24.28,48.18,31.0,0.0,53.4,0,None
2023-03-30 14:00:00,Maharashtra,Western Region,519.88,508.76,9560.0,9251.8,97.63,21.68,57.37,30.8,0.0,47.7,0,None
2023-03-30 15:00:00,Maharashtra,Western Region,451.37,444.17,8454.6,8255.3,84.33,26.88,49.26,30.3,0.0,48.6,0,None
2023-03-30 16:00:00,Maharashtra,Western Region,412.21,406.99,7620.5,7590.4,67.96,28.86,58.16,29.6,0.0,34.1,0,None
2023-03-30 17:00:00,Maharashtra,Western Region,413.46,408.62,7556.6,7529.0,36.57,32.33,44.34,30.5,0.0,48.8,0,None
2023-03-30 18:00:00,Maharashtra,Western Region,407.99,401.63,7537.0,7461.6,0.0,31.57,49.48,29.4,0.0,44.8,0,None
2023-03-30 19:00:00,Maharashtra,Western Region,365.35,360.79,6727.7,6566.9,0.0,37.67,46.29,26.3,0.0,35.1,0,None
2023-03-30 20:00:00,Maharashtra,Western Region,357.72,355.55,6637.0,6505.7,0.0,35.21,44.14,27.2,0.0,30.9,0,None
2023-03-30 21:00:00,Maharashtra,Western Region,347.54,345.48,6433.2,6400.9,0.0,38.16,62.38,24.3,0.0,53.7,0,None
2023-03-30 22:00:00,Maharashtra,Western Region,332.52,329.99,6238.7,6111.4,0.0,47.69,50.43,25.4,0.0,45.0,0,None
2023-03-30 23:00:00,Maharashtra,Western Region,299.64,291.69,5556.7,5455.9,0.0,45.31,57.8,22.8,0.0,31.1,0,None
2023-03-31 00:00:00,Maharashtra,Western Region,294.8,292.17,5462.5,5296.7,0.0,48.15,51.65,22.5,0.0,35.8,0,None
2023-03-31 01:00:00,Maharashtra,Western Region,286.34,283.49,5281.1,5203.6,0.0,44.64,57.18,22.5,0.0,37.0,0,None
2023-03-31 02:00:00,Maharashtra,Western Region,261.75,259.16,4874.4,4714.4,0.0,52.49,48.01,20.7,0.0,54.6,0,None
2023-03-31 03:00:00,Maharashtra,Western Region,222.74,222.6,4072.2,4005.6,0.0,59.99,47.8,23.0,0.0,51.3,0,None
2023-03-31 04:00:00,Maharashtra,Western Region,243.75,241.12,4567.6,4454.3,0.0,43.46,47.18,24.8,0.0,54.7,0,None
2023-03-31 05:00:00,Maharashtra,Western Region,272.04,270.88,5137.0,5086.4,0.0,41.66,43.78,24.6,0.0,46.4,0,None
2023-03-31 06:00:00,Maharashtra,Western Region,290.22,283.88,5384.0,5169.9,6.08,39.41,55.21,21.6,0.0,50.0,0,None
2023-03-31 07:00:00,Maharashtra,Western Region,367.57,366.97,6725.2,6660.2,30.64,29.97,52.95,25.7,0.0,36.2,0,None
2023-03-31 08:00:00,Maharashtra,Western Region,460.64,459.85,8539.6,8289.1,56.94,22.17,55.25,26.2,0.0,52.5,0,None
2023-03-31 09:00:00,Maharashtra,Western Region,524.69,512.31,9658.1,9333.1,81.26,19.65,52.44,29.3,0.0,50.5,0,None
2023-03-31 10:00:00,Maharashtra,Western Region,596.37,583.09,11006.0,10579.3,105.23,41.31,44.69,32.2,0.0,30.7,0,None
2023-03-31 11:00:00,Maharashtra,Western Region,570.6,560.4,10533.0,10376.1,120.65,15.37,43.78,30.6,0.0,40.8,0,None
2023-03-31 12:00:00,Maharashtra,Western Region,585.17,577.86,10782.5,10386.5,124.91,23.14,37.44,30.5,0.0,54.6,0,None
2023-03-31 13:00:00,Maharashtra,Western Region,596.2,585.45,11024.3,10696.6,124.4,16.92,50.13,32.9,0.0,53.4,0,None
2023-03-31 14:00:00,Maharashtra,Western Region,519.77,507.65,9582.2,9570.4,102.09,25.71,47.86,31.3,0.0,52.6,0,None
2023-03-31 15:00:00,Maharashtra,Western Region,506.3,499.98,9437.9,9175.8,86.41,30.24,52.07,33.0,0.0,53.0,0,None
2023-03-31 16:00:00,Maharashtra,Western Region,403.11,400.84,7513.9,7490.7,51.97,32.3,49.87,28.6,0.0,44.4,0,None
2023-03-31 17:00:00,Maharashtra,Western Region,435.29,430.86,8152.8,7882.6,30.85,35.28,49.32,30.0,0.0,47.7,0,None
2023-03-31 18:00:00,Maharashtra,Western Region,395.09,388.0,7276.4,7179.0,6.42,37.33,46.1,27.5,0.0,39.7,0,None
2023-03-31 19:00:00,Maharashtra,Western Region,402.4,400.88,7414.3,7209.3,0.0,48.48,48.37,26.0,0.0,52.6,0,None
2023-03-31 20:00:00,Maharashtra,Western Region,379.44,375.1,6915.6,6887.8,0.0,41.46,48.52,28.1,0.0,48.4,0,None
2023-03-31 21:00:00,Maharashtra,Western Region,381.85,380.67,7033.8,6820.4,0.0,45.65,46.45,27.3,0.0,41.5,0,None
2023-03-31 22:00:00,Maharashtra,Western Region,352.9,350.67,6540.6,6329.7,0.0,45.47,57.0,23.4,0.4,53.6,0,None
2023-03-31 23:00:00,Maharashtra,Western Region,314.99,310.43,5966.5,5937.6,0.0,40.79,49.9,24.2,0.0,59.0,0,None
2023-04-01 00:00:00,Maharashtra,Western Region,346.4,338.89,6430.1,6309.6,0.0,71.92,62.74,29.5,0.0,52.6,0,None
2023-04-01 01:00:00,Maharashtra,Western Region,339.55,330.94,6269.3,6032.8,0.0,42.85,38.85,31.4,0.0,55.6,0,None
2023-04-01 02:00:00,Maharashtra,Western Region,254.66,247.73,4745.1,4612.8,0.0,47.79,49.15,26.9,0.0,44.4,0,None
2023-04-01 03:00:00,Maharashtra,Western Region,263.16,260.92,4848.0,4673.6,0.0,50.88,40.63,27.1,0.0,44.9,0,None
2023-04-01 04:00:00,Maharashtra,Western Region,284.25,277.22,5359.7,5357.6,0.0,39.17,47.54,28.4,0.0,47.2,0,None
2023-04-01 05:00:00,Maharashtra,Western Region,313.72,308.49,5808.7,5677.6,0.0,41.5,50.34,29.2,0.0,43.6,0,None
2023-04-01 06:00:00,Maharashtra,Western Region,425.15,417.85,7964.0,7891.9,2.6,12.19,40.94,34.4,0.0,45.0,0,None
2023-04-01 07:00:00,Maharashtra,Western Region,445.94,438.61,8200.4,8151.5,37.28,27.42,54.03,32.5,0.0,38.4,0,None
2023-04-01 08:00:00,Maharashtra,Western Region,544.9,530.89,10140.0,10063.0,52.04,32.99,51.95,34.8,0.0,48.3,0,None
2023-04-01 09:00:00,Maharashtra,Western Region,642.14,636.95,11970.6,11838.5,82.54,27.96,53.73,37.3,0.0,47.9,0,None
2023-04-01 10:00:00,Maharashtra,Western Region,689.77,669.44,12820.9,12586.4,104.72,13.86,45.74,38.3,0.0,49.3,0,None
2023-04-01 11:00:00,Maharashtra,Western Region,708.38,707.51,13127.4,12695.6,114.58,0.62,46.49,36.9,0.0,44.9,0,None
2023-04-01 12:00:00,Maharashtra,Western Region,689.63,682.49,12709.2,12266.0,120.17,11.88,52.87,37.4,0.0,45.3,0,None
2023-04-01 13:00:00,Maharashtra,Western Region,632.79,621.05,11744.0,11356.8,121.28,23.17,50.61,37.6,0.0,51.4,0,None
2023-04-01 14:00:00,Maharashtra,Western Region,646.1,634.73,11987.0,11595.1,103.19,23.83,42.3,40.4,0.0,53.2,0,None
2023-04-01 15:00:00,Maharashtra,Western Region,600.33,595.51,11098.7,10859.3,91.62,14.83,50.32,39.4,0.0,36.4,0,None
2023-04-01 16:00:00,Maharashtra,Western Region,548.11,538.9,10214.8,9956.3,68.45,35.39,46.15,39.0,0.0,60.8,0,None
2023-04-01 17:00:00,Maharashtra,Western Region,506.86,505.18,9459.9,9453.7,27.68,29.34,60.38,37.1,0.0,41.0,0,None
2023-04-01 18:00:00,Maharashtra,Western Region,504.27,502.67,9335.3,9101.0,1.15,46.95,45.3,37.8,0.0,48.2,0,None
2023-04-01 19:00:00,Maharashtra,Western Region,491.64,483.9,9008.0,8684.7,0.0,36.76,40.78,34.4,0.0,52.2,0,None
2023-04-01 20:00:00,Maharashtra,Western Region,430.95,418.7,7972.8,7661.6,0.0,45.73,45.84,32.4,0.0,30.1,0,None
2023-04-01 21:00:00,Maharashtra,Western Region,472.07,467.22,8753.5,8715.9,0.0,46.57,45.41,33.1,0.0,53.6,0,None
2023-04-01 22:00:00,Maharashtra,Western Region,453.4,440.17,8527.2,8299.4,0.0,41.51,55.62,33.7,0.0,37.5,0,None
2023-04-01 23:00:00,Maharashtra,Western Region,404.71,393.83,7618.4,7539.9,0.0,44.89,63.67,31.9,0.0,50.7,0,None
2023-04-02 00:00:00,Maharashtra,Western Region,321.1,315.05,5933.8,5865.6,0.0,42.05,48.1,30.7,0.0,38.8,1,None
2023-04-02 01:00:00,Maharashtra,Western Region,278.73,272.29,5235.9,5162.9,0.0,47.36,47.89,29.2,0.0,42.4,1,None
2023-04-02 02:00:00,Maharashtra,Western Region,229.03,226.0,4269.6,4112.8,0.0,39.44,58.2,30.0,0.0,47.3,1,None
2023-04-02 03:00:00,Maharashtra,Western Region,255.85,249.15,4743.5,4647.5,0.0,32.16,44.71,30.5,0.0,44.3,1,None
2023-04-02 04:00:00,Maharashtra,Western Region,244.65,240.66,4528.1,4403.0,0.0,44.78,52.03,29.0,0.0,52.3,1,None
2023-04-02 05:00:00,Maharashtra,Western Region,285.83,279.54,5215.5,5178.1,0.0,40.3,59.41,29.9,0.0,68.4,1,None
2023-04-02 06:00:00,Maharashtra,Western Region,328.91,328.5,6096.9,5862.3,1.95,35.96,42.6,30.4,0.0,50.1,1,None
2023-04-02 07:00:00,Maharashtra,Western Region,403.39,396.78,7449.7,7354.2,38.66,36.96,51.37,32.6,0.0,29.6,1,None
2023-04-02 08:00:00,Maharashtra,Western Region,517.05,509.16,9709.2,9544.0,55.76,18.98,44.91,35.3,0.0,39.0,1,None
2023-04-02 09:00:00,Maharashtra,Western Region,614.6,611.79,11373.7,11016.5,89.84,20.36,45.79,36.7,0.0,35.0,1,None
2023-04-02 10:00:00,Maharashtra,Western Region,646.76,646.1,11934.0,11696.6,102.21,23.7,53.9,37.7,0.0,44.0,1,None
2023-04-02 11:00:00,Maharashtra,Western Region,632.72,623.77,11714.6,11281.6,126.21,22.01,55.63,36.4,1.2,35.4,1,None
2023-04-02 12:00:00,Maharashtra,Western Region,670.88,652.84,12405.5,12048.1,114.45,14.81,39.99,38.7,0.0,49.7,1,None
2023-04-02 13:00:00,Maharashtra,Western Region,668.42,665.17,12371.2,12137.1,108.7,22.82,61.15,41.6,0.0,47.8,1,None
2023-04-02 14:00:00,Maharashtra,Western Region,572.67,571.86,10583.2,10196.5,98.83,40.9,55.26,39.7,0.0,31.6,1,None
2023-04-02 15:00:00,Maharashtra,Western Region,516.68,505.5,9598.5,9543.2,92.81,20.68,52.69,38.6,0.0,48.1,1,None
2023-04-02 16:00:00,Maharashtra,Western Region,522.5,521.9,9596.5,9587.4,60.49,23.54,56.99,38.0,0.0,32.2,1,None
2023-04-02 17:00:00,Maharashtra,Western Region,497.41,490.51,9250.0,9011.6,33.94,34.39,64.21,39.0,0.0,51.6,1,None
2023-04-02 18:00:00,Maharashtra,Western Region,482.27,470.21,8938.9,8903.5,0.0,42.41,49.98,36.7,0.0,43.3,1,None
2023-04-02 19:00:00,Maharashtra,Western Region,411.77,407.17,7600.2,7312.2,0.0,45.27,50.95,34.7,0.0,45.7,1,None
2023-04-02 20:00:00,Maharashtra,Western Region,455.21,454.13,8424.4,8225.3,0.0,49.65,46.88,34.1,0.0,29.4,1,None
2023-04-02 21:00:00,Maharashtra,Western Region,395.23,385.07,7328.1,7171.1,0.0,46.31,53.84,31.9,0.0,42.7,1,None
2023-04-02 22:00:00,Maharashtra,Western Region,401.18,389.18,7436.4,7195.4,0.0,50.25,44.5,31.3,0.0,48.7,1,None
2023-04-02 23:00:00,Maharashtra,Western Region,391.14,382.51,7251.4,7230.6,0.0,49.93,53.86,33.4,0.0,64.1,1,None
2023-04-03 00:00:00,Maharashtra,Western Region,342.56,339.77,6365.1,6168.8,0.0,42.61,48.58,28.3,0.0,59.1,0,None
2023-04-03 01:00:00,Maharashtra,Western Region,314.18,312.71,5800.0,5676.0,0.0,56.61,51.72,27.4,0.3,38.3,0,None
2023-04-03 02:00:00,Maharashtra,Western Region,263.92,260.53,4949.2,4931.4,0.0,64.08,51.79,28.9,0.0,57.0,0,None
2023-04-03 03:00:00,Maharashtra,Western Region,282.79,278.5,5260.1,5149.1,0.0,45.51,49.78,30.0,0.0,36.9,0,None
2023-04-03 04:00:00,Maharashtra,Western Region,278.9,275.87,5101.0,4974.7,0.0,42.38,48.26,27.6,0.0,48.2,0,None
2023-04-03 05:00:00,Maharashtra,Western Region,305.97,305.47,5559.2,5547.1,0.0,48.96,54.34,29.5,0.0,46.6,0,None
2023-04-03 06:00:00,Maharashtra,Western Region,407.29,401.15,7502.0,7238.6,0.0,38.54,54.31,32.9,0.0,40.3,0,None
2023-04-03 07:00:00,Maharashtra,Western Region,470.18,466.05,8649.0,8639.3,30.52,41.95,58.85,33.9,0.0,50.1,0,None
2023-04-03 08:00:00,Maharashtra,Western Region,538.01,525.54,10012.5,9715.4,56.77,16.7,40.76,33.5,0.0,35.5,0,None
2023-04-03 09:00:00,Maharashtra,Western Region,562.52,550.07,10419.0,10244.0,87.48,25.36,46.67,33.6,0.0,46.7,0,None
2023-04-03 10:00:00,Maharashtra,Western Region,629.95,623.3,11681.2,11378.6,96.45,29.8,37.94,34.6,0.0,47.0,0,None
2023-04-03 11:00:00,Maharashtra,Western Region,680.09,659.81,12570.3,12175.9,120.25,5.0,53.58,37.5,0.0,38.0,0,None
2023-04-03 12:00:00,Maharashtra,Western Region,722.95,714.4,13341.5,13243.7,117.63,19.25,54.5,39.8,0.0,51.0,0,None
2023-04-03 13:00:00,Maharashtra,Western Region,655.34,650.26,12136.4,11728.2,110.41,8.52,64.04,37.6,0.0,40.0,0,None
2023-04-03 14:00:00,Maharashtra,Western Region,648.72,647.16,11937.1,11520.2,107.98,26.56,52.5,40.4,0.0,47.4,0,None
2023-04-03 15:00:00,Maharashtra,Western Region,624.06,606.22,11572.9,11147.3,83.43,15.31,34.31,39.3,0.0,41.2,0,None
2023-04-03 16:00:00,Maharashtra,Western Region,563.25,556.61,10414.0,10334.2,45.62,21.67,54.3,38.2,0.7,39.7,0,None
2023-04-03 17:00:00,Maharashtra,Western Region,527.75,516.75,9728.0,9603.1,29.14,39.08,42.93,38.6,0.0,53.7,0,None
2023-04-03 18:00:00,Maharashtra,Western Region,498.88,488.82,9220.2,9097.2,0.0,35.61,50.75,37.0,0.0,50.8,0,None
2023-04-03 19:00:00,Maharashtra,Western Region,441.65,439.74,8239.4,8046.4,0.0,35.13,55.75,33.0,0.0,54.9,0,None
2023-04-03 20:00:00,Maharashtra,Western Region,493.64,489.11,9118.0,8849.5,0.0,43.5,52.09,34.6,0.0,40.1,0,None
2023-04-03 21:00:00,Maharashtra,Western Region,478.78,476.67,8828.1,8629.2,0.0,58.08,61.51,34.2,0.0,29.0,0,None
2023-04-03 22:00:00,Maharashtra,Western Region,434.71,434.07,8043.8,7929.5,0.0,50.99,44.25,29.9,0.0,44.1,0,None
2023-04-03 23:00:00,Maharashtra,Western Region,398.73,397.71,7470.2,7181.4,0.0,46.8,42.68,31.9,0.0,46.2,0,None
2023-04-04 00:00:00,Maharashtra,Western Region,337.24,331.34,6244.8,6220.3,0.0,47.29,42.13,28.3,0.0,55.0,0,None
2023-04-04 01:00:00,Maharashtra,Western Region,311.37,306.16,5719.7,5540.7,0.0,37.31,49.87,30.3,0.0,54.7,0,None
2023-04-04 02:00:00,Maharashtra,Western Region,285.48,280.12,5295.3,5132.8,0.0,39.46,37.57,30.4,0.0,38.1,0,None
2023-04-04 03:00:00,Maharashtra,Western Region,282.9,277.85,5153.1,4954.3,0.0,52.61,54.73,29.1,2.5,49.6,0,None
2023-04-04 04:00:00,Maharashtra,Western Region,265.92,261.31,4951.2,4771.9,0.0,38.26,48.18,30.2,0.0,48.6,0,None
2023-04-04 05:00:00,Maharashtra,Western Region,307.8,306.48,5657.4,5613.1,0.0,41.83,50.51,31.2,0.0,57.2,0,None
2023-04-04 06:00:00,Maharashtra,Western Region,347.29,341.66,6462.1,6315.9,0.0,26.92,54.09,28.8,0.0,43.0,0,None
2023-04-04 07:00:00,Maharashtra,Western Region,436.11,431.5,8111.0,8003.9,30.12,39.08,50.33,32.0,0.0,59.9,0,None
2023-04-04 08:00:00,Maharashtra,Western Region,542.87,527.36,10000.6,9618.9,69.19,31.98,40.25,33.0,0.0,37.3,0,None
2023-04-04 09:00:00,Maharashtra,Western Region,605.36,604.6,11112.2,11023.9,92.66,31.04,46.72,34.9,0.0,55.5,0,None
2023-04-04 10:00:00,Maharashtra,Western Region,698.38,690.12,12948.1,12628.6,104.71,30.28,48.22,38.6,0.0,32.1,0,None
2023-04-04 11:00:00,Maharashtra,Western Region,713.14,705.34,13246.4,13027.5,121.3,31.85,71.62,37.8,0.0,37.9,0,None
2023-04-04 12:00:00,Maharashtra,Western Region,718.58,699.41,13310.9,13257.0,117.51,20.97,51.18,40.3,0.0,41.6,0,None
2023-04-04 13:00:00,Maharashtra,Western Region,656.36,643.16,12051.3,11783.5,119.35,32.01,43.07,38.5,0.0,56.2,0,None
2023-04-04 14:00:00,Maharashtra,Western Region,632.25,614.52,11670.8,11485.3,100.08,12.82,53.66,39.0,0.0,56.0,0,None
2023-04-04 15:00:00,Maharashtra,Western Region,578.04,562.27,10734.0,10640.2,88.58,26.52,47.96,38.7,0.0,45.6,0,None
2023-04-04 16:00:00,Maharashtra,Western Region,540.07,524.74,10030.2,9679.6,68.83,18.19,48.99,38.1,0.0,47.1,0,None
2023-04-04 17:00:00,Maharashtra,Western Region,565.98,562.23,10429.4,10141.6,35.55,37.08,50.93,39.8,0.0,57.4,0,None
2023-04-04 18:00:00,Maharashtra,Western Region,522.18,517.97,9607.1,9543.2,0.0,27.16,49.61,37.8,0.0,41.9,0,None
2023-04-04 19:00:00,Maharashtra,Western Region,460.8,457.9,8597.2,8495.4,0.0,35.79,47.98,33.1,0.0,66.1,0,None
2023-04-04 20:00:00,Maharashtra,Western Region,476.25,471.14,8728.3,8554.0,0.0,52.82,36.16,34.1,0.0,33.8,0,None
2023-04-04 21:00:00,Maharashtra,Western Region,476.25,476.17,8828.8,8658.6,0.0,57.31,48.56,33.0,0.0,43.3,0,None
2023-04-04 22:00:00,Maharashtra,Western Region,377.1,371.36,6883.6,6755.8,0.0,41.02,53.25,30.5,0.0,42.6,0,None
2023-04-04 23:00:00,Maharashtra,Western Region,410.85,402.57,7561.4,7387.1,0.0,36.34,47.81,32.7,0.0,44.5,0,None
2023-04-05 00:00:00,Maharashtra,Western Region,332.51,327.56,6151.3,5973.1,0.0,57.99,47.87,27.8,0.0,52.0,0,None
2023-04-05 01:00:00,Maharashtra,Western Region,318.32,312.51,5959.0,5848.8,0.0,60.93,53.5,30.1,0.0,37.4,0,None
2023-04-05 02:00:00,Maharashtra,Western Region,256.19,255.38,4686.1,4537.3,0.0,38.3,42.01,27.4,0.0,47.7,0,None
2023-04-05 03:00:00,Maharashtra,Western Region,231.89,225.8,4263.7,4229.1,0.0,36.91,51.28,26.6,0.0,38.9,0,None
2023-04-05 04:00:00,Maharashtra,Western Region,327.72,319.37,5996.6,5904.8,0.0,29.43,52.17,33.1,0.0,44.4,0,None
2023-04-05 05:00:00,Maharashtra,Western Region,341.04,334.6,6347.0,6141.5,0.0,39.96,55.64,32.2,0.0,32.2,0,None
2023-04-05 06:00:00,Maharashtra,Western Region,382.73,381.71,7001.3,6778.5,6.32,33.26,46.04,32.1,0.0,54.7,0,None
2023-04-05 07:00:00,Maharashtra,Western Region,414.71,410.92,7746.0,7515.0,32.35,28.52,57.17,30.9,0.0,43.5,0,None
2023-04-05 08:00:00,Maharashtra,Western Region,532.35,526.96,9785.7,9681.4,61.96,24.98,36.23,33.4,0.0,35.8,0,None
2023-04-05 09:00:00,Maharashtra,Western Region,613.66,604.63,11365.7,11100.7,81.71,24.3,58.43,33.3,0.0,37.1,0,None
2023-04-05 10:00:00,Maharashtra,Western Region,697.11,684.44,12858.2,12732.6,102.21,28.37,54.24,37.9,0.0,46.8,0,None
2023-04-05 11:00:00,Maharashtra,Western Region,730.75,715.48,13479.5,13089.6,117.7,25.69,62.83,38.2,0.0,31.5,0,None
2023-04-05 12:00:00,Maharashtra,Western Region,754.41,739.07,13962.7,13931.2,118.5,11.69,60.73,41.3,0.0,42.4,0,None
2023-04-05 13:00:00,Maharashtra,Western Region,709.08,699.34,13035.1,12913.2,111.78,17.99,50.4,40.6,0.0,45.2,0,None
2023-04-05 14:00:00,Maharashtra,Western Region,626.61,607.82,11561.3,11182.0,107.75,20.45,49.1,37.3,0.0,28.5,0,None
2023-04-05 15:00:00,Maharashtra,Western Region,567.3,563.38,10525.2,10250.5,91.47,23.72,40.56,38.1,0.0,47.8,0,None
2023-04-05 16:00:00,Maharashtra,Western Region,589.61,583.67,10855.8,10475.7,64.45,37.47,49.56,41.8,0.0,50.3,0,None
2023-04-05 17:00:00,Maharashtra,Western Region,513.32,498.52,9481.5,9157.5,30.87,44.51,51.3,35.8,0.0,46.8,0,None
2023-04-05 18:00:00,Maharashtra,Western Region,505.13,493.2,9293.6,8992.5,0.92,33.32,50.0,34.8,0.0,34.5,0,None
2023-04-05 19:00:00,Maharashtra,Western Region,500.16,488.67,9265.8,8930.7,0.0,46.15,55.01,35.9,0.0,46.7,0,None
2023-04-05 20:00:00,Maharashtra,Western Region,459.1,453.7,8486.4,8230.4,0.0,27.38,44.28,32.8,0.0,35.9,0,None
2023-04-05 21:00:00,Maharashtra,Western Region,468.0,467.76,8681.2,8642.6,0.0,63.42,41.75,35.4,0.0,50.8,0,None
2023-04-05 22:00:00,Maharashtra,Western Region,438.45,432.97,8086.3,7865.6,0.0,50.09,59.81,32.5,0.0,48.6,0,None
2023-04-05 23:00:00,Maharashtra,Western Region,379.22,377.35,7005.1,6821.9,0.0,39.48,52.64,28.9,0.0,38.4,0,None
2023-04-06 00:00:00,Maharashtra,Western Region,371.88,369.83,6830.6,6720.1,0.0,48.85,49.36,31.1,0.0,45.6,0,None
2023-04-06 01:00:00,Maharashtra,Western Region,299.0,293.94,5470.6,5462.7,0.0,50.42,53.8,27.6,0.0,45.0,0,None
2023-04-06 02:00:00,Maharashtra,Western Region,243.32,242.09,4488.9,4480.3,0.0,41.46,43.83,28.3,0.0,36.8,0,None
2023-04-06 03:00:00,Maharashtra,Western Region,254.83,250.33,4707.4,4677.5,0.0,52.11,36.19,28.1,0.0,53.3,0,None
2023-04-06 04:00:00,Maharashtra,Western Region,247.03,246.37,4508.7,4441.6,0.0,33.4,50.43,28.7,0.0,46.4,0,None
2023-04-06 05:00:00,Maharashtra,Western Region,293.26,287.73,5437.9,5411.0,0.0,39.47,48.1,30.5,0.0,42.0,0,None
2023-04-06 06:00:00,Maharashtra,Western Region,391.03,383.86,7201.9,7002.0,0.29,31.21,52.99,32.8,0.0,37.9,0,None
2023-04-06 07:00:00,Maharashtra,Western Region,475.28,464.57,8770.9,8571.5,38.83,20.42,63.99,32.1,0.0,40.3,0,None
2023-04-06 08:00:00,Maharashtra,Western Region,561.78,560.94,10459.2,10399.6,61.46,22.94,37.34,34.0,0.0,34.8,0,None
2023-04-06 09:00:00,Maharashtra,Western Region,622.31,621.89,11583.3,11134.1,85.98,24.86,49.17,36.2,0.0,34.3,0,None
2023-04-06 10:00:00,Maharashtra,Western Region,665.55,647.99,12338.9,11994.2,104.82,24.55,53.36,35.4,0.0,48.2,0,None
2023-04-06 11:00:00,Maharashtra,Western Region,710.87,698.05,13115.2,13038.0,126.02,18.78,54.17,37.7,0.0,57.1,0,None
2023-04-06 12:00:00,Maharashtra,Western Region,687.16,685.65,12739.7,12440.1,119.84,25.86,40.81,36.6,0.0,27.2,0,None
2023-04-06 13:00:00,Maharashtra,Western Region,658.1,651.15,12215.8,11928.7,115.2,12.16,45.9,38.4,0.0,46.2,0,None
2023-04-06 14:00:00,Maharashtra,Western Region,581.99,573.28,10752.5,10600.3,106.42,31.52,47.45,36.0,0.0,55.0,0,None
2023-04-06 15:00:00,Maharashtra,Western Region,632.08,618.45,11681.5,11262.8,77.31,21.08,53.06,41.2,0.0,50.9,0,None
2023-04-06 16:00:00,Maharashtra,Western Region,536.43,523.44,9905.3,9811.1,50.16,16.65,47.08,37.7,0.0,48.4,0,None
2023-04-06 17:00:00,Maharashtra,Western Region,566.53,565.27,10454.3,10182.6,29.61,46.58,42.85,41.6,0.0,56.1,0,None
2023-04-06 18:00:00,Maharashtra,Western Region,473.81,470.16,8698.7,8571.0,0.0,40.67,55.74,33.9,0.0,49.7,0,None
2023-04-06 19:00:00,Maharashtra,Western Region,502.15,499.72,9311.0,9117.5,0.0,31.51,55.63,37.5,0.0,50.0,0,None
2023-04-06 20:00:00,Maharashtra,Western Region,511.49,505.5,9513.7,9483.8,0.0,36.96,52.74,35.8,0.0,49.6,0,None
2023-04-06 21:00:00,Maharashtra,Western Region,431.92,426.87,8096.2,8038.6,0.0,42.92,59.6,31.5,0.0,38.7,0,None
2023-04-06 22:00:00,Maharashtra,Western Region,422.91,414.49,7754.8,7599.3,0.0,32.69,46.57,32.3,0.0,37.7,0,None
2023-04-06 23:00:00,Maharashtra,Western Region,400.65,399.38,7397.7,7302.2,0.0,59.46,55.52,32.0,0.0,51.0,0,None
2023-04-07 00:00:00,Maharashtra,Western Region,330.34,326.48,6148.0,5911.4,0.0,59.23,51.31,28.9,0.0,46.4,0,None
2023-04-07 01:00:00,Maharashtra,Western Region,301.82,301.54,5570.3,5493.5,0.0,54.03,55.54,28.6,0.0,47.1,0,None
2023-04-07 02:00:00,Maharashtra,Western Region,288.95,287.8,5319.6,5179.3,0.0,50.62,41.16,28.0,0.0,35.3,0,None
2023-04-07 03:00:00,Maharashtra,Western Region,280.82,272.98,5175.2,4987.8,0.0,47.95,39.61,30.1,0.0,61.0,0,None
2023-04-07 04:00:00,Maharashtra,Western Region,260.05,255.54,4691.6,4556.6,0.0,54.87,45.8,28.5,0.0,42.3,0,None
2023-04-07 05:00:00,Maharashtra,Western Region,301.9,299.02,5634.7,5568.0,0.0,44.73,46.17,30.0,0.0,50.8,0,None
2023-04-07 06:00:00,Maharashtra,Western Region,398.09,396.42,7408.6,7147.3,1.21,30.27,34.82,34.6,0.0,55.1,0,None
2023-04-07 07:00:00,Maharashtra,Western Region,446.23,435.14,8278.1,8096.8,31.26,17.61,54.71,30.9,0.0,46.6,0,None
2023-04-07 08:00:00,Maharashtra,Western Region,522.82,510.74,9545.6,9276.4,50.89,20.4,41.93,32.3,0.0,37.2,0,None
2023-04-07 09:00:00,Maharashtra,Western Region,650.11,638.58,12041.9,12009.2,81.49,20.95,53.43,36.1,0.0,45.3,0,None
2023-04-07 10:00:00,Maharashtra,Western Region,667.4,658.68,12426.5,12400.3,101.48,17.9,50.73,36.4,0.0,45.9,0,None
2023-04-07 11:00:00,Maharashtra,Western Region,662.22,648.92,12321.4,12236.1,114.3,21.59,33.15,35.6,0.0,44.2,0,None
2023-04-07 12:00:00,Maharashtra,Western Region,687.86,675.99,12757.7,12747.1,117.14,4.56,47.15,37.7,0.0,49.5,0,None
2023-04-07 13:00:00,Maharashtra,Western Region,674.14,673.42,12457.8,12013.1,123.9,15.2,44.66,39.6,0.0,47.0,0,None
2023-04-07 14:00:00,Maharashtra,Western Region,679.31,669.99,12437.2,12187.6,100.75,12.98,63.54,41.4,0.0,41.0,0,None
2023-04-07 15:00:00,Maharashtra,Western Region,588.39,580.95,10943.2,10517.2,73.3,35.53,54.98,37.0,0.0,56.6,0,None
2023-04-07 16:00:00,Maharashtra,Western Region,544.58,532.43,10107.5,10032.7,58.27,38.49,46.16,37.0,0.0,43.2,0,None
2023-04-07 17:00:00,Maharashtra,Western Region,480.31,469.77,8876.0,8531.1,26.79,30.83,43.82,35.4,0.0,27.7,0,None
2023-04-07 18:00:00,Maharashtra,Western Region,515.36,501.32,9595.4,9579.4,12.33,39.27,53.32,36.9,0.0,52.6,0,None
2023-04-07 19:00:00,Maharashtra,Western Region,468.84,467.91,8688.5,8558.3,0.0,37.37,41.95,33.8,0.0,43.1,0,None
2023-04-07 20:00:00,Maharashtra,Western Region,505.98,490.87,9359.2,9081.5,0.0,37.3,46.81,33.2,0.0,43.0,0,None
2023-04-07 21:00:00,Maharashtra,Western Region,437.15,435.46,8021.1,7988.5,0.0,41.99,45.52,32.8,0.0,40.6,0,None
2023-04-07 22:00:00,Maharashtra,Western Region,470.12,466.36,8684.4,8543.7,0.0,53.94,49.96,33.6,0.0,38.5,0,None
2023-04-07 23:00:00,Maharashtra,Western Region,389.56,378.77,7257.5,7166.3,0.0,31.21,35.97,29.9,0.0,36.7,0,None
2023-04-08 00:00:00,Maharashtra,Western Region,360.11,357.18,6665.4,6621.8,0.0,47.59,49.1,30.1,0.0,37.4,0,None
2023-04-08 01:00:00,Maharashtra,Western Region,244.17,237.04,4437.6,4378.9,0.0,42.72,57.37,25.2,0.0,45.5,0,None
2023-04-08 02:00:00,Maharashtra,Western Region,311.93,302.83,5781.8,5761.4,0.0,42.76,56.58,30.0,0.0,48.4,0,None
2023-04-08 03:00:00,Maharashtra,Western Region,263.55,259.59,4864.0,4850.8,0.0,44.65,54.62,27.7,0.0,41.2,0,None
2023-04-08 04:00:00,Maharashtra,Western Region,272.05,267.06,4884.7,4870.6,0.0,33.76,52.42,28.5,0.0,39.2,0,None
2023-04-08 05:00:00,Maharashtra,Western Region,359.95,349.4,6667.6,6500.1,0.0,42.89,48.08,32.5,0.0,49.9,0,None
2023-04-08 06:00:00,Maharashtra,Western Region,386.12,379.82,7158.8,7104.0,3.11,32.37,42.15,30.9,0.6,48.2,0,None
2023-04-08 07:00:00,Maharashtra,Western Region,438.14,430.99,8070.6,7834.8,32.35,34.11,56.76,32.1,0.0,56.1,0,None
2023-04-08 08:00:00,Maharashtra,Western Region,567.13,550.26,10538.4,10209.9,54.52,26.64,50.84,34.7,0.0,53.4,0,None
2023-04-08 09:00:00,Maharashtra,Western Region,549.21,544.88,10106.5,9822.6,87.64,22.96,53.17,31.3,0.0,42.8,0,None
2023-04-08 10:00:00,Maharashtra,Western Region,713.06,692.81,13191.9,13065.4,107.82,15.69,50.73,36.9,0.4,56.4,0,None
2023-04-08 11:00:00,Maharashtra,Western Region,751.16,729.2,13914.5,13727.4,109.45,17.2,52.26,39.3,0.0,47.2,0,None
2023-04-08 12:00:00,Maharashtra,Western Region,691.22,687.58,12761.5,12391.6,108.82,23.75,50.63,36.9,0.0,46.7,0,None
2023-04-08 13:00:00,Maharashtra,Western Region,711.09,704.79,13180.9,12771.2,117.03,19.13,44.35,40.2,0.0,54.5,0,None
2023-04-08 14:00:00,Maharashtra,Western Region,644.38,627.53,12032.2,11554.4,109.28,29.9,49.62,39.5,0.0,58.4,0,None
2023-04-08 15:00:00,Maharashtra,Western Region,599.58,593.46,11156.5,11153.1,80.89,22.52,39.9,38.9,0.8,44.1,0,None
2023-04-08 16:00:00,Maharashtra,Western Region,570.85,558.05,10528.1,10160.3,48.53,23.53,50.5,39.8,0.0,39.4,0,None
2023-04-08 17:00:00,Maharashtra,Western Region,489.33,483.7,9054.1,8863.1,25.51,21.83,61.62,35.8,0.3,50.4,0,None
2023-04-08 18:00:00,Maharashtra,Western Region,530.41,529.56,9824.5,9497.5,0.0,13.42,48.18,37.6,0.0,50.5,0,None
2023-04-08 19:00:00,Maharashtra,Western Region,516.67,510.22,9562.5,9358.2,0.0,53.2,47.61,36.5,0.0,40.2,0,None
2023-04-08 20:00:00,Maharashtra,Western Region,486.94,482.43,9081.8,8958.1,0.0,44.2,50.4,36.0,0.0,46.5,0,None
2023-04-08 21:00:00,Maharashtra,Western Region,465.11,455.24,8602.8,8290.4,0.0,57.8,49.97,32.7,0.0,42.4,0,None
2023-04-08 22:00:00,Maharashtra,Western Region,479.96,476.78,8810.2,8726.0,0.0,54.14,43.1,33.6,0.0,26.5,0,None
2023-04-08 23:00:00,Maharashtra,Western Region,404.04,398.76,7421.1,7319.2,0.0,44.01,48.43,32.1,0.0,29.2,0,None
2023-04-09 00:00:00,Maharashtra,Western Region,350.86,349.5,6606.8,6435.1,0.0,42.11,52.63,31.5,0.0,35.2,1,None
2023-04-09 01:00:00,Maharashtra,Western Region,321.16,313.04,5878.0,5715.5,0.0,41.37,51.02,32.0,0.0,33.4,1,None
2023-04-09 02:00:00,Maharashtra,Western Region,259.11,252.19,4711.6,4710.4,0.0,39.07,51.46,30.5,0.0,55.6,1,None
2023-04-09 03:00:00,Maharashtra,Western Region,244.92,238.01,4466.2,4398.4,0.0,45.54,50.34,29.9,0.0,40.5,1,None
2023-04-09 04:00:00,Maharashtra,Western Region,229.6,227.68,4234.9,4113.0,0.0,42.76,49.41,27.6,0.0,48.0,1,None
2023-04-09 05:00:00,Maharashtra,Western Region,283.68,278.86,5230.4,5182.7,0.0,48.95,53.55,31.8,0.8,45.2,1,None
2023-04-09 06:00:00,Maharashtra,Western Region,328.49,322.75,6021.8,5866.9,0.0,33.34,38.64,30.5,0.0,50.8,1,None
2023-04-09 07:00:00,Maharashtra,Western Region,406.64,394.44,7548.6,7489.1,37.07,40.46,54.34,33.6,0.0,49.9,1,None
2023-04-09 08:00:00,Maharashtra,Western Region,500.56,494.37,9345.7,9197.1,66.18,30.13,42.51,34.8,0.0,52.2,1,None
2023-04-09 09:00:00,Maharashtra,Western Region,579.75,572.76,10762.5,10561.9,92.07,29.22,41.93,37.0,0.0,55.1,1,None
2023-04-09 10:00:00,Maharashtra,Western Region,604.86,600.28,11163.8,10909.7,113.5,13.35,42.75,36.1,0.0,31.5,1,None
2023-04-09 11:00:00,Maharashtra,Western Region,634.54,627.81,11792.5,11583.6,107.11,28.61,48.21,36.5,0.0,52.1,1,None
2023-04-09 12:00:00,Maharashtra,Western Region,665.31,650.77,12312.0,11885.5,122.96,25.63,47.17,38.7,0.0,56.6,1,None
2023-04-09 13:00:00,Maharashtra,Western Region,578.29,561.57,10679.2,10288.4,113.79,26.65,52.68,36.0,0.0,35.6,1,None
2023-04-09 14:00:00,Maharashtra,Western Region,603.8,588.12,11138.9,10762.6,109.62,21.36,46.92,40.6,0.0,52.2,1,None
2023-04-09 15:00:00,Maharashtra,Western Region,571.49,562.95,10543.5,10416.4,85.85,13.09,51.82,39.9,0.1,39.5,1,None
2023-04-09 16:00:00,Maharashtra,Western Region,460.33,449.48,8488.2,8407.5,54.71,29.0,39.79,36.0,0.0,42.8,1,None
2023-04-09 17:00:00,Maharashtra,Western Region,469.45,455.67,8667.9,8421.1,24.36,41.56,55.84,35.8,0.0,48.4,1,None
2023-04-09 18:00:00,Maharashtra,Western Region,480.16,466.19,8904.6,8683.2,2.09,42.88,52.35,36.7,0.0,41.6,1,None
2023-04-09 19:00:00,Maharashtra,Western Region,462.25,460.37,8555.7,8258.7,0.0,22.49,47.46,36.3,0.0,43.1,1,None
2023-04-09 20:00:00,Maharashtra,Western Region,405.92,397.5,7632.4,7609.9,0.0,45.67,44.17,31.1,0.0,47.0,1,None
2023-04-09 21:00:00,Maharashtra,Western Region,404.04,395.48,7527.6,7246.6,0.0,38.69,59.58,32.3,0.0,57.1,1,None
2023-04-09 22:00:00,Maharashtra,Western Region,386.77,377.67,7108.4,6976.5,0.0,39.69,32.74,32.0,0.0,57.7,1,None
2023-04-09 23:00:00,Maharashtra,Western Region,331.0,328.76,6133.9,5901.4,0.0,56.8,49.39,29.4,0.0,54.6,1,None
2023-04-10 00:00:00,Maharashtra,Western Region,324.87,319.09,6100.3,5946.4,0.0,48.63,43.58,30.9,0.0,39.3,0,None
2023-04-10 01:00:00,Maharashtra,Western Region,337.68,334.87,6315.0,6174.4,0.0,53.08,48.79,28.7,0.0,30.2,0,None
2023-04-10 02:00:00,Maharashtra,Western Region,260.27,252.69,4916.5,4910.1,0.0,47.12,59.22,29.4,0.0,61.6,0,None
2023-04-10 03:00:00,Maharashtra,Western Region,253.56,247.91,4713.5,4666.3,0.0,50.72,47.44,27.2,0.0,42.0,0,None
2023-04-10 04:00:00,Maharashtra,Western Region,277.04,272.59,5120.2,4962.2,0.0,34.12,55.37,30.2,0.0,45.4,0,None
2023-04-10 05:00:00,Maharashtra,Western Region,316.48,314.15,5889.8,5884.3,0.0,45.35,63.14,30.2,0.0,47.5,0,None
2023-04-10 06:00:00,Maharashtra,Western Region,373.69,371.08,6866.0,6655.3,3.4,32.34,57.07,31.6,0.0,43.8,0,None
2023-04-10 07:00:00,Maharashtra,Western Region,534.56,531.89,9847.6,9818.6,32.0,35.18,52.38,36.7,0.0,37.9,0,None
2023-04-10 08:00:00,Maharashtra,Western Region,524.7,516.13,9655.5,9477.2,66.08,35.03,37.5,33.0,0.0,53.6,0,None
2023-04-10 09:00:00,Maharashtra,Western Region,633.51,617.04,11628.0,11534.4,85.58,32.37,46.21,35.9,0.0,46.0,0,None
2023-04-10 10:00:00,Maharashtra,Western Region,698.22,682.87,12970.1,12873.5,104.5,19.47,43.63,38.6,0.0,53.1,0,None
2023-04-10 11:00:00,Maharashtra,Western Region,648.24,647.27,11970.7,11887.5,117.16,0.0,54.77,33.5,0.0,53.8,0,None
2023-04-10 12:00:00,Maharashtra,Western Region,695.81,683.02,12902.6,12875.3,116.08,19.21,55.05,38.0,0.0,45.6,0,None
2023-04-10 13:00:00,Maharashtra,Western Region,681.06,668.94,12606.5,12356.0,113.62,23.22,60.7,39.4,0.0,34.3,0,None
2023-04-10 14:00:00,Maharashtra,Western Region,622.75,619.7,11542.7,11384.1,107.03,21.76,47.5,38.6,0.0,57.5,0,None
2023-04-10 15:00:00,Maharashtra,Western Region,599.85,582.64,11076.7,10693.0,84.84,12.34,44.14,39.1,0.0,28.4,0,None
2023-04-10 16:00:00,Maharashtra,Western Region,545.72,542.13,10042.0,9653.3,51.94,26.78,34.98,38.2,0.0,37.3,0,None
2023-04-10 17:00:00,Maharashtra,Western Region,509.13,505.28,9335.6,9026.2,22.2,39.19,44.27,36.8,0.0,46.9,0,None
2023-04-10 18:00:00,Maharashtra,Western Region,543.33,528.34,10043.2,9953.7,2.32,33.6,47.49,38.4,0.0,56.1,0,None
2023-04-10 19:00:00,Maharashtra,Western Region,538.56,538.34,9974.0,9864.0,0.0,40.31,45.41,37.1,0.0,41.7,0,None
2023-04-10 20:00:00,Maharashtra,Western Region,507.17,499.04,9389.3,9374.5,0.0,48.83,52.68,35.4,0.0,36.5,0,None
2023-04-10 21:00:00,Maharashtra,Western Region,470.43,458.32,8775.9,8735.4,0.0,35.54,56.58,33.5,0.1,52.3,0,None
2023-04-10 22:00:00,Maharashtra,Western Region,455.99,454.84,8397.4,8379.2,0.0,58.82,50.0,33.4,0.0,36.8,0,None
2023-04-10 23:00:00,Maharashtra,Western Region,384.03,374.68,7174.0,7026.8,0.0,49.34,46.46,29.7,0.0,41.7,0,None
2023-04-11 00:00:00,Maharashtra,Western Region,353.47,345.84,6455.9,6337.6,0.0,41.61,46.69,30.0,0.0,50.6,0,None
2023-04-11 01:00:00,Maharashtra,Western Region,303.83,296.05,5698.5,5480.7,0.0,55.89,56.96,30.7,0.0,52.3,0,None
2023-04-11 02:00:00,Maharashtra,Western Region,290.26,282.8,5289.4,5163.4,0.0,59.6,54.59,29.3,0.0,59.0,0,None
2023-04-11 03:00:00,Maharashtra,Western Region,266.41,260.31,5036.1,5020.4,0.0,54.45,47.56,28.9,0.0,39.5,0,None
2023-04-11 04:00:00,Maharashtra,Western Region,297.32,295.86,5490.8,5477.9,0.0,30.12,47.89,29.9,0.0,42.4,0,None
2023-04-11 05:00:00,Maharashtra,Western Region,304.43,300.47,5676.8,5489.7,0.0,31.29,39.87,29.1,1.4,32.6,0,None
2023-04-11 06:00:00,Maharashtra,Western Region,387.84,382.29,7180.7,6999.9,4.11,20.18,50.69,32.8,0.0,45.0,0,None
2023-04-11 07:00:00,Maharashtra,Western Region,507.91,504.4,9467.9,9123.5,33.31,24.22,50.66,35.0,0.0,29.4,0,None
2023-04-11 08:00:00,Maharashtra,Western Region,559.81,556.02,10401.0,10280.0,57.92,28.84,55.57,35.5,0.0,34.4,0,None
2023-04-11 09:00:00,Maharashtra,Western Region,624.61,606.04,11583.8,11211.6,84.93,12.2,60.17,35.8,0.0,48.2,0,None
2023-04-11 10:00:00,Maharashtra,Western Region,690.92,680.82,12828.7,12478.9,98.8,25.76,50.13,36.0,0.0,39.4,0,None
2023-04-11 11:00:00,Maharashtra,Western Region,702.23,695.41,12952.7,12624.3,113.03,11.97,53.24,37.0,0.0,42.8,0,None
2023-04-11 12:00:00,Maharashtra,Western Region,725.88,706.52,13423.5,13222.7,113.53,17.11,54.4,38.9,0.6,34.1,0,None
2023-04-11 13:00:00,Maharashtra,Western Region,677.29,674.86,12650.8,12263.9,123.04,21.6,58.5,38.4,0.0,46.8,0,None
2023-04-11 14:00:00,Maharashtra,Western Region,633.11,614.36,11722.9,11304.7,95.08,13.8,48.09,38.1,0.0,42.0,0,None
2023-04-11 15:00:00,Maharashtra,Western Region,509.05,507.43,9398.1,9058.3,85.63,13.65,42.63,35.1,0.0,55.6,0,None
2023-04-11 16:00:00,Maharashtra,Western Region,533.78,524.71,9818.0,9662.5,63.04,17.95,60.4,35.8,0.0,32.2,0,None
2023-04-11 17:00:00,Maharashtra,Western Region,536.58,532.07,9911.6,9705.3,33.19,21.3,40.85,36.6,0.0,43.9,0,None
2023-04-11 18:00:00,Maharashtra,Western Region,503.36,499.09,9349.9,8983.2,3.75,19.25,60.54,35.8,0.0,45.2,0,None
2023-04-11 19:00:00,Maharashtra,Western Region,495.59,490.99,9221.3,8993.0,0.0,41.29,34.46,34.2,0.0,40.6,0,None
2023-04-11 20:00:00,Maharashtra,Western Region,484.79,477.86,9060.5,8777.7,0.0,28.91,56.0,34.5,0.0,46.1,0,None
2023-04-11 21:00:00,Maharashtra,Western Region,458.83,457.91,8545.7,8483.8,0.0,45.81,46.36,32.0,0.0,42.0,0,None
2023-04-11 22:00:00,Maharashtra,Western Region,386.2,383.11,7105.2,7060.2,0.0,49.52,55.92,29.9,0.0,47.6,0,None
2023-04-11 23:00:00,Maharashtra,Western Region,395.2,384.45,7402.9,7188.6,0.0,53.36,53.21,30.6,0.0,44.2,0,None
2023-04-12 00:00:00,Maharashtra,Western Region,350.08,342.75,6446.6,6281.3,0.0,54.4,59.75,30.4,0.0,58.5,0,None
2023-04-12 01:00:00,Maharashtra,Western Region,271.58,266.03,5106.9,4904.5,0.0,60.11,53.35,28.3,0.0,55.3,0,None
2023-04-12 02:00:00,Maharashtra,Western Region,274.45,270.56,5110.0,5081.8,0.0,44.49,49.3,28.0,0.0,39.4,0,None
2023-04-12 03:00:00,Maharashtra,Western Region,254.55,248.88,4681.8,4584.2,0.0,34.03,46.03,28.4,0.0,33.6,0,None
2023-04-12 04:00:00,Maharashtra,Western Region,270.5,262.86,4996.0,4835.1,0.0,56.17,60.53,29.5,0.0,45.8,0,None
2023-04-12 05:00:00,Maharashtra,Western Region,330.71,322.1,6152.4,5919.1,0.0,44.39,44.64,29.6,0.0,46.0,0,None
2023-04-12 06:00:00,Maharashtra,Western Region,370.06,369.13,6913.0,6652.6,0.0,42.53,53.17,29.6,0.0,38.1,0,None
2023-04-12 07:00:00,Maharashtra,Western Region,432.93,432.0,7984.7,7890.9,24.28,28.09,50.19,32.2,0.0,35.5,0,None
2023-04-12 08:00:00,Maharashtra,Western Region,513.45,502.83,9541.6,9207.4,55.91,34.04,53.44,33.8,0.0,37.0,0,None
2023-04-12 09:00:00,Maharashtra,Western Region,631.63,626.33,11616.9,11476.9,87.08,23.99,47.45,35.6,0.5,49.7,0,None
2023-04-12 10:00:00,Maharashtra,Western Region,691.38,673.52,12701.2,12626.4,104.16,14.2,52.22,36.4,0.0,41.2,0,None
2023-04-12 11:00:00,Maharashtra,Western Region,696.42,692.68,12907.0,12739.2,107.94,14.7,46.26,37.6,0.0,36.8,0,None
2023-04-12 12:00:00,Maharashtra,Western Region,684.46,680.99,12644.1,12574.5,110.23,27.98,51.1,37.5,0.0,49.2,0,None
2023-04-12 13:00:00,Maharashtra,Western Region,673.97,666.73,12380.3,11995.1,115.49,20.27,49.8,37.4,0.0,45.5,0,None
2023-04-12 14:00:00,Maharashtra,Western Region,570.87,567.92,10592.1,10381.9,109.07,23.37,46.39,37.5,0.0,51.0,0,None
2023-04-12 15:00:00,Maharashtra,Western Region,593.99,590.63,10997.8,10879.7,80.6,25.67,44.35,37.2,0.0,42.0,0,None
2023-04-12 16:00:00,Maharashtra,Western Region,572.21,569.17,10555.0,10491.9,56.7,48.2,49.46,39.5,0.0,45.7,0,None
2023-04-12 17:00:00,Maharashtra,Western Region,534.71,525.0,9835.6,9508.8,31.87,29.08,46.71,39.1,0.0,48.6,0,None
2023-04-12 18:00:00,Maharashtra,Western Region,466.9,453.67,8688.0,8575.4,0.0,32.41,57.45,34.7,0.0,57.5,0,None
2023-04-12 19:00:00,Maharashtra,Western Region,535.68,532.05,9934.5,9655.5,0.0,40.3,48.96,37.0,0.0,49.5,0,None
2023-04-12 20:00:00,Maharashtra,Western Region,480.69,479.46,8876.2,8646.9,0.0,52.79,43.29,33.7,0.0,42.4,0,None
2023-04-12 21:00:00,Maharashtra,Western Region,437.85,433.58,8210.7,8136.4,0.0,53.78,56.07,31.5,0.0,48.7,0,None
2023-04-12 22:00:00,Maharashtra,Western Region,426.4,413.94,7990.8,7775.7,0.0,51.89,53.08,32.5,0.0,52.9,0,None
2023-04-12 23:00:00,Maharashtra,Western Region,378.29,378.29,7053.2,6916.1,0.0,49.87,44.08,29.8,0.0,23.7,0,None
2023-04-13 00:00:00,Maharashtra,Western Region,339.63,332.47,6327.1,6091.6,0.0,54.51,51.06,30.0,0.0,35.1,0,None
2023-04-13 01:00:00,Maharashtra,Western Region,295.59,289.28,5444.5,5249.4,0.0,57.53,55.0,28.4,0.0,42.9,0,None
2023-04-13 02:00:00,Maharashtra,Western Region,247.96,247.18,4609.2,4453.0,0.0,47.04,56.06,26.9,0.0,37.3,0,None
2023-04-13 03:00:00,Maharashtra,Western Region,258.62,255.33,4847.0,4774.0,0.0,47.77,50.17,29.1,0.0,44.7,0,None
2023-04-13 04:00:00,Maharashtra,Western Region,283.05,280.41,5218.4,5187.2,0.0,51.97,54.89,30.5,0.0,51.1,0,None
2023-04-13 05:00:00,Maharashtra,Western Region,319.68,314.6,5931.8,5739.0,0.0,24.29,42.5,30.9,0.0,44.5,0,None
2023-04-13 06:00:00,Maharashtra,Western Region,391.65,386.96,7205.5,6928.6,0.32,34.16,45.64,33.2,0.0,45.5,0,None
2023-04-13 07:00:00,Maharashtra,Western Region,495.82,488.64,9067.6,8780.4,33.25,27.29,49.98,35.1,0.0,47.0,0,None
2023-04-13 08:00:00,Maharashtra,Western Region,506.79,498.06,9308.6,9154.1,57.34,14.49,53.3,32.9,0.0,53.0,0,None
2023-04-13 09:00:00,Maharashtra,Western Region,619.95,605.33,11475.7,11396.4,79.68,36.19,50.88,35.1,0.0,58.9,0,None
2023-04-13 10:00:00,Maharashtra,Western Region,664.7,650.83,12305.7,12092.2,104.6,25.86,57.54,36.2,0.0,51.5,0,None
2023-04-13 11:00:00,Maharashtra,Western Region,663.55,660.71,12212.0,11829.0,122.34,26.14,39.42,35.6,0.0,43.6,0,None
2023-04-13 12:00:00,Maharashtra,Western Region,704.51,690.67,12910.5,12883.3,115.72,27.08,57.86,37.4,0.1,51.9,0,None
2023-04-13 13:00:00,Maharashtra,Western Region,657.56,652.57,12075.3,12035.0,113.13,30.32,56.32,37.9,0.0,37.2,0,None
2023-04-13 14:00:00,Maharashtra,Western Region,603.48,591.77,11160.0,10718.1,102.4,4.27,45.33,38.0,0.0,29.4,0,None
2023-04-13 15:00:00,Maharashtra,Western Region,614.9,609.62,11456.6,11307.8,92.62,20.9,64.6,41.1,0.0,38.0,0,None
2023-04-13 16:00:00,Maharashtra,Western Region,519.18,514.83,9655.0,9587.4,59.22,14.69,52.89,37.7,0.0,41.7,0,None
2023-04-13 17:00:00,Maharashtra,Western Region,498.39,484.08,9193.5,8862.0,28.4,32.12,43.76,35.1,0.0,47.2,0,None
2023-04-13 18:00:00,Maharashtra,Western Region,567.8,563.72,10465.9,10183.8,3.46,31.1,49.99,40.3,0.0,49.8,0,None
2023-04-13 19:00:00,Maharashtra,Western Region,504.72,501.47,9361.1,9011.9,0.0,28.77,43.1,35.4,0.0,50.1,0,None
2023-04-13 20:00:00,Maharashtra,Western Region,482.71,472.2,8949.7,8725.1,0.0,39.69,50.92,35.4,0.0,48.5,0,None
2023-04-13 21:00:00,Maharashtra,Western Region,434.83,429.88,7943.4,7699.5,0.0,36.52,47.07,30.6,0.0,45.9,0,None
2023-04-13 22:00:00,Maharashtra,Western Region,420.99,411.75,7797.8,7693.4,0.0,38.8,37.94,29.5,0.0,54.6,0,None
2023-04-13 23:00:00,Maharashtra,Western Region,374.24,367.84,6924.8,6740.9,0.0,47.51,54.31,31.1,0.0,54.2,0,None
2023-04-14 00:00:00,Maharashtra,Western Region,322.56,318.82,5948.3,5722.3,0.0,33.07,42.58,28.1,0.0,42.6,0,None
2023-04-14 01:00:00,Maharashtra,Western Region,293.34,285.68,5435.1,5223.7,0.0,46.46,53.27,28.8,0.0,44.6,0,None
2023-04-14 02:00:00,Maharashtra,Western Region,288.34,280.59,5288.3,5105.9,0.0,44.73,43.36,30.2,0.0,30.9,0,None
2023-04-14 03:00:00,Maharashtra,Western Region,270.36,263.45,5025.9,4994.0,0.0,45.59,54.66,30.4,0.0,56.3,0,None
2023-04-14 04:00:00,Maharashtra,Western Region,264.62,263.36,4861.7,4669.4,0.0,39.06,54.4,29.9,0.0,43.6,0,None
2023-04-14 05:00:00,Maharashtra,Western Region,303.49,298.1,5640.8,5531.1,0.0,37.34,48.32,29.6,0.0,52.0,0,None
2023-04-14 06:00:00,Maharashtra,Western Region,438.73,433.17,8180.0,8131.6,0.96,19.97,51.06,33.5,0.0,38.2,0,None
2023-04-14 07:00:00,Maharashtra,Western Region,459.95,447.79,8507.0,8340.8,34.87,26.48,45.79,33.2,0.8,25.6,0,None
2023-04-14 08:00:00,Maharashtra,Western Region,540.3,528.99,9963.8,9661.0,52.56,43.02,41.66,34.0,0.0,45.8,0,None
2023-04-14 09:00:00,Maharashtra,Western Region,637.11,626.81,11841.5,11412.4,82.38,18.1,51.21,37.5,0.0,58.9,0,None
2023-04-14 10:00:00,Maharashtra,Western Region,668.47,651.51,12477.2,12061.8,110.29,20.45,46.03,35.5,0.0,40.1,0,None
2023-04-14 11:00:00,Maharashtra,Western Region,708.96,697.37,13091.1,12604.3,112.41,13.62,37.39,37.5,0.0,47.1,0,None
2023-04-14 12:00:00,Maharashtra,Western Region,695.43,692.19,12811.1,12445.4,120.97,17.08,37.11,36.9,0.0,43.8,0,None
2023-04-14 13:00:00,Maharashtra,Western Region,735.53,715.98,13571.1,13146.1,112.21,22.55,51.59,40.0,0.0,36.1,0,None
2023-04-14 14:00:00,Maharashtra,Western Region,699.56,684.39,12858.3,12721.2,92.87,22.91,51.86,42.0,0.0,44.0,0,None
2023-04-14 15:00:00,Maharashtra,Western Region,585.8,580.25,10812.6,10481.1,81.51,13.14,47.52,39.4,0.0,58.8,0,None
2023-04-14 16:00:00,Maharashtra,Western Region,592.82,582.65,10933.7,10792.3,59.64,40.15,60.21,39.8,0.0,42.0,0,None
2023-04-14 17:00:00,Maharashtra,Western Region,483.33,480.94,8941.8,8650.9,27.99,29.76,44.76,35.1,0.0,45.9,0,None
2023-04-14 18:00:00,Maharashtra,Western Region,523.42,517.3,9680.2,9456.8,0.0,26.26,56.55,38.1,0.0,46.9,0,None
2023-04-14 19:00:00,Maharashtra,Western Region,500.87,493.85,9289.8,8993.8,0.0,42.37,48.48,35.6,0.0,50.3,0,None
2023-04-14 20:00:00,Maharashtra,Western Region,472.78,467.64,8772.8,8756.8,0.0,39.08,47.69,33.3,0.0,49.1,0,None
2023-04-14 21:00:00,Maharashtra,Western Region,449.16,438.68,8262.0,8041.4,0.0,45.02,45.75,33.0,0.0,65.3,0,None
2023-04-14 22:00:00,Maharashtra,Western Region,390.37,389.89,7120.5,7009.0,0.0,48.97,54.26,29.5,0.0,36.7,0,None
2023-04-14 23:00:00,Maharashtra,Western Region,397.39,386.5,7385.4,7115.7,0.0,40.16,45.88,31.5,0.0,36.8,0,None
2023-04-15 00:00:00,Maharashtra,Western Region,322.58,315.83,5994.8,5856.8,0.0,48.88,44.56,29.9,0.0,45.2,0,None
2023-04-15 01:00:00,Maharashtra,Western Region,298.58,293.71,5570.3,5413.7,0.0,53.11,52.51,30.0,0.1,43.0,0,None
2023-04-15 02:00:00,Maharashtra,Western Region,264.13,261.31,4780.6,4733.1,0.0,44.35,56.52,28.3,0.0,38.8,0,None
2023-04-15 03:00:00,Maharashtra,Western Region,271.9,271.0,4951.4,4866.9,0.0,39.22,53.09,30.5,0.0,31.0,0,None
2023-04-15 04:00:00,Maharashtra,Western Region,263.31,262.91,4940.6,4818.8,0.0,45.8,52.26,26.1,0.0,35.8,0,None
2023-04-15 05:00:00,Maharashtra,Western Region,342.37,341.06,6264.6,6035.6,0.0,41.21,43.11,33.1,0.0,44.5,0,None
2023-04-15 06:00:00,Maharashtra,Western Region,384.37,377.75,7111.9,7035.1,0.0,22.63,48.93,31.6,0.0,42.0,0,None
2023-04-15 07:00:00,Maharashtra,Western Region,454.58,441.9,8490.4,8172.8,34.99,29.99,42.2,31.2,0.0,53.3,0,None
2023-04-15 08:00:00,Maharashtra,Western Region,599.54,598.08,11138.7,10743.2,59.32,16.88,40.93,35.5,0.0,38.9,0,None
2023-04-15 09:00:00,Maharashtra,Western Region,587.63,581.9,10823.5,10439.6,81.59,15.44,51.74,33.4,0.0,56.7,0,None
2023-04-15 10:00:00,Maharashtra,Western Region,676.51,675.51,12461.3,12099.4,101.37,18.34,35.32,36.5,0.0,45.3,0,None
2023-04-15 11:00:00,Maharashtra,Western Region,706.47,689.63,13117.7,12653.8,107.85,37.05,51.18,36.9,0.0,44.9,0,None
2023-04-15 12:00:00,Maharashtra,Western Region,683.62,683.18,12789.3,12633.4,109.89,22.53,45.23,36.2,0.0,46.6,0,None
2023-04-15 13:00:00,Maharashtra,Western Region,692.89,684.3,12807.9,12694.6,113.48,17.04,48.91,39.4,0.0,20.0,0,None
2023-04-15 14:00:00,Maharashtra,Western Region,664.17,655.36,12413.1,11932.5,102.34,19.69,38.57,39.7,0.0,48.7,0,None
2023-04-15 15:00:00,Maharashtra,Western Region,586.19,581.51,10799.0,10636.0,79.34,38.65,42.02,38.8,0.0,49.4,0,None
2023-04-15 16:00:00,Maharashtra,Western Region,543.83,528.18,10080.6,10007.2,64.01,22.96,40.61,36.4,0.0,44.5,0,None
2023-04-15 17:00:00,Maharashtra,Western Region,529.89,525.15,9778.2,9516.1,43.32,48.3,46.99,37.1,0.0,36.2,0,None
2023-04-15 18:00:00,Maharashtra,Western Region,509.3,504.04,9468.4,9453.9,1.12,31.23,51.67,36.4,0.0,55.3,0,None
2023-04-15 19:00:00,Maharashtra,Western Region,478.39,475.6,8876.6,8605.4,0.0,32.67,50.27,34.7,0.0,51.3,0,None
2023-04-15 20:00:00,Maharashtra,Western Region,516.38,513.39,9619.7,9273.6,0.0,51.89,39.76,33.6,0.0,42.7,0,None
2023-04-15 21:00:00,Maharashtra,Western Region,432.61,425.25,7960.7,7685.0,0.0,53.17,53.09,32.2,0.0,56.2,0,None
2023-04-15 22:00:00,Maharashtra,Western Region,428.57,426.5,7996.9,7813.8,0.0,53.38,55.7,31.1,0.0,49.0,0,None
2023-04-15 23:00:00,Maharashtra,Western Region,364.64,359.72,6823.9,6801.5,0.0,59.33,50.97,29.4,0.0,45.9,0,None
2023-04-16 00:00:00,Maharashtra,Western Region,313.04,311.94,5792.1,5632.0,0.0,55.39,51.77,31.0,0.0,39.7,1,None
2023-04-16 01:00:00,Maharashtra,Western Region,299.43,292.4,5500.7,5497.6,0.0,48.82,45.22,31.3,0.0,48.3,1,None
2023-04-16 02:00:00,Maharashtra,Western Region,244.77,240.33,4618.6,4556.2,0.0,49.45,50.91,30.6,1.6,74.5,1,None
2023-04-16 03:00:00,Maharashtra,Western Region,221.97,217.4,4087.4,3985.6,0.0,35.89,42.62,27.6,0.0,45.0,1,None
2023-04-16 04:00:00,Maharashtra,Western Region,258.26,250.69,4788.6,4631.2,0.0,43.1,46.79,29.2,0.0,38.8,1,None
2023-04-16 05:00:00,Maharashtra,Western Region,273.13,270.91,5121.2,4941.3,0.0,43.52,46.73,28.3,0.0,48.9,1,None
2023-04-16 06:00:00,Maharashtra,Western Region,348.87,342.19,6447.6,6280.8,0.0,34.05,58.32,29.7,0.0,43.5,1,None
2023-04-16 07:00:00,Maharashtra,Western Region,414.18,412.04,7676.0,7481.9,28.02,21.72,55.95,33.9,0.1,50.7,1,None
2023-04-16 08:00:00,Maharashtra,Western Region,435.78,435.75,8088.4,7896.2,60.57,16.74,59.7,32.0,0.0,64.0,1,None
2023-04-16 09:00:00,Maharashtra,Western Region,578.2,564.61,10700.1,10414.7,67.64,15.05,58.48,36.1,0.0,35.1,1,None
2023-04-16 10:00:00,Maharashtra,Western Region,615.53,601.8,11371.1,11297.3,99.78,17.26,50.45,36.6,0.0,40.4,1,None
2023-04-16 11:00:00,Maharashtra,Western Region,628.35,618.95,11560.2,11355.5,119.07,26.5,52.17,35.5,0.0,49.5,1,None
2023-04-16 12:00:00,Maharashtra,Western Region,656.0,649.01,12194.5,11814.8,124.57,30.99,43.95,37.5,0.0,46.8,1,None
2023-04-16 13:00:00,Maharashtra,Western Region,630.11,618.68,11704.3,11701.4,122.0,15.67,52.39,38.8,0.0,40.1,1,None
2023-04-16 14:00:00,Maharashtra,Western Region,583.52,572.71,10700.2,10663.2,105.6,28.93,41.83,39.2,0.0,47.8,1,None
2023-04-16 15:00:00,Maharashtra,Western Region,544.21,533.9,10068.5,9928.4,88.62,39.62,54.21,39.5,0.0,33.2,1,None
2023-04-16 16:00:00,Maharashtra,Western Region,487.87,480.13,9073.5,9042.9,66.9,18.18,53.23,36.4,0.2,45.7,1,None
2023-04-16 17:00:00,Maharashtra,Western Region,427.81,418.71,7961.9,7783.8,21.83,37.69,43.5,35.5,0.0,40.5,1,None
2023-04-16 18:00:00,Maharashtra,Western Region,499.59,496.2,9146.1,8925.0,0.0,33.22,47.62,38.5,0.0,31.7,1,None
2023-04-16 19:00:00,Maharashtra,Western Region,510.82,502.3,9453.7,9273.6,0.0,44.45,59.27,37.4,0.0,58.3,1,None
2023-04-16 20:00:00,Maharashtra,Western Region,479.55,468.0,8855.1,8656.6,0.0,46.01,53.14,36.3,0.0,39.2,1,None
2023-04-16 21:00:00,Maharashtra,Western Region,446.27,435.62,8189.8,8089.6,0.0,49.82,61.53,33.8,0.0,55.4,1,None
2023-04-16 22:00:00,Maharashtra,Western Region,392.88,390.91,7273.0,7190.7,0.0,49.22,38.47,31.5,0.0,44.4,1,None
2023-04-16 23:00:00,Maharashtra,Western Region,278.38,272.32,5135.5,4942.8,0.0,46.68,56.33,26.8,0.2,41.2,1,None
2023-04-17 00:00:00,Maharashtra,Western Region,341.17,336.04,6348.9,6184.8,0.0,61.21,51.32,28.2,0.0,62.1,0,None
2023-04-17 01:00:00,Maharashtra,Western Region,312.46,304.6,5648.9,5447.5,0.0,43.63,66.86,28.8,0.0,35.9,0,None
2023-04-17 02:00:00,Maharashtra,Western Region,264.55,257.39,4922.1,4901.8,0.0,69.28,45.56,30.5,0.0,36.8,0,None
2023-04-17 03:00:00,Maharashtra,Western Region,277.45,269.86,5111.9,5054.7,0.0,49.54,58.95,31.6,0.0,51.5,0,None
2023-04-17 04:00:00,Maharashtra,Western Region,297.22,291.09,5501.2,5491.6,0.0,48.86,38.22,31.2,0.0,53.5,0,None
2023-04-17 05:00:00,Maharashtra,Western Region,323.34,314.3,6026.9,5836.3,0.0,52.33,59.11,31.1,0.0,40.4,0,None
2023-04-17 06:00:00,Maharashtra,Western Region,393.14,384.3,7260.1,7238.5,2.44,35.74,56.15,31.1,0.0,44.6,0,None
2023-04-17 07:00:00,Maharashtra,Western Region,444.01,431.06,8285.5,8276.9,28.34,30.35,61.88,33.0,0.0,36.5,0,None
2023-04-17 08:00:00,Maharashtra,Western Region,586.67,582.43,10796.8,10683.6,65.27,47.06,47.4,37.1,0.0,38.7,0,None
2023-04-17 09:00:00,Maharashtra,Western Region,623.71,608.96,11512.4,11267.8,89.62,15.79,57.88,34.1,0.0,37.8,0,None
2023-04-17 10:00:00,Maharashtra,Western Region,656.46,652.13,12099.9,12087.5,96.96,23.72,55.18,37.3,0.0,61.6,0,None
2023-04-17 11:00:00,Maharashtra,Western Region,774.98,772.09,14279.5,14164.4,114.75,25.32,42.19,40.3,0.0,43.6,0,None
2023-04-17 12:00:00,Maharashtra,Western Region,696.01,679.26,12862.2,12527.6,119.03,30.99,48.79,38.7,0.2,34.7,0,None
2023-04-17 13:00:00,Maharashtra,Western Region,612.27,605.17,11327.0,11035.2,119.41,26.4,57.14,35.1,0.0,45.8,0,None
2023-04-17 14:00:00,Maharashtra,Western Region,635.76,623.06,11739.7,11692.3,103.37,25.24,57.0,38.8,0.0,37.0,0,None
2023-04-17 15:00:00,Maharashtra,Western Region,570.95,570.08,10549.1,10342.2,80.19,30.12,49.26,37.8,0.0,41.3,0,None
2023-04-17 16:00:00,Maharashtra,Western Region,553.58,545.44,10311.6,10074.6,61.1,29.08,56.37,38.3,0.0,34.1,0,None
2023-04-17 17:00:00,Maharashtra,Western Region,521.99,508.28,9700.5,9583.8,28.06,27.98,47.94,38.4,0.0,43.3,0,None
2023-04-17 18:00:00,Maharashtra,Western Region,520.51,515.22,9605.1,9369.9,0.0,29.74,50.91,37.4,0.0,43.7,0,None
2023-04-17 19:00:00,Maharashtra,Western Region,523.97,519.53,9695.5,9557.1,0.0,41.54,49.43,36.1,0.0,52.1,0,None
2023-04-17 20:00:00,Maharashtra,Western Region,498.2,490.68,9236.5,8899.5,0.0,50.32,47.68,35.2,0.0,43.1,0,None
2023-04-17 21:00:00,Maharashtra,Western Region,480.65,470.28,8855.3,8779.5,0.0,45.13,54.41,32.4,0.0,50.2,0,None
2023-04-17 22:00:00,Maharashtra,Western Region,400.47,398.09,7385.5,7128.5,0.0,38.16,64.35,31.1,0.0,54.4,0,None
2023-04-17 23:00:00,Maharashtra,Western Region,366.01,355.62,6767.3,6677.6,0.0,43.79,43.36,28.5,0.0,46.4,0,None
2023-04-18 00:00:00,Maharashtra,Western Region,292.38,290.64,5364.2,5337.0,0.0,53.06,44.73,28.1,0.0,37.3,0,None
2023-04-18 01:00:00,Maharashtra,Western Region,308.52,300.97,5664.2,5560.2,0.0,41.84,56.07,28.5,0.0,39.5,0,None
2023-04-18 02:00:00,Maharashtra,Western Region,271.51,270.62,5018.3,4953.2,0.0,39.0,53.29,28.5,0.0,53.2,0,None
2023-04-18 03:00:00,Maharashtra,Western Region,261.64,254.51,4751.9,4664.0,0.0,39.59,41.24,28.8,0.0,41.7,0,None
2023-04-18 04:00:00,Maharashtra,Western Region,258.4,255.2,4784.8,4623.8,0.0,44.98,49.69,28.1,0.0,41.1,0,None
2023-04-18 05:00:00,Maharashtra,Western Region,305.26,297.48,5676.2,5467.0,0.0,42.19,50.02,31.3,0.0,25.3,0,None
2023-04-18 06:00:00,Maharashtra,Western Region,418.49,406.37,7730.3,7433.2,4.36,36.05,47.3,33.8,0.0,47.1,0,None
2023-04-18 07:00:00,Maharashtra,Western Region,444.64,441.81,8086.5,7766.8,29.87,28.22,49.62,33.8,0.0,37.1,0,None
2023-04-18 08:00:00,Maharashtra,Western Region,556.27,544.04,10368.5,10064.5,60.93,34.21,43.0,33.7,0.0,36.8,0,None
2023-04-18 09:00:00,Maharashtra,Western Region,632.12,624.95,11696.8,11422.9,91.72,14.25,45.72,35.9,0.0,35.5,0,None
2023-04-18 10:00:00,Maharashtra,Western Region,685.8,670.14,12584.6,12401.0,99.34,21.06,36.44,36.3,0.0,42.6,0,None
2023-04-18 11:00:00,Maharashtra,Western Region,675.6,655.9,12526.5,12035.8,120.14,36.08,58.45,36.9,0.0,49.2,0,None
2023-04-18 12:00:00,Maharashtra,Western Region,651.82,649.51,11981.3,11751.5,120.54,6.98,57.58,35.0,0.0,62.3,0,None
2023-04-18 13:00:00,Maharashtra,Western Region,639.78,627.68,11858.2,11542.6,120.92,12.18,43.21,37.0,0.0,56.0,0,None
2023-04-18 14:00:00,Maharashtra,Western Region,661.03,652.7,12166.8,12139.4,112.26,30.67,54.76,40.0,0.0,53.3,0,None
2023-04-18 15:00:00,Maharashtra,Western Region,616.76,612.04,11396.3,11227.1,81.52,25.25,44.72,40.7,0.0,51.5,0,None
2023-04-18 16:00:00,Maharashtra,Western Region,579.31,578.19,10766.0,10741.2,57.65,32.75,42.62,39.0,0.0,44.1,0,None
2023-04-18 17:00:00,Maharashtra,Western Region,499.65,496.74,9238.4,9026.9,32.64,45.43,43.33,37.1,0.0,69.0,0,None
2023-04-18 18:00:00,Maharashtra,Western Region,507.38,496.5,9533.7,9532.6,0.0,35.14,45.52,35.1,0.0,43.8,0,None
2023-04-18 19:00:00,Maharashtra,Western Region,516.77,505.71,9643.6,9572.2,0.0,39.82,48.77,34.8,0.2,31.2,0,None
2023-04-18 20:00:00,Maharashtra,Western Region,475.98,462.01,8790.5,8490.6,0.0,58.57,63.04,35.0,0.0,47.1,0,None
2023-04-18 21:00:00,Maharashtra,Western Region,448.45,440.68,8193.4,8083.3,0.0,31.61,54.74,33.0,0.0,49.5,0,None
2023-04-18 22:00:00,Maharashtra,Western Region,390.4,381.73,7254.8,7161.5,0.0,47.66,48.39,30.4,0.0,54.1,0,None
2023-04-18 23:00:00,Maharashtra,Western Region,356.37,350.69,6609.7,6390.0,0.0,40.85,58.49,28.7,0.0,47.8,0,None
2023-04-19 00:00:00,Maharashtra,Western Region,343.12,341.25,6239.9,6199.6,0.0,61.52,56.63,29.5,0.0,42.5,0,None
2023-04-19 01:00:00,Maharashtra,Western Region,320.83,311.72,5960.8,5736.7,0.0,43.27,45.86,27.8,0.0,51.6,0,None
2023-04-19 02:00:00,Maharashtra,Western Region,292.6,286.63,5493.5,5317.3,0.0,57.25,48.57,29.7,0.0,47.9,0,None
2023-04-19 03:00:00,Maharashtra,Western Region,238.51,234.8,4429.1,4384.1,0.0,35.35,50.36,26.7,0.0,39.9,0,None
2023-04-19 04:00:00,Maharashtra,Western Region,249.29,247.45,4640.3,4549.9,0.0,52.21,53.25,26.3,0.0,43.1,0,None
2023-04-19 05:00:00,Maharashtra,Western Region,336.24,328.28,6254.2,6120.8,0.0,53.44,55.45,31.6,0.0,41.3,0,None
2023-04-19 06:00:00,Maharashtra,Western Region,365.22,361.31,6824.9,6759.5,2.74,43.29,42.01,31.6,0.0,47.9,0,None
2023-04-19 07:00:00,Maharashtra,Western Region,446.59,437.04,8301.4,8086.2,25.83,24.29,39.61,32.2,0.0,54.0,0,None
2023-04-19 08:00:00,Maharashtra,Western Region,551.12,550.76,10260.6,10165.6,57.26,32.57,44.14,34.3,0.0,33.3,0,None
2023-04-19 09:00:00,Maharashtra,Western Region,593.53,577.9,10911.8,10518.2,87.56,15.13,55.29,35.0,0.0,51.6,0,None
2023-04-19 10:00:00,Maharashtra,Western Region,733.92,722.75,13532.7,13067.8,105.59,22.96,45.94,39.4,0.0,53.9,0,None
2023-04-19 11:00:00,Maharashtra,Western Region,728.46,728.28,13455.3,13104.7,119.48,23.66,49.43,37.9,0.0,42.0,0,None
2023-04-19 12:00:00,Maharashtra,Western Region,707.12,698.89,13146.5,12894.5,117.16,10.7,48.46,37.5,0.0,48.4,0,None
2023-04-19 13:00:00,Maharashtra,Western Region,703.65,690.14,12932.6,12694.8,116.82,10.01,42.88,39.9,0.0,63.4,0,None
2023-04-19 14:00:00,Maharashtra,Western Region,636.71,632.89,11812.2,11763.2,112.97,35.83,42.41,40.7,0.0,42.4,0,None
2023-04-19 15:00:00,Maharashtra,Western Region,569.69,557.51,10515.3,10353.2,88.18,28.54,50.17,38.2,0.0,54.6,0,None
2023-04-19 16:00:00,Maharashtra,Western Region,549.49,548.6,10245.0,10010.5,58.08,26.2,49.59,40.0,0.0,42.8,0,None
2023-04-19 17:00:00,Maharashtra,Western Region,518.55,504.74,9528.0,9414.6,27.92,33.67,52.91,35.6,0.0,45.0,0,None
2023-04-19 18:00:00,Maharashtra,Western Region,504.85,503.66,9376.3,9101.7,0.78,21.24,57.34,37.1,0.0,48.5,0,None
2023-04-19 19:00:00,Maharashtra,Western Region,501.25,488.07,9293.2,9138.3,0.0,34.29,50.6,34.5,0.0,36.2,0,None
2023-04-19 20:00:00,Maharashtra,Western Region,460.35,456.47,8528.3,8417.2,0.0,43.61,50.14,31.6,0.0,38.9,0,None
2023-04-19 21:00:00,Maharashtra,Western Region,486.4,484.9,8938.2,8803.5,0.0,52.71,47.07,33.7,0.0,37.3,0,None
2023-04-19 22:00:00,Maharashtra,Western Region,481.4,476.5,8873.9,8816.7,0.0,45.35,50.14,34.3,0.0,54.1,0,None
2023-04-19 23:00:00,Maharashtra,Western Region,434.82,423.97,8053.2,7746.8,0.0,50.62,52.69,31.1,0.0,50.1,0,None
2023-04-20 00:00:00,Maharashtra,Western Region,328.14,321.67,6026.5,5948.0,0.0,52.25,50.94,28.1,0.0,46.8,0,None
2023-04-20 01:00:00,Maharashtra,Western Region,331.67,328.43,6164.1,6069.4,0.0,51.72,49.51,28.6,0.0,38.9,0,None
2023-04-20 02:00:00,Maharashtra,Western Region,297.77,292.4,5505.3,5433.7,0.0,44.85,58.45,30.4,0.0,35.8,0,None
2023-04-20 03:00:00,Maharashtra,Western Region,284.04,281.92,5244.9,5139.6,0.0,48.62,60.45,30.2,0.0,51.0,0,None
2023-04-20 04:00:00,Maharashtra,Western Region,294.39,287.5,5465.2,5273.8,0.0,43.43,51.15,28.7,0.0,48.7,0,None
2023-04-20 05:00:00,Maharashtra,Western Region,324.89,322.26,6054.6,5885.7,0.0,38.97,56.44,30.6,0.0,39.7,0,None
2023-04-20 06:00:00,Maharashtra,Western Region,387.94,384.9,7121.6,7048.2,8.16,35.34,50.19,31.4,0.0,43.7,0,None
2023-04-20 07:00:00,Maharashtra,Western Region,445.97,444.1,8213.0,8108.5,35.42,27.61,41.72,32.3,0.0,45.0,0,None
2023-04-20 08:00:00,Maharashtra,Western Region,555.28,542.65,10320.2,9914.8,54.11,31.36,47.98,35.9,0.0,41.5,0,None
2023-04-20 09:00:00,Maharashtra,Western Region,628.14,614.25,11538.8,11188.6,81.19,37.7,52.46,35.9,0.0,28.0,0,None
2023-04-20 10:00:00,Maharashtra,Western Region,647.31,633.08,11821.5,11383.8,98.93,27.95,56.57,34.4,0.0,39.4,0,None
2023-04-20 11:00:00,Maharashtra,Western Region,682.59,664.53,12590.8,12121.2,114.78,17.38,42.21,37.5,0.0,28.3,0,None
2023-04-20 12:00:00,Maharashtra,Western Region,678.86,663.23,12536.5,12529.1,118.94,7.46,43.81,37.1,0.0,40.8,0,None
2023-04-20 13:00:00,Maharashtra,Western Region,629.13,620.72,11606.7,11146.3,112.31,23.72,62.33,36.7,0.0,50.4,0,None
2023-04-20 14:00:00,Maharashtra,Western Region,687.8,674.2,12718.3,12670.6,103.72,15.12,46.81,40.8,0.0,46.6,0,None
2023-04-20 15:00:00,Maharashtra,Western Region,534.87,528.44,9903.6,9764.5,85.89,21.98,45.12,36.1,0.0,63.7,0,None
2023-04-20 16:00:00,Maharashtra,Western Region,550.47,537.73,10146.7,9855.5,64.2,17.67,48.13,39.6,0.0,39.2,0,None
2023-04-20 17:00:00,Maharashtra,Western Region,538.79,531.86,9978.5,9708.5,24.41,41.23,47.13,38.3,0.0,36.9,0,None
2023-04-20 18:00:00,Maharashtra,Western Region,466.53,465.71,8671.0,8460.3,0.96,30.57,45.21,33.8,0.0,47.1,0,None
2023-04-20 19:00:00,Maharashtra,Western Region,515.14,512.78,9589.6,9523.1,0.0,35.7,42.6,36.5,0.0,43.5,0,None
2023-04-20 20:00:00,Maharashtra,Western Region,488.59,484.04,9078.8,8723.6,0.0,33.53,41.92,33.9,0.0,50.9,0,None
2023-04-20 21:00:00,Maharashtra,Western Region,452.6,442.97,8380.2,8330.4,0.0,45.82,48.79,32.7,0.0,45.4,0,None
2023-04-20 22:00:00,Maharashtra,Western Region,411.12,407.18,7591.7,7362.0,0.0,44.13,54.05,31.2,0.0,43.1,0,None
2023-04-20 23:00:00,Maharashtra,Western Region,370.8,366.67,6805.5,6557.9,0.0,52.97,53.89,28.6,0.0,49.7,0,None
2023-04-21 00:00:00,Maharashtra,Western Region,310.72,310.28,5718.3,5660.6,0.0,45.55,52.7,27.1,0.0,43.1,0,None
2023-04-21 01:00:00,Maharashtra,Western Region,330.54,328.81,6151.5,6005.6,0.0,44.44,62.84,29.1,0.0,42.8,0,None
2023-04-21 02:00:00,Maharashtra,Western Region,265.67,260.02,4878.6,4869.1,0.0,41.4,58.61,27.3,0.0,53.6,0,None
2023-04-21 03:00:00,Maharashtra,Western Region,250.68,245.57,4602.6,4450.7,0.0,44.46,59.42,26.3,0.0,31.2,0,None
2023-04-21 04:00:00,Maharashtra,Western Region,268.98,261.58,4950.6,4854.0,0.0,43.46,49.75,28.6,0.0,46.9,0,None
2023-04-21 05:00:00,Maharashtra,Western Region,311.42,305.49,5769.2,5765.2,0.0,42.75,46.33,28.7,0.0,35.0,0,None
2023-04-21 06:00:00,Maharashtra,Western Region,388.1,384.53,7220.9,7214.1,6.64,37.78,45.77,32.1,0.7,45.5,0,None
2023-04-21 07:00:00,Maharashtra,Western Region,419.12,410.73,7678.8,7618.6,28.98,36.24,38.79,30.6,0.0,53.5,0,None
2023-04-21 08:00:00,Maharashtra,Western Region,566.36,564.7,10509.2,10376.6,54.64,27.6,53.48,34.1,0.0,46.0,0,None
2023-04-21 09:00:00,Maharashtra,Western Region,581.46,567.28,10810.8,10428.6,78.81,26.16,52.52,34.2,0.0,51.9,0,None
2023-04-21 10:00:00,Maharashtra,Western Region,669.51,653.36,12343.8,11935.6,101.09,23.96,43.14,35.9,0.0,25.2,0,None
2023-04-21 11:00:00,Maharashtra,Western Region,715.07,697.54,13201.5,12739.1,110.03,25.01,54.01,37.2,0.0,34.4,0,None
2023-04-21 12:00:00,Maharashtra,Western Region,694.09,688.24,12892.6,12415.0,119.96,26.51,45.09,39.1,0.0,43.1,0,None
2023-04-21 13:00:00,Maharashtra,Western Region,665.95,661.83,12293.7,12047.3,116.24,26.1,47.02,37.6,0.0,36.6,0,None
2023-04-21 14:00:00,Maharashtra,Western Region,620.15,617.56,11487.9,11170.4,104.0,20.01,53.07,37.9,0.0,39.2,0,None
2023-04-21 15:00:00,Maharashtra,Western Region,613.93,604.03,11459.2,11044.8,84.53,15.52,46.16,39.3,0.0,27.2,0,None
2023-04-21 16:00:00,Maharashtra,Western Region,531.19,527.55,9749.4,9434.2,53.2,40.7,48.97,37.5,0.0,48.8,0,None
2023-04-21 17:00:00,Maharashtra,Western Region,558.62,554.82,10349.7,10312.4,32.5,31.87,58.18,39.5,0.0,51.8,0,None
2023-04-21 18:00:00,Maharashtra,Western Region,508.6,505.93,9373.4,9212.0,4.72,38.43,53.01,37.8,0.0,43.8,0,None
2023-04-21 19:00:00,Maharashtra,Western Region,453.65,443.39,8416.3,8336.8,0.0,39.07,48.34,32.9,0.0,40.5,0,None
2023-04-21 20:00:00,Maharashtra,Western Region,526.55,524.48,9805.7,9612.4,0.0,36.31,52.78,36.4,0.0,44.8,0,None
2023-04-21 21:00:00,Maharashtra,Western Region,457.36,456.81,8445.5,8158.8,0.0,46.07,55.26,32.9,0.0,39.8,0,None
2023-04-21 22:00:00,Maharashtra,Western Region,469.4,467.47,8748.6,8552.9,0.0,65.99,53.96,32.4,0.0,43.5,0,None
2023-04-21 23:00:00,Maharashtra,Western Region,415.52,408.45,7637.7,7403.6,0.0,49.09,61.95,33.3,0.0,49.8,0,None
2023-04-22 00:00:00,Maharashtra,Western Region,308.47,300.2,5697.1,5692.6,0.0,47.12,46.34,28.2,0.0,51.8,0,None
2023-04-22 01:00:00,Maharashtra,Western Region,332.68,327.13,6126.3,5956.9,0.0,45.85,40.43,30.4,0.0,53.0,0,None
2023-04-22 02:00:00,Maharashtra,Western Region,263.25,256.67,4867.9,4832.6,0.0,57.72,41.97,30.1,0.0,44.8,0,None
2023-04-22 03:00:00,Maharashtra,Western Region,260.93,255.57,4799.7,4676.5,0.0,27.53,46.88,29.5,0.0,35.3,0,None
2023-04-22 04:00:00,Maharashtra,Western Region,287.16,278.85,5228.4,5083.4,0.0,31.58,51.07,31.5,0.0,50.3,0,None
2023-04-22 05:00:00,Maharashtra,Western Region,327.81,318.05,6086.5,5999.7,0.0,38.4,51.11,30.7,0.0,51.3,0,None
2023-04-22 06:00:00,Maharashtra,Western Region,353.84,344.07,6598.1,6521.2,0.0,32.08,40.38,31.1,0.0,37.4,0,None
2023-04-22 07:00:00,Maharashtra,Western Region,517.63,506.64,9592.9,9412.5,31.78,38.81,50.12,36.1,0.0,31.8,0,None
2023-04-22 08:00:00,Maharashtra,Western Region,493.65,484.84,9132.1,8805.8,63.58,33.02,56.54,30.7,0.0,36.6,0,None
2023-04-22 09:00:00,Maharashtra,Western Region,604.02,599.75,11206.9,11135.7,82.92,15.83,49.36,34.5,0.0,49.6,0,None
2023-04-22 10:00:00,Maharashtra,Western Region,702.52,690.5,12964.7,12512.1,102.79,36.36,48.55,37.3,0.0,53.3,0,None
2023-04-22 11:00:00,Maharashtra,Western Region,677.64,675.55,12628.9,12436.7,113.42,24.95,51.34,35.5,0.0,37.5,0,None
2023-04-22 12:00:00,Maharashtra,Western Region,723.73,702.19,13415.9,12935.3,121.7,25.35,51.26,39.1,0.0,47.8,0,None
2023-04-22 13:00:00,Maharashtra,Western Region,650.66,649.4,12094.3,11993.3,107.49,25.41,53.92,37.8,0.0,39.3,0,None
2023-04-22 14:00:00,Maharashtra,Western Region,654.69,653.96,12173.7,12074.2,105.6,24.03,44.85,39.8,0.0,49.7,0,None
2023-04-22 15:00:00,Maharashtra,Western Region,587.34,583.47,10932.4,10499.7,81.71,29.14,48.64,38.3,0.0,46.2,0,None
2023-04-22 16:00:00,Maharashtra,Western Region,567.45,561.35,10461.7,10384.9,56.7,20.01,60.19,39.3,0.0,36.3,0,None
2023-04-22 17:00:00,Maharashtra,Western Region,510.11,497.3,9437.4,9335.0,34.72,31.38,53.14,34.9,0.0,40.8,0,None
2023-04-22 18:00:00,Maharashtra,Western Region,451.83,442.66,8383.2,8092.2,3.68,40.81,48.8,34.7,0.0,38.6,0,None
2023-04-22 19:00:00,Maharashtra,Western Region,541.59,526.51,10058.8,9998.5,0.0,28.67,50.04,37.5,0.0,43.9,0,None
2023-04-22 20:00:00,Maharashtra,Western Region,485.46,477.31,8948.5,8785.8,0.0,50.34,57.1,33.8,0.0,55.3,0,None
2023-04-22 21:00:00,Maharashtra,Western Region,449.07,446.0,8304.1,7978.6,0.0,29.07,44.17,31.7,0.0,54.4,0,None
2023-04-22 22:00:00,Maharashtra,Western Region,415.9,410.2,7706.1,7689.6,0.0,44.68,39.74,32.9,0.0,33.1,0,None
2023-04-22 23:00:00,Maharashtra,Western Region,368.34,361.45,6762.0,6657.0,0.0,48.13,66.16,30.4,0.0,38.6,0,None
2023-04-23 00:00:00,Maharashtra,Western Region,316.17,312.74,5779.8,5597.7,0.0,50.07,39.45,30.4,0.0,40.1,1,None
2023-04-23 01:00:00,Maharashtra,Western Region,257.48,256.8,4729.3,4557.6,0.0,57.26,46.98,29.5,0.0,49.7,1,None
2023-04-23 02:00:00,Maharashtra,Western Region,247.82,245.87,4572.7,4533.0,0.0,60.76,51.47,28.9,0.0,50.4,1,None
2023-04-23 03:00:00,Maharashtra,Western Region,226.95,223.09,4245.3,4238.7,0.0,44.53,44.4,28.8,0.0,35.8,1,None
2023-04-23 04:00:00,Maharashtra,Western Region,250.12,246.62,4631.4,4591.2,0.0,48.87,55.77,29.8,0.0,41.6,1,None
2023-04-23 05:00:00,Maharashtra,Western Region,310.67,308.69,5775.4,5579.8,0.0,51.96,49.28,31.3,0.0,52.0,1,None
2023-04-23 06:00:00,Maharashtra,Western Region,333.33,326.46,6165.4,6144.1,0.0,46.03,57.32,30.3,0.0,38.0,1,None
2023-04-23 07:00:00,Maharashtra,Western Region,389.3,379.06,7293.8,7267.8,37.14,39.55,52.59,31.7,0.0,40.5,1,None
2023-04-23 08:00:00,Maharashtra,Western Region,476.36,474.7,8817.5,8645.4,52.54,35.75,43.28,32.6,0.0,39.1,1,None
2023-04-23 09:00:00,Maharashtra,Western Region,517.69,511.83,9592.5,9420.1,89.77,38.84,46.99,33.2,0.0,31.9,1,None
2023-04-23 10:00:00,Maharashtra,Western Region,654.34,642.52,12054.1,11671.9,102.06,10.27,50.89,38.9,0.0,54.6,1,None
2023-04-23 11:00:00,Maharashtra,Western Region,610.03,596.21,11249.7,10939.6,113.94,24.52,55.55,35.8,0.0,34.4,1,None
2023-04-23 12:00:00,Maharashtra,Western Region,644.69,633.58,11988.7,11543.7,123.0,8.6,50.07,37.7,0.0,45.5,1,None
2023-04-23 13:00:00,Maharashtra,Western Region,596.1,587.58,11009.9,10897.4,118.48,14.16,57.2,38.0,0.0,44.3,1,None
2023-04-23 14:00:00,Maharashtra,Western Region,602.12,601.72,11231.9,10981.4,104.87,17.46,45.81,39.3,0.0,44.2,1,None
2023-04-23 15:00:00,Maharashtra,Western Region,598.31,594.03,11062.4,10873.3,87.49,18.7,54.72,41.8,0.0,35.2,1,None
2023-04-23 16:00:00,Maharashtra,Western Region,504.36,489.58,9255.6,8914.6,57.22,33.08,45.88,37.8,0.0,33.5,1,None
2023-04-23 17:00:00,Maharashtra,Western Region,469.86,464.23,8648.1,8371.4,39.87,40.97,55.27,37.9,0.0,44.9,1,None
2023-04-23 18:00:00,Maharashtra,Western Region,460.6,453.23,8535.8,8506.2,2.7,36.21,49.35,36.6,0.0,55.8,1,None
2023-04-23 19:00:00,Maharashtra,Western Region,520.27,508.42,9622.6,9303.5,0.0,38.5,49.06,39.5,0.0,38.2,1,None
2023-04-23 20:00:00,Maharashtra,Western Region,376.27,366.58,6993.6,6791.6,0.0,54.12,63.06,31.7,0.0,36.2,1,None
2023-04-23 21:00:00,Maharashtra,Western Region,418.16,408.62,7763.6,7508.4,0.0,40.16,50.7,33.2,0.0,49.4,1,None
2023-04-23 22:00:00,Maharashtra,Western Region,387.5,377.77,7148.0,7077.6,0.0,58.72,53.11,31.1,0.0,45.1,1,None
2023-04-23 23:00:00,Maharashtra,Western Region,361.61,350.89,6727.9,6651.3,0.0,38.94,57.19,33.0,0.0,44.0,1,None
2023-04-24 00:00:00,Maharashtra,Western Region,384.26,375.21,7057.1,6961.6,0.0,43.94,43.54,32.0,0.0,48.9,0,None
2023-04-24 01:00:00,Maharashtra,Western Region,324.98,320.7,6019.5,6009.4,0.0,48.21,50.07,30.0,0.0,25.6,0,None
2023-04-24 02:00:00,Maharashtra,Western Region,259.79,257.65,4818.2,4646.8,0.0,43.54,46.26,29.6,0.0,53.4,0,None
2023-04-24 03:00:00,Maharashtra,Western Region,253.08,248.55,4673.7,4584.7,0.0,49.05,47.93,28.6,0.0,43.1,0,None
2023-04-24 04:00:00,Maharashtra,Western Region,292.12,283.94,5438.8,5290.0,0.0,32.15,47.04,32.0,0.0,48.8,0,None
2023-04-24 05:00:00,Maharashtra,Western Region,284.16,281.96,5176.7,5074.9,0.0,35.92,57.73,28.9,0.0,38.1,0,None
2023-04-24 06:00:00,Maharashtra,Western Region,360.79,351.0,6701.4,6579.1,0.0,39.28,49.95,32.4,0.0,48.2,0,None
2023-04-24 07:00:00,Maharashtra,Western Region,421.67,420.11,7782.2,7652.8,28.6,42.78,61.95,30.4,0.0,57.3,0,None
2023-04-24 08:00:00,Maharashtra,Western Region,589.67,581.74,10935.5,10524.1,63.19,30.91,44.48,35.7,0.0,39.8,0,None
2023-04-24 09:00:00,Maharashtra,Western Region,624.88,620.57,11598.5,11597.5,84.88,24.6,51.38,34.0,0.0,57.0,0,None
2023-04-24 10:00:00,Maharashtra,Western Region,708.78,687.55,13007.6,12955.1,102.14,15.97,36.88,38.3,0.0,59.6,0,None
2023-04-24 11:00:00,Maharashtra,Western Region,686.9,682.41,12582.8,12359.8,120.42,10.34,53.02,36.0,0.0,38.0,0,None
2023-04-24 12:00:00,Maharashtra,Western Region,720.32,717.61,13351.3,13193.5,110.5,24.38,43.29,38.3,0.0,43.9,0,None
2023-04-24 13:00:00,Maharashtra,Western Region,664.41,648.37,12254.7,11984.6,113.04,25.89,44.26,38.3,0.0,46.2,0,None
2023-04-24 14:00:00,Maharashtra,Western Region,669.89,664.46,12339.8,12324.3,99.51,31.74,46.46,40.3,0.0,48.6,0,None
2023-04-24 15:00:00,Maharashtra,Western Region,594.32,584.3,11033.0,10758.6,80.29,10.3,54.63,38.4,0.0,43.5,0,None
2023-04-24 16:00:00,Maharashtra,Western Region,568.9,554.08,10450.3,10215.1,61.49,16.52,53.96,38.4,0.0,55.3,0,None
2023-04-24 17:00:00,Maharashtra,Western Region,534.59,523.55,9880.5,9735.9,34.66,32.95,51.39,38.2,0.2,42.1,0,None
2023-04-24 18:00:00,Maharashtra,Western Region,543.85,531.3,10111.7,10099.4,0.0,44.38,46.54,37.7,0.0,31.2,0,None
2023-04-24 19:00:00,Maharashtra,Western Region,463.82,463.07,8526.1,8282.3,0.0,59.58,57.99,33.7,0.0,49.6,0,None
2023-04-24 20:00:00,Maharashtra,Western Region,502.39,496.12,9320.3,9299.7,0.0,25.23,55.71,35.6,0.0,35.7,0,None
2023-04-24 21:00:00,Maharashtra,Western Region,455.36,449.17,8365.5,8094.2,0.0,34.99,39.94,32.1,0.0,53.8,0,None
2023-04-24 22:00:00,Maharashtra,Western Region,422.8,417.06,7832.8,7576.2,0.0,54.82,49.77,32.2,0.0,45.3,0,None
2023-04-24 23:00:00,Maharashtra,Western Region,362.87,361.12,6721.4,6502.8,0.0,56.76,46.02,29.1,0.0,29.3,0,None
2023-04-25 00:00:00,Maharashtra,Western Region,343.82,342.84,6431.2,6321.9,0.0,48.2,46.34,29.6,0.0,46.6,0,None
2023-04-25 01:00:00,Maharashtra,Western Region,364.81,354.74,6781.0,6717.6,0.0,53.32,47.79,32.5,0.0,32.5,0,None
2023-04-25 02:00:00,Maharashtra,Western Region,315.34,306.24,5880.3,5713.7,0.0,59.28,42.31,30.5,0.0,40.2,0,None
2023-04-25 03:00:00,Maharashtra,Western Region,276.6,272.83,5106.8,5041.6,0.0,53.7,54.34,28.9,0.0,51.7,0,None
2023-04-25 04:00:00,Maharashtra,Western Region,287.32,278.96,5277.7,5168.4,0.0,46.99,45.44,30.0,0.0,38.9,0,None
2023-04-25 05:00:00,Maharashtra,Western Region,292.3,289.2,5424.6,5399.5,0.0,39.09,49.35,30.2,0.0,31.0,0,None
2023-04-25 06:00:00,Maharashtra,Western Region,394.72,386.28,7263.2,7025.4,0.0,32.09,60.51,32.7,0.0,40.8,0,None
2023-04-25 07:00:00,Maharashtra,Western Region,447.75,439.67,8286.3,8208.1,13.58,24.27,53.89,32.3,0.0,33.0,0,None
2023-04-25 08:00:00,Maharashtra,Western Region,575.35,568.96,10675.3,10611.7,54.77,30.03,57.16,35.7,0.0,42.3,0,None
2023-04-25 09:00:00,Maharashtra,Western Region,628.74,617.73,11666.5,11285.7,82.93,25.18,53.58,36.2,0.0,49.9,0,None
2023-04-25 10:00:00,Maharashtra,Western Region,650.31,638.8,11973.7,11657.0,100.1,24.77,49.04,35.5,0.0,73.0,0,None
2023-04-25 11:00:00,Maharashtra,Western Region,678.51,664.69,12505.5,12474.0,110.17,26.21,43.61,36.3,0.0,42.4,0,None
2023-04-25 12:00:00,Maharashtra,Western Region,736.85,716.79,13555.2,13354.1,118.12,18.98,43.8,41.0,0.0,39.6,0,None
2023-04-25 13:00:00,Maharashtra,Western Region,717.99,705.51,13235.2,12990.5,110.88,16.85,46.23,40.6,0.0,48.9,0,None
2023-04-25 14:00:00,Maharashtra,Western Region,643.25,634.61,11900.6,11638.5,105.89,15.11,56.54,38.3,0.0,36.5,0,None
2023-04-25 15:00:00,Maharashtra,Western Region,612.96,612.95,11318.0,11011.2,83.62,26.44,38.19,39.8,0.0,41.9,0,None
2023-04-25 16:00:00,Maharashtra,Western Region,527.41,518.25,9768.1,9714.7,65.16,34.51,52.81,37.1,0.0,50.9,0,None
2023-04-25 17:00:00,Maharashtra,Western Region,483.9,475.34,9012.8,8766.8,25.43,33.31,55.45,35.3,0.0,32.6,0,None
2023-04-25 18:00:00,Maharashtra,Western Region,559.93,544.41,10346.2,9997.5,0.0,33.51,57.87,39.6,0.0,35.9,0,None
2023-04-25 19:00:00,Maharashtra,Western Region,459.9,447.71,8547.3,8391.4,0.0,47.72,50.89,33.6,0.0,46.9,0,None
2023-04-25 20:00:00,Maharashtra,Western Region,470.84,469.75,8738.5,8407.7,0.0,38.6,49.03,34.9,0.0,48.2,0,None
2023-04-25 21:00:00,Maharashtra,Western Region,448.3,439.32,8342.1,8242.7,0.0,41.51,45.15,32.3,0.0,47.0,0,None
2023-04-25 22:00:00,Maharashtra,Western Region,394.08,391.02,7300.2,7164.4,0.0,56.75,43.71,30.1,0.0,53.7,0,None
2023-04-25 23:00:00,Maharashtra,Western Region,392.4,383.73,7318.6,7080.0,0.0,43.68,45.43,30.3,0.0,53.0,0,None
2023-04-26 00:00:00,Maharashtra,Western Region,354.64,352.59,6540.2,6382.5,0.0,50.15,55.44,29.7,0.1,53.2,0,None
2023-04-26 01:00:00,Maharashtra,Western Region,308.52,305.46,5690.7,5485.0,0.0,55.64,43.38,29.6,0.0,57.6,0,None
2023-04-26 02:00:00,Maharashtra,Western Region,296.52,292.5,5497.7,5497.1,0.0,47.96,57.56,31.0,0.0,42.5,0,None
2023-04-26 03:00:00,Maharashtra,Western Region,269.56,265.09,5000.2,4975.4,0.0,34.47,50.06,27.9,0.0,40.5,0,None
2023-04-26 04:00:00,Maharashtra,Western Region,304.79,297.94,5637.3,5423.2,0.0,42.44,52.09,32.6,0.0,32.7,0,None
2023-04-26 05:00:00,Maharashtra,Western Region,289.52,282.01,5439.7,5369.1,0.0,34.48,35.48,28.5,0.0,45.0,0,None
2023-04-26 06:00:00,Maharashtra,Western Region,373.22,372.05,6852.8,6627.4,0.0,34.37,55.91,32.4,0.0,36.9,0,None
2023-04-26 07:00:00,Maharashtra,Western Region,515.31,514.44,9531.4,9271.5,31.33,38.56,51.39,35.4,0.0,47.4,0,None
2023-04-26 08:00:00,Maharashtra,Western Region,581.95,568.8,10710.7,10470.7,64.78,23.93,52.72,35.3,0.0,58.2,0,None
2023-04-26 09:00:00,Maharashtra,Western Region,627.79,618.74,11570.1,11396.0,89.66,32.01,43.6,35.5,0.0,48.1,0,None
2023-04-26 10:00:00,Maharashtra,Western Region,655.84,641.15,12075.0,11700.0,103.97,21.43,58.24,35.4,0.0,41.7,0,None
2023-04-26 11:00:00,Maharashtra,Western Region,701.03,687.52,13032.1,12720.0,112.62,26.84,56.28,37.4,1.8,48.2,0,None
2023-04-26 12:00:00,Maharashtra,Western Region,799.39,785.26,14821.5,14664.7,131.02,19.26,44.0,42.0,0.8,41.6,0,None
2023-04-26 13:00:00,Maharashtra,Western Region,682.05,668.66,12548.5,12524.7,116.87,28.02,44.64,39.4,0.0,38.0,0,None
2023-04-26 14:00:00,Maharashtra,Western Region,648.78,648.66,11940.9,11637.7,105.44,2.15,53.79,39.3,0.0,56.3,0,None
2023-04-26 15:00:00,Maharashtra,Western Region,535.44,525.58,10011.5,9632.2,83.74,26.42,51.62,35.9,0.0,49.7,0,None
2023-04-26 16:00:00,Maharashtra,Western Region,566.5,554.6,10486.8,10426.1,50.87,23.83,46.18,39.0,0.0,42.2,0,None
2023-04-26 17:00:00,Maharashtra,Western Region,544.16,536.49,10098.2,9944.5,30.79,34.54,49.66,38.4,0.0,45.1,0,None
2023-04-26 18:00:00,Maharashtra,Western Region,529.32,526.16,9836.8,9795.5,0.0,35.18,49.25,37.8,0.0,55.9,0,None
2023-04-26 19:00:00,Maharashtra,Western Region,510.02,503.24,9422.8,9313.3,0.0,40.92,51.77,36.6,0.0,52.8,0,None
2023-04-26 20:00:00,Maharashtra,Western Region,464.9,456.15,8637.8,8432.8,0.0,46.02,51.9,33.1,0.0,42.8,0,None
2023-04-26 21:00:00,Maharashtra,Western Region,470.75,463.02,8701.7,8450.3,0.0,45.24,47.82,35.0,0.0,36.0,0,None
2023-04-26 22:00:00,Maharashtra,Western Region,460.87,455.96,8447.4,8111.1,0.0,39.28,47.53,34.6,0.0,50.3,0,None
2023-04-26 23:00:00,Maharashtra,Western Region,406.48,394.45,7507.7,7265.6,0.0,47.04,53.98,31.1,0.0,38.9,0,None
2023-04-27 00:00:00,Maharashtra,Western Region,376.67,373.57,6916.0,6815.3,0.0,56.26,52.09,32.2,0.0,39.7,0,None
2023-04-27 01:00:00,Maharashtra,Western Region,298.5,291.14,5473.2,5424.9,0.0,46.81,45.12,28.7,0.0,44.7,0,None
2023-04-27 02:00:00,Maharashtra,Western Region,273.55,265.53,5117.4,5111.7,0.0,48.37,53.68,28.6,0.0,52.7,0,None
2023-04-27 03:00:00,Maharashtra,Western Region,256.3,254.6,4704.8,4587.6,0.0,48.96,44.98,29.0,0.0,48.2,0,None
2023-04-27 04:00:00,Maharashtra,Western Region,266.84,263.99,4895.1,4719.1,0.0,38.59,54.31,30.8,0.0,36.4,0,None
2023-04-27 05:00:00,Maharashtra,Western Region,289.31,280.93,5352.9,5237.5,0.0,37.81,49.4,27.3,0.0,42.8,0,None
2023-04-27 06:00:00,Maharashtra,Western Region,322.66,315.93,6013.6,5805.4,0.0,41.54,42.38,29.1,0.0,36.1,0,None
2023-04-27 07:00:00,Maharashtra,Western Region,474.11,465.19,8860.5,8843.3,36.07,21.26,48.39,31.9,0.0,38.0,0,None
2023-04-27 08:00:00,Maharashtra,Western Region,570.61,556.75,10596.3,10245.1,55.44,26.72,46.38,34.5,0.0,47.5,0,None
2023-04-27 09:00:00,Maharashtra,Western Region,636.5,617.6,11754.2,11389.3,90.48,16.21,43.48,35.2,0.0,42.9,0,None
2023-04-27 10:00:00,Maharashtra,Western Region,641.37,622.64,11916.4,11816.0,105.03,25.1,52.06,35.4,0.0,57.9,0,None
2023-04-27 11:00:00,Maharashtra,Western Region,728.79,723.02,13586.8,13195.9,110.39,21.7,52.27,38.9,0.0,48.5,0,None
2023-04-27 12:00:00,Maharashtra,Western Region,666.74,657.39,12291.1,11886.8,120.61,23.46,52.93,36.8,0.0,49.0,0,None
2023-04-27 13:00:00,Maharashtra,Western Region,638.86,629.78,11759.1,11573.1,115.49,0.0,46.41,38.0,0.0,37.4,0,None
2023-04-27 14:00:00,Maharashtra,Western Region,663.65,647.5,12251.0,12067.6,95.36,27.37,47.56,40.4,0.0,44.4,0,None
2023-04-27 15:00:00,Maharashtra,Western Region,622.14,617.98,11466.0,11237.2,87.3,32.08,46.81,39.6,0.0,45.2,0,None
2023-04-27 16:00:00,Maharashtra,Western Region,516.79,511.45,9633.1,9433.5,55.45,31.59,55.21,37.3,0.0,53.4,0,None
2023-04-27 17:00:00,Maharashtra,Western Region,506.83,495.87,9378.4,9260.6,33.87,44.19,43.88,37.5,0.0,47.8,0,None
2023-04-27 18:00:00,Maharashtra,Western Region,497.44,496.24,9155.8,8954.3,0.97,35.91,48.95,36.8,0.0,40.3,0,None
2023-04-27 19:00:00,Maharashtra,Western Region,460.51,447.91,8515.1,8454.1,0.0,31.25,34.57,35.4,0.0,35.4,0,None
2023-04-27 20:00:00,Maharashtra,Western Region,514.63,510.02,9474.8,9461.3,0.0,50.06,47.57,36.1,1.2,40.7,0,None
2023-04-27 21:00:00,Maharashtra,Western Region,439.35,432.51,8142.1,7958.3,0.0,51.79,43.52,32.8,0.0,47.4,0,None
2023-04-27 22:00:00,Maharashtra,Western Region,401.89,398.26,7449.8,7430.4,0.0,55.07,51.61,29.7,0.0,60.6,0,None
2023-04-27 23:00:00,Maharashtra,Western Region,347.87,340.23,6415.5,6273.5,0.0,45.27,35.83,28.5,0.0,36.4,0,None
2023-04-28 00:00:00,Maharashtra,Western Region,336.13,327.69,6192.6,6080.3,0.0,47.79,49.29,29.5,0.0,42.5,0,None
2023-04-28 01:00:00,Maharashtra,Western Region,320.28,314.97,5995.3,5841.6,0.0,51.87,44.82,29.5,0.0,40.2,0,None
2023-04-28 02:00:00,Maharashtra,Western Region,300.43,296.67,5639.2,5441.4,0.0,53.29,38.41,30.0,0.0,32.2,0,None
2023-04-28 03:00:00,Maharashtra,Western Region,254.27,253.22,4667.5,4642.3,0.0,43.58,48.07,32.6,0.0,55.6,0,None
2023-04-28 04:00:00,Maharashtra,Western Region,307.99,305.56,5754.1,5547.3,0.0,47.89,49.2,30.1,0.0,49.1,0,None
2023-04-28 05:00:00,Maharashtra,Western Region,298.08,289.98,5567.3,5508.9,0.0,31.43,49.42,30.3,0.0,45.9,0,None
2023-04-28 06:00:00,Maharashtra,Western Region,398.04,393.61,7448.8,7253.0,2.69,16.86,51.99,32.0,0.0,53.3,0,None
2023-04-28 07:00:00,Maharashtra,Western Region,462.33,458.25,8559.8,8460.7,28.78,33.63,57.12,35.2,0.0,28.9,0,None
2023-04-28 08:00:00,Maharashtra,Western Region,536.05,530.05,9913.1,9681.5,57.78,24.86,46.1,33.2,0.0,51.6,0,None
2023-04-28 09:00:00,Maharashtra,Western Region,620.42,609.47,11467.8,11334.9,79.23,37.25,53.93,34.4,0.0,52.4,0,None
2023-04-28 10:00:00,Maharashtra,Western Region,681.05,661.4,12583.6,12376.5,104.54,11.71,54.69,37.8,0.0,61.1,0,None
2023-04-28 11:00:00,Maharashtra,Western Region,698.75,691.7,12908.8,12669.0,122.6,21.15,49.44,37.3,0.0,33.9,0,None
2023-04-28 12:00:00,Maharashtra,Western Region,679.41,667.42,12644.0,12316.1,118.44,20.93,45.51,37.6,0.0,24.9,0,None
2023-04-28 13:00:00,Maharashtra,Western Region,740.25,729.85,13684.9,13403.4,124.08,15.48,55.64,41.1,0.0,50.1,0,None
2023-04-28 14:00:00,Maharashtra,Western Region,614.19,596.73,11314.1,11149.1,98.08,17.66,50.18,38.8,0.0,47.1,0,None
2023-04-28 15:00:00,Maharashtra,Western Region,552.36,541.56,10139.2,9923.7,81.76,29.9,32.28,37.3,0.0,48.9,0,None
2023-04-28 16:00:00,Maharashtra,Western Region,508.35,496.45,9366.6,9127.3,62.33,18.4,52.47,35.5,0.0,42.1,0,None
2023-04-28 17:00:00,Maharashtra,Western Region,526.81,522.84,9720.6,9717.7,37.49,22.75,46.37,36.9,0.0,43.1,0,None
2023-04-28 18:00:00,Maharashtra,Western Region,498.83,491.56,9206.7,9077.7,2.92,38.85,49.84,37.5,0.0,39.9,0,None
2023-04-28 19:00:00,Maharashtra,Western Region,516.59,512.85,9556.9,9303.7,0.0,43.89,50.21,38.7,0.0,33.4,0,None
2023-04-28 20:00:00,Maharashtra,Western Region,467.48,457.6,8702.7,8605.5,0.0,33.41,59.42,33.0,0.0,42.8,0,None
2023-04-28 21:00:00,Maharashtra,Western Region,473.65,472.54,8647.6,8426.2,0.0,49.53,44.24,34.5,0.0,49.0,0,None
2023-04-28 22:00:00,Maharashtra,Western Region,370.88,368.88,6789.1,6525.6,0.0,65.88,43.58,29.1,0.0,55.4,0,None
2023-04-28 23:00:00,Maharashtra,Western Region,397.58,395.75,7322.6,7294.3,0.0,56.92,48.74,31.8,0.0,40.2,0,None
2023-04-29 00:00:00,Maharashtra,Western Region,355.83,346.12,6592.9,6512.4,0.0,25.84,54.08,29.3,0.0,41.8,0,None
2023-04-29 01:00:00,Maharashtra,Western Region,290.49,287.66,5382.2,5224.3,0.0,49.94,64.95,29.9,0.1,51.8,0,None
2023-04-29 02:00:00,Maharashtra,Western Region,261.64,259.54,4775.7,4710.8,0.0,46.48,49.13,26.6,0.0,34.3,0,None
2023-04-29 03:00:00,Maharashtra,Western Region,261.88,255.74,4871.6,4738.3,0.0,49.54,44.19,28.2,0.0,44.7,0,None
2023-04-29 04:00:00,Maharashtra,Western Region,275.03,272.05,5042.2,4940.5,0.0,47.1,54.6,29.8,0.0,42.1,0,None
2023-04-29 05:00:00,Maharashtra,Western Region,302.6,298.69,5720.0,5628.9,0.0,41.96,56.8,29.7,0.0,48.5,0,None
2023-04-29 06:00:00,Maharashtra,Western Region,388.2,384.51,7191.7,7115.1,0.0,31.27,52.17,32.4,0.0,61.1,0,None
2023-04-29 07:00:00,Maharashtra,Western Region,430.59,419.99,8070.1,7819.4,31.47,32.64,40.31,32.7,0.0,56.2,0,None
2023-04-29 08:00:00,Maharashtra,Western Region,551.7,546.94,10254.9,10196.7,68.88,32.93,49.73,34.4,0.0,49.4,0,None
2023-04-29 09:00:00,Maharashtra,Western Region,595.29,592.68,11059.3,10695.5,82.81,10.85,49.81,34.7,0.0,39.1,0,None
2023-04-29 10:00:00,Maharashtra,Western Region,733.29,731.33,13581.0,13292.7,108.92,24.13,50.81,38.6,0.0,33.1,0,None
2023-04-29 11:00:00,Maharashtra,Western Region,704.0,693.6,13082.7,12960.6,120.82,18.63,61.8,38.0,0.0,37.3,0,None
2023-04-29 12:00:00,Maharashtra,Western Region,672.25,669.63,12433.2,11975.4,127.6,24.59,47.78,37.3,0.0,49.1,0,None
2023-04-29 13:00:00,Maharashtra,Western Region,716.98,716.71,13348.3,13149.8,112.07,41.86,48.82,39.8,0.0,38.2,0,None
2023-04-29 14:00:00,Maharashtra,Western Region,616.87,598.91,11390.8,11249.1,112.31,47.75,54.42,38.7,0.0,47.9,0,None
2023-04-29 15:00:00,Maharashtra,Western Region,641.95,638.1,11904.2,11473.1,84.75,20.58,61.47,41.7,0.0,48.4,0,None
2023-04-29 16:00:00,Maharashtra,Western Region,536.79,531.09,9932.8,9810.1,68.46,26.34,47.96,37.6,0.1,49.6,0,None
2023-04-29 17:00:00,Maharashtra,Western Region,531.26,527.95,9776.8,9594.3,32.63,12.85,57.26,37.9,0.0,56.6,0,None
2023-04-29 18:00:00,Maharashtra,Western Region,558.25,555.58,10372.3,10202.4,4.51,37.64,53.26,39.1,0.0,36.8,0,None
2023-04-29 19:00:00,Maharashtra,Western Region,441.38,441.02,8222.8,8195.1,0.0,42.15,54.48,33.2,0.0,36.2,0,None
2023-04-29 20:00:00,Maharashtra,Western Region,465.59,460.66,8633.5,8377.2,0.0,35.43,56.7,33.5,0.0,38.7,0,None
2023-04-29 21:00:00,Maharashtra,Western Region,489.22,475.22,9043.5,8854.0,0.0,48.99,50.09,34.8,0.0,49.2,0,None
2023-04-29 22:00:00,Maharashtra,Western Region,395.88,385.47,7374.1,7150.3,0.0,55.84,45.54,30.1,0.0,49.5,0,None
2023-04-29 23:00:00,Maharashtra,Western Region,361.84,356.59,6720.6,6471.3,0.0,59.51,59.84,29.1,0.0,44.1,0,None
2023-04-30 00:00:00,Maharashtra,Western Region,374.0,363.45,6861.4,6602.0,0.0,44.29,37.07,34.5,0.0,51.1,1,None
2023-04-30 01:00:00,Maharashtra,Western Region,292.34,291.16,5379.6,5327.9,0.0,66.21,47.77,30.6,0.1,43.6,1,None
2023-04-30 02:00:00,Maharashtra,Western Region,231.8,229.21,4345.6,4281.5,0.0,49.94,58.4,28.6,0.0,29.6,1,None
2023-04-30 03:00:00,Maharashtra,Western Region,259.32,253.46,4810.3,4710.0,0.0,34.79,54.24,30.1,0.0,30.3,1,None
2023-04-30 04:00:00,Maharashtra,Western Region,252.67,252.62,4693.5,4605.8,0.0,41.21,49.48,31.2,0.0,44.7,1,None
2023-04-30 05:00:00,Maharashtra,Western Region,306.1,301.69,5695.9,5592.3,0.0,42.82,46.59,33.1,0.0,46.7,1,None
2023-04-30 06:00:00,Maharashtra,Western Region,309.11,309.0,5767.7,5756.3,0.0,28.03,49.0,30.0,0.0,48.8,1,None
2023-04-30 07:00:00,Maharashtra,Western Region,387.09,380.79,7232.7,7052.6,28.01,41.65,49.82,32.2,0.0,40.5,1,None
2023-04-30 08:00:00,Maharashtra,Western Region,505.95,492.18,9303.4,9288.9,57.65,35.25,45.31,34.7,0.0,48.3,1,None
2023-04-30 09:00:00,Maharashtra,Western Region,570.86,556.0,10571.4,10371.4,84.66,15.99,51.76,34.4,0.0,40.3,1,None
2023-04-30 10:00:00,Maharashtra,Western Region,620.94,618.04,11468.5,11316.3,111.18,14.31,53.08,36.2,0.0,37.8,1,None
2023-04-30 11:00:00,Maharashtra,Western Region,635.15,633.52,11726.2,11472.8,120.23,15.94,51.62,36.8,0.0,40.0,1,None
2023-04-30 12:00:00,Maharashtra,Western Region,651.72,649.72,12123.7,11861.6,123.95,25.27,66.15,37.5,0.0,30.6,1,None
2023-04-30 13:00:00,Maharashtra,Western Region,645.01,634.49,11769.4,11580.4,111.53,16.99,42.87,39.2,0.0,61.2,1,None
2023-04-30 14:00:00,Maharashtra,Western Region,542.3,532.21,9996.0,9833.2,112.28,23.9,46.54,37.2,0.0,40.4,1,None
2023-04-30 15:00:00,Maharashtra,Western Region,558.06,551.09,10298.9,10227.7,87.85,14.54,50.67,40.6,0.0,55.9,1,None
2023-04-30 16:00:00,Maharashtra,Western Region,472.99,461.9,8776.5,8691.8,54.31,41.79,50.2,36.4,0.0,43.3,1,None
2023-04-30 17:00:00,Maharashtra,Western Region,485.31,471.73,8882.9,8652.3,34.79,30.02,43.71,36.1,0.0,31.9,1,None
2023-04-30 18:00:00,Maharashtra,Western Region,494.38,491.44,9143.3,8852.8,9.63,26.33,48.1,38.0,0.0,42.0,1,None
2023-04-30 19:00:00,Maharashtra,Western Region,437.64,425.56,8172.0,8050.8,0.0,32.03,44.69,36.3,0.0,43.6,1,None
2023-04-30 20:00:00,Maharashtra,Western Region,428.36,420.79,8021.7,7892.2,0.0,36.41,49.93,34.3,0.0,38.3,1,None
2023-04-30 21:00:00,Maharashtra,Western Region,437.67,434.26,8119.4,8071.7,0.0,51.63,43.31,32.5,0.0,45.3,1,None
2023-04-30 22:00:00,Maharashtra,Western Region,336.69,333.58,6207.1,6019.6,0.0,46.13,40.55,29.2,0.0,35.4,1,None
2023-04-30 23:00:00,Maharashtra,Western Region,350.28,348.69,6491.5,6258.3,0.0,58.23,46.7,30.2,0.0,49.3,1,None
2023-05-01 00:00:00,Maharashtra,Western Region,338.27,335.18,6268.5,6120.3,0.0,41.89,53.76,30.0,0.0,50.4,0,None
2023-05-01 01:00:00,Maharashtra,Western Region,318.53,313.25,5931.2,5923.6,0.0,52.18,53.1,30.2,0.0,53.1,0,None
2023-05-01 02:00:00,Maharashtra,Western Region,312.22,305.66,5892.8,5808.9,0.0,59.03,55.13,32.2,0.0,40.6,0,None
2023-05-01 03:00:00,Maharashtra,Western Region,262.38,257.51,4875.7,4771.6,0.0,36.85,64.21,29.5,0.0,49.7,0,None
2023-05-01 04:00:00,Maharashtra,Western Region,258.47,253.4,4807.3,4627.5,0.0,37.82,43.55,28.3,0.0,33.4,0,None
2023-05-01 05:00:00,Maharashtra,Western Region,350.61,340.54,6487.4,6263.4,0.0,34.31,55.1,33.6,0.0,53.6,0,None
2023-05-01 06:00:00,Maharashtra,Western Region,349.09,344.79,6415.9,6288.9,9.61,45.0,40.03,29.3,0.0,44.4,0,None
2023-05-01 07:00:00,Maharashtra,Western Region,499.87,498.29,9315.2,9136.2,32.11,41.69,44.07,34.8,0.0,43.3,0,None
2023-05-01 08:00:00,Maharashtra,Western Region,581.8,574.12,10758.7,10545.8,56.32,18.11,41.14,36.8,0.0,47.1,0,None
2023-05-01 09:00:00,Maharashtra,Western Region,673.86,657.43,12488.0,12315.3,79.59,30.85,48.14,36.8,0.0,43.2,0,None
2023-05-01 10:00:00,Maharashtra,Western Region,650.22,647.53,11987.7,11783.2,105.56,16.28,53.88,35.9,0.0,39.1,0,None
2023-05-01 11:00:00,Maharashtra,Western Region,715.2,700.57,13175.7,13164.1,110.37,21.43,51.22,38.0,0.0,32.0,0,None
2023-05-01 12:00:00,Maharashtra,Western Region,717.63,704.36,13327.9,13066.0,123.16,10.96,57.27,40.0,0.0,31.5,0,None
2023-05-01 13:00:00,Maharashtra,Western Region,714.51,700.95,13202.8,12724.1,125.1,15.98,45.74,40.7,0.0,42.2,0,None
2023-05-01 14:00:00,Maharashtra,Western Region,648.34,632.55,12020.2,11845.7,100.78,18.37,56.02,39.8,0.0,52.7,0,None
2023-05-01 15:00:00,Maharashtra,Western Region,611.06,610.18,11307.5,11081.9,82.46,32.43,51.47,38.9,0.0,58.8,0,None
2023-05-01 16:00:00,Maharashtra,Western Region,600.06,582.8,11166.0,11136.5,64.29,33.14,56.4,40.7,0.0,57.1,0,None
2023-05-01 17:00:00,Maharashtra,Western Region,529.45,525.73,9840.6,9616.6,23.79,36.33,58.29,37.2,0.0,48.4,0,None
2023-05-01 18:00:00,Maharashtra,Western Region,524.42,512.63,9836.0,9538.8,1.32,45.44,37.8,37.5,0.0,46.0,0,None
2023-05-01 19:00:00,Maharashtra,Western Region,501.15,499.38,9325.1,9178.7,0.0,45.21,46.01,35.9,0.0,45.9,0,None
2023-05-01 20:00:00,Maharashtra,Western Region,424.23,421.55,7779.5,7495.7,0.0,62.65,51.19,31.9,0.0,51.1,0,None
2023-05-01 21:00:00,Maharashtra,Western Region,462.54,455.73,8578.4,8313.6,0.0,60.24,43.61,32.2,0.0,38.1,0,None
2023-05-01 22:00:00,Maharashtra,Western Region,441.32,429.55,8200.1,8020.5,0.0,47.27,41.78,31.2,0.0,49.2,0,None
2023-05-01 23:00:00,Maharashtra,Western Region,404.1,396.56,7530.4,7334.1,0.0,62.18,41.41,30.8,0.0,56.0,0,None
2023-05-02 00:00:00,Maharashtra,Western Region,353.59,347.88,6573.9,6346.7,0.0,54.61,57.43,29.4,0.0,35.2,0,None
2023-05-02 01:00:00,Maharashtra,Western Region,305.86,299.45,5598.6,5381.6,0.0,58.4,50.73,28.8,0.0,52.7,0,None
2023-05-02 02:00:00,Maharashtra,Western Region,260.61,255.16,4781.8,4763.2,0.0,55.37,60.25,26.6,0.0,53.5,0,None
2023-05-02 03:00:00,Maharashtra,Western Region,295.8,288.8,5450.3,5337.8,0.0,38.39,54.38,31.0,0.0,41.0,0,None
2023-05-02 04:00:00,Maharashtra,Western Region,267.09,261.17,5009.7,4865.7,0.0,52.91,53.76,28.5,0.0,26.1,0,None
2023-05-02 05:00:00,Maharashtra,Western Region,335.02,326.76,6088.6,5877.0,0.0,29.53,35.76,32.8,0.0,30.8,0,None
2023-05-02 06:00:00,Maharashtra,Western Region,373.62,370.11,6890.9,6887.0,0.0,53.12,53.57,29.4,0.0,47.9,0,None
2023-05-02 07:00:00,Maharashtra,Western Region,440.4,435.32,8150.2,7997.9,25.49,24.74,47.27,32.4,0.0,48.3,0,None
2023-05-02 08:00:00,Maharashtra,Western Region,541.65,537.85,10030.0,9997.6,60.74,22.88,47.91,34.7,0.0,34.9,0,None
2023-05-02 09:00:00,Maharashtra,Western Region,600.41,587.38,11037.2,11009.4,85.66,35.11,51.57,33.9,0.0,46.0,0,None
2023-05-02 10:00:00,Maharashtra,Western Region,678.18,669.0,12489.4,12288.3,98.65,27.98,55.19,35.7,0.0,58.8,0,None
2023-05-02 11:00:00,Maharashtra,Western Region,681.75,680.09,12552.7,12333.9,114.32,18.3,51.57,37.3,0.0,48.0,0,None
2023-05-02 12:00:00,Maharashtra,Western Region,679.47,663.96,12642.4,12199.4,118.77,45.12,44.61,36.6,0.0,50.7,0,None
2023-05-02 13:00:00,Maharashtra,Western Region,685.67,675.0,12765.0,12367.2,119.09,13.77,45.67,39.6,0.8,65.3,0,None
2023-05-02 14:00:00,Maharashtra,Western Region,692.43,685.1,12815.7,12347.0,102.73,31.41,45.28,41.9,0.0,37.1,0,None
2023-05-02 15:00:00,Maharashtra,Western Region,625.69,621.81,11564.0,11121.3,85.34,17.41,56.87,40.1,0.1,45.7,0,None
2023-05-02 16:00:00,Maharashtra,Western Region,565.0,560.36,10438.3,10166.8,54.33,22.95,53.77,39.3,0.0,56.3,0,None
2023-05-02 17:00:00,Maharashtra,Western Region,510.92,503.87,9387.0,9060.9,32.37,27.03,54.55,36.9,0.0,57.7,0,None
2023-05-02 18:00:00,Maharashtra,Western Region,473.7,465.57,8735.1,8722.5,8.86,29.85,44.48,34.5,0.0,57.4,0,None
2023-05-02 19:00:00,Maharashtra,Western Region,525.9,515.51,9652.0,9596.9,0.0,35.39,46.18,37.0,0.0,50.1,0,None
2023-05-02 20:00:00,Maharashtra,Western Region,491.37,489.37,8983.4,8674.5,0.0,35.94,57.64,35.5,0.0,55.3,0,None
2023-05-02 21:00:00,Maharashtra,Western Region,463.81,462.65,8612.4,8525.7,0.0,54.25,54.67,32.5,0.0,40.3,0,None
2023-05-02 22:00:00,Maharashtra,Western Region,438.51,434.14,8102.4,8076.3,0.0,51.1,54.39,31.8,0.0,45.0,0,None
2023-05-02 23:00:00,Maharashtra,Western Region,411.84,406.08,7602.5,7490.7,0.0,45.84,47.68,31.5,0.0,44.3,0,None
2023-05-03 00:00:00,Maharashtra,Western Region,330.54,324.48,6142.8,5974.0,0.0,51.62,47.73,29.7,0.0,51.6,0,None
2023-05-03 01:00:00,Maharashtra,Western Region,313.87,312.71,5807.1,5653.8,0.0,62.83,63.17,29.4,0.0,38.2,0,None
2023-05-03 02:00:00,Maharashtra,Western Region,308.45,307.71,5667.7,5551.6,0.0,56.16,53.97,32.3,0.0,59.3,0,None
2023-05-03 03:00:00,Maharashtra,Western Region,260.22,255.59,4779.1,4700.3,0.0,53.72,46.7,27.9,0.0,46.3,0,None
2023-05-03 04:00:00,Maharashtra,Western Region,287.37,286.79,5340.1,5270.8,0.0,54.67,60.02,30.4,0.0,34.8,0,None
2023-05-03 05:00:00,Maharashtra,Western Region,312.15,305.2,5815.5,5808.0,0.0,48.54,52.66,31.1,0.0,58.7,0,None
2023-05-03 06:00:00,Maharashtra,Western Region,389.92,381.25,7232.0,6971.9,0.0,31.31,51.47,31.0,0.0,50.7,0,None
2023-05-03 07:00:00,Maharashtra,Western Region,479.32,477.86,8843.9,8588.9,35.41,24.81,53.19,33.3,0.0,55.7,0,None
2023-05-03 08:00:00,Maharashtra,Western Region,507.67,507.24,9409.1,9116.0,50.93,17.45,45.27,31.7,0.0,36.3,0,None
2023-05-03 09:00:00,Maharashtra,Western Region,627.48,626.22,11636.5,11417.3,74.64,32.42,34.23,36.5,0.0,45.4,0,None
2023-05-03 10:00:00,Maharashtra,Western Region,692.45,689.64,12814.2,12651.3,117.11,17.72,46.08,36.9,0.0,43.9,0,None
2023-05-03 11:00:00,Maharashtra,Western Region,725.64,706.3,13525.0,13414.6,120.84,14.5,60.71,38.3,0.0,42.3,0,None
2023-05-03 12:00:00,Maharashtra,Western Region,753.15,749.49,13910.9,13415.7,127.78,21.79,47.63,40.4,0.0,47.4,0,None
2023-05-03 13:00:00,Maharashtra,Western Region,648.06,633.79,11997.8,11582.2,113.04,18.82,55.88,38.1,0.0,41.8,0,None
2023-05-03 14:00:00,Maharashtra,Western Region,653.19,651.56,12068.1,11592.5,100.96,26.45,42.93,41.5,0.0,31.8,0,None
2023-05-03 15:00:00,Maharashtra,Western Region,570.69,553.72,10503.3,10484.5,79.77,20.47,55.37,39.0,0.0,40.1,0,None
2023-05-03 16:00:00,Maharashtra,Western Region,528.2,512.71,9804.1,9686.3,63.81,27.37,49.19,37.7,0.0,39.2,0,None
2023-05-03 17:00:00,Maharashtra,Western Region,528.29,517.47,9777.9,9422.9,30.75,46.57,50.84,39.4,0.0,52.2,0,None
2023-05-03 18:00:00,Maharashtra,Western Region,537.27,535.55,9907.0,9672.4,4.12,37.19,43.12,39.5,0.0,35.2,0,None
2023-05-03 19:00:00,Maharashtra,Western Region,505.83,495.52,9422.3,9138.2,0.0,53.38,58.22,35.8,0.0,51.2,0,None
2023-05-03 20:00:00,Maharashtra,Western Region,464.47,459.3,8613.8,8462.9,0.0,41.31,34.98,33.3,0.1,47.4,0,None
2023-05-03 21:00:00,Maharashtra,Western Region,414.54,404.57,7624.6,7470.1,0.0,63.22,48.55,29.3,0.0,53.4,0,None
2023-05-03 22:00:00,Maharashtra,Western Region,452.46,447.55,8463.7,8293.2,0.0,31.52,55.12,32.9,0.0,45.7,0,None
2023-05-03 23:00:00,Maharashtra,Western Region,413.97,406.72,7710.5,7452.5,0.0,57.08,52.17,33.1,0.0,46.7,0,None
2023-05-04 00:00:00,Maharashtra,Western Region,375.12,369.67,6864.6,6851.7,0.0,50.94,47.98,31.9,0.0,30.7,0,None
2023-05-04 01:00:00,Maharashtra,Western Region,331.23,323.21,6131.0,6032.6,0.0,50.18,36.85,30.5,0.0,34.3,0,None
2023-05-04 02:00:00,Maharashtra,Western Region,279.73,272.65,5279.9,5248.4,0.0,39.63,46.62,28.3,0.0,47.4,0,None
2023-05-04 03:00:00,Maharashtra,Western Region,221.41,216.26,4095.3,4018.8,0.0,33.04,39.21,27.7,0.0,44.0,0,None
2023-05-04 04:00:00,Maharashtra,Western Region,271.65,263.52,4927.8,4907.8,0.0,30.4,46.09,30.2,0.0,45.6,0,None
2023-05-04 05:00:00,Maharashtra,Western Region,368.22,367.17,6793.2,6573.6,0.0,42.94,50.54,32.3,0.0,48.8,0,None
2023-05-04 06:00:00,Maharashtra,Western Region,348.13,342.17,6478.5,6258.7,5.89,42.84,58.35,29.8,0.0,53.3,0,None
2023-05-04 07:00:00,Maharashtra,Western Region,515.87,515.01,9598.0,9502.1,25.98,40.01,42.92,35.3,0.0,40.1,0,None
2023-05-04 08:00:00,Maharashtra,Western Region,510.85,497.46,9460.5,9294.3,64.37,12.86,45.64,31.5,0.0,43.9,0,None
2023-05-04 09:00:00,Maharashtra,Western Region,636.49,619.76,11796.2,11678.6,82.6,24.5,51.19,37.0,0.0,44.8,0,None
2023-05-04 10:00:00,Maharashtra,Western Region,673.0,665.7,12361.1,12032.4,101.73,22.51,56.72,35.7,0.0,48.9,0,None
2023-05-04 11:00:00,Maharashtra,Western Region,702.18,699.96,13008.8,12584.7,115.9,16.4,42.59,37.2,0.0,46.3,0,None
2023-05-04 12:00:00,Maharashtra,Western Region,721.72,703.49,13297.5,13134.6,110.36,14.53,54.24,39.2,0.0,44.8,0,None
2023-05-04 13:00:00,Maharashtra,Western Region,709.66,707.44,13234.8,12888.6,121.87,11.24,50.87,41.2,0.0,49.0,0,None
2023-05-04 14:00:00,Maharashtra,Western Region,650.05,646.56,11994.1,11637.8,104.62,15.43,57.76,40.7,0.0,47.9,0,None
2023-05-04 15:00:00,Maharashtra,Western Region,585.76,572.3,10922.4,10504.4,77.76,13.31,46.84,37.6,0.0,30.6,0,None
2023-05-04 16:00:00,Maharashtra,Western Region,537.7,525.07,10071.6,9776.1,53.91,17.09,55.74,37.3,0.0,33.1,0,None
2023-05-04 17:00:00,Maharashtra,Western Region,542.44,538.1,10013.6,9670.8,31.96,31.46,49.89,39.8,0.0,53.5,0,None
2023-05-04 18:00:00,Maharashtra,Western Region,521.38,508.58,9587.7,9486.2,0.0,10.93,44.71,38.2,0.0,38.7,0,None
2023-05-04 19:00:00,Maharashtra,Western Region,531.05,521.74,9784.5,9714.6,0.0,43.12,62.33,36.0,0.0,35.1,0,None
2023-05-04 20:00:00,Maharashtra,Western Region,489.64,480.17,9021.9,8855.9,0.0,43.49,57.69,34.5,0.0,58.8,0,None
2023-05-04 21:00:00,Maharashtra,Western Region,495.59,486.79,9110.1,9023.7,0.0,39.95,51.95,34.7,0.0,55.7,0,None
2023-05-04 22:00:00,Maharashtra,Western Region,418.3,406.22,7734.1,7454.1,0.0,34.03,50.03,31.2,0.0,42.9,0,None
2023-05-04 23:00:00,Maharashtra,Western Region,414.88,414.48,7636.4,7538.1,0.0,40.79,47.82,32.1,0.0,46.8,0,None
2023-05-05 00:00:00,Maharashtra,Western Region,331.63,324.84,6207.5,6125.9,0.0,47.62,48.62,29.6,0.0,47.3,0,None
2023-05-05 01:00:00,Maharashtra,Western Region,312.87,310.92,5789.6,5701.7,0.0,44.01,56.21,30.4,0.0,30.2,0,None
2023-05-05 02:00:00,Maharashtra,Western Region,282.95,282.01,5180.0,4981.8,0.0,59.16,63.27,28.1,0.0,40.1,0,None
2023-05-05 03:00:00,Maharashtra,Western Region,275.84,270.32,5124.6,4987.2,0.0,46.47,45.9,31.8,0.0,32.5,0,None
2023-05-05 04:00:00,Maharashtra,Western Region,253.76,252.41,4746.1,4697.2,0.0,47.05,52.93,28.9,0.0,49.1,0,None
2023-05-05 05:00:00,Maharashtra,Western Region,328.02,325.19,6009.3,5931.3,0.0,40.25,57.54,29.9,0.6,46.4,0,None
2023-05-05 06:00:00,Maharashtra,Western Region,388.24,386.26,7236.6,6967.3,2.47,28.2,47.71,31.3,1.2,49.1,0,None
2023-05-05 07:00:00,Maharashtra,Western Region,466.38,456.08,8499.8,8494.9,36.78,35.19,51.35,31.8,0.0,55.4,0,None
2023-05-05 08:00:00,Maharashtra,Western Region,536.0,526.73,9919.6,9646.4,63.66,25.91,54.19,33.8,0.0,41.0,0,None
2023-05-05 09:00:00,Maharashtra,Western Region,667.12,654.84,12266.7,12125.5,77.59,17.35,46.46,37.0,0.0,27.6,0,None
2023-05-05 10:00:00,Maharashtra,Western Region,625.4,622.0,11592.2,11547.9,99.5,27.69,47.31,34.6,0.0,43.9,0,None
2023-05-05 11:00:00,Maharashtra,Western Region,711.25,704.47,13044.5,12785.9,103.64,13.44,43.57,37.7,0.0,49.3,0,None
2023-05-05 12:00:00,Maharashtra,Western Region,700.34,695.1,13012.4,12900.2,121.93,21.5,55.63,37.4,0.0,53.6,0,None
2023-05-05 13:00:00,Maharashtra,Western Region,667.79,652.45,12379.8,12239.6,126.13,16.26,56.21,37.7,0.0,63.0,0,None
2023-05-05 14:00:00,Maharashtra,Western Region,664.99,648.55,12249.9,12123.7,109.63,22.17,53.5,40.3,0.9,46.2,0,None
2023-05-05 15:00:00,Maharashtra,Western Region,567.64,555.43,10449.6,10035.7,83.02,29.92,52.27,37.6,0.0,42.3,0,None
2023-05-05 16:00:00,Maharashtra,Western Region,531.29,526.98,9826.1,9813.8,50.04,36.57,50.36,37.1,0.0,33.3,0,None
2023-05-05 17:00:00,Maharashtra,Western Region,535.52,532.26,9885.2,9800.7,35.28,36.66,50.62,39.4,0.0,45.8,0,None
2023-05-05 18:00:00,Maharashtra,Western Region,531.14,527.77,9826.1,9565.8,0.02,27.04,50.07,37.5,0.0,39.2,0,None
2023-05-05 19:00:00,Maharashtra,Western Region,503.5,495.9,9348.4,9128.7,0.0,40.76,43.29,36.3,0.0,50.3,0,None
2023-05-05 20:00:00,Maharashtra,Western Region,493.92,484.0,9138.1,8903.0,0.0,43.86,56.86,34.1,0.0,52.8,0,None
2023-05-05 21:00:00,Maharashtra,Western Region,451.67,444.7,8422.9,8372.0,0.0,45.66,47.38,30.8,0.0,54.3,0,None
2023-05-05 22:00:00,Maharashtra,Western Region,457.03,454.52,8435.8,8417.6,0.0,53.22,51.2,32.1,0.0,46.1,0,None
2023-05-05 23:00:00,Maharashtra,Western Region,423.38,414.49,7931.5,7746.7,0.0,44.22,52.69,34.1,0.0,37.4,0,None
2023-05-06 00:00:00,Maharashtra,Western Region,363.48,362.91,6634.8,6488.0,0.0,34.32,44.9,31.4,0.0,35.0,0,None
2023-05-06 01:00:00,Maharashtra,Western Region,283.64,278.7,5320.5,5107.7,0.0,48.18,47.38,27.7,0.0,43.1,0,None
2023-05-06 02:00:00,Maharashtra,Western Region,291.26,283.93,5382.9,5295.6,0.0,50.7,52.42,31.1,0.0,44.2,0,None
2023-05-06 03:00:00,Maharashtra,Western Region,267.18,260.06,4910.9,4810.4,0.0,46.71,59.04,26.1,0.0,37.6,0,None
2023-05-06 04:00:00,Maharashtra,Western Region,265.35,263.37,4905.7,4845.5,0.0,56.22,42.74,28.5,0.0,42.7,0,None
2023-05-06 05:00:00,Maharashtra,Western Region,315.8,310.95,5839.7,5838.9,0.0,39.61,45.3,28.6,0.0,39.9,0,None
2023-05-06 06:00:00,Maharashtra,Western Region,392.04,390.98,7288.2,7082.5,0.0,29.6,47.58,32.7,0.0,48.9,0,None
2023-05-06 07:00:00,Maharashtra,Western Region,453.49,449.32,8344.4,8019.6,29.28,39.68,48.99,32.1,0.0,39.4,0,None
2023-05-06 08:00:00,Maharashtra,Western Region,592.82,588.9,10997.6,10737.8,59.35,20.14,54.83,35.4,0.0,41.5,0,None
2023-05-06 09:00:00,Maharashtra,Western Region,621.59,616.81,11405.8,11174.1,83.66,34.42,46.58,35.8,0.0,41.5,0,None
2023-05-06 10:00:00,Maharashtra,Western Region,699.27,686.55,12936.6,12618.6,105.41,15.44,40.83,38.7,0.0,32.5,0,None
2023-05-06 11:00:00,Maharashtra,Western Region,706.31,691.81,13013.0,12686.6,121.89,17.6,46.42,37.8,0.0,40.1,0,None
2023-05-06 12:00:00,Maharashtra,Western Region,649.45,632.57,12010.8,11775.4,116.55,19.93,47.67,35.8,0.0,58.1,0,None
2023-05-06 13:00:00,Maharashtra,Western Region,690.13,682.84,12688.7,12216.1,115.71,17.53,41.26,39.5,0.0,42.4,0,None
2023-05-06 14:00:00,Maharashtra,Western Region,644.57,637.93,11891.6,11808.6,111.39,28.46,42.4,39.8,0.0,49.0,0,None
2023-05-06 15:00:00,Maharashtra,Western Region,616.64,607.31,11466.7,11143.2,89.1,21.66,63.2,40.4,0.0,40.1,0,None
2023-05-06 16:00:00,Maharashtra,Western Region,535.46,529.0,9898.5,9513.3,65.49,23.04,51.4,38.1,0.0,41.4,0,None
2023-05-06 17:00:00,Maharashtra,Western Region,568.19,558.72,10560.0,10469.0,29.26,15.64,56.09,39.7,0.0,53.8,0,None
2023-05-06 18:00:00,Maharashtra,Western Region,459.54,454.37,8430.2,8150.4,0.09,33.62,45.17,35.8,0.0,45.0,0,None
2023-05-06 19:00:00,Maharashtra,Western Region,484.5,472.94,9000.5,8893.6,0.0,40.11,34.19,35.5,0.0,53.7,0,None
2023-05-06 20:00:00,Maharashtra,Western Region,468.76,467.2,8703.3,8508.4,0.0,57.66,47.6,31.6,0.0,46.0,0,None
2023-05-06 21:00:00,Maharashtra,Western Region,436.44,434.49,8057.1,8017.6,0.0,42.8,57.8,31.6,0.0,42.7,0,None
2023-05-06 22:00:00,Maharashtra,Western Region,460.9,449.87,8465.3,8427.2,0.0,38.98,51.49,32.6,0.0,33.6,0,None
2023-05-06 23:00:00,Maharashtra,Western Region,382.15,378.58,7048.2,7013.0,0.0,47.72,49.23,29.0,0.0,35.2,0,None
2023-05-07 00:00:00,Maharashtra,Western Region,285.7,283.74,5203.3,5024.6,0.0,42.4,43.49,29.5,0.0,37.4,1,None
2023-05-07 01:00:00,Maharashtra,Western Region,264.55,259.95,4822.0,4691.4,0.0,50.77,49.06,29.8,0.0,36.6,1,None
2023-05-07 02:00:00,Maharashtra,Western Region,203.92,200.46,3838.4,3721.1,0.0,45.71,53.61,25.9,0.0,53.6,1,None
2023-05-07 03:00:00,Maharashtra,Western Region,245.88,243.33,4562.7,4467.1,0.0,21.97,66.25,30.4,0.0,52.1,1,None
2023-05-07 04:00:00,Maharashtra,Western Region,266.25,259.36,4972.1,4898.6,0.0,48.59,52.12,31.6,0.0,61.9,1,None
2023-05-07 05:00:00,Maharashtra,Western Region,244.56,242.64,4525.6,4506.5,0.0,46.14,59.84,29.0,0.6,46.2,1,None
2023-05-07 06:00:00,Maharashtra,Western Region,370.12,364.84,6794.9,6701.1,3.59,31.67,41.86,33.0,0.0,50.2,1,None
2023-05-07 07:00:00,Maharashtra,Western Region,435.13,428.59,8088.5,7833.2,30.5,27.8,46.86,33.7,0.0,44.6,1,None
2023-05-07 08:00:00,Maharashtra,Western Region,514.52,500.73,9588.3,9456.3,47.28,23.42,44.19,35.3,0.0,30.2,1,None
2023-05-07 09:00:00,Maharashtra,Western Region,549.8,536.85,10224.7,10049.6,81.52,36.48,60.85,34.8,0.0,42.2,1,None
2023-05-07 10:00:00,Maharashtra,Western Region,593.96,576.57,10959.7,10911.0,104.32,26.22,57.23,35.1,0.0,57.4,1,None
2023-05-07 11:00:00,Maharashtra,Western Region,694.34,675.43,12780.3,12726.4,108.8,15.84,44.86,39.9,0.0,55.3,1,None
2023-05-07 12:00:00,Maharashtra,Western Region,657.42,639.0,12171.4,12020.9,121.91,30.35,50.97,38.7,0.0,38.4,1,None
2023-05-07 13:00:00,Maharashtra,Western Region,636.93,632.09,11802.8,11635.9,110.99,11.61,41.21,38.9,0.0,35.1,1,None
2023-05-07 14:00:00,Maharashtra,Western Region,608.79,601.14,11284.8,11118.2,97.7,14.49,51.32,40.2,0.0,51.9,1,None
2023-05-07 15:00:00,Maharashtra,Western Region,574.43,559.19,10653.6,10277.2,88.25,26.67,41.3,39.4,0.0,46.1,1,None
2023-05-07 16:00:00,Maharashtra,Western Region,492.55,488.16,9143.1,9099.4,58.31,25.29,59.41,36.3,0.0,38.5,1,None
2023-05-07 17:00:00,Maharashtra,Western Region,486.79,474.18,8971.4,8718.0,33.44,25.32,57.14,37.6,0.0,44.1,1,None
2023-05-07 18:00:00,Maharashtra,Western Region,488.81,480.57,9027.4,8835.4,8.52,42.42,56.68,39.5,0.0,45.0,1,None
2023-05-07 19:00:00,Maharashtra,Western Region,444.14,440.22,8215.8,7923.0,0.0,36.61,48.24,36.9,0.0,55.5,1,None
2023-05-07 20:00:00,Maharashtra,Western Region,467.88,465.66,8690.6,8364.0,0.0,25.68,51.43,35.5,0.0,51.5,1,None
2023-05-07 21:00:00,Maharashtra,Western Region,401.08,399.6,7379.4,7130.9,0.0,54.64,45.99,30.6,0.0,45.9,1,None
2023-05-07 22:00:00,Maharashtra,Western Region,405.68,400.56,7487.0,7297.5,0.0,49.62,52.33,32.3,0.0,54.8,1,None
2023-05-07 23:00:00,Maharashtra,Western Region,340.37,336.27,6299.6,6047.9,0.0,45.81,57.93,30.6,0.0,39.6,1,None
2023-05-08 00:00:00,Maharashtra,Western Region,311.66,306.34,5706.0,5655.5,0.0,61.89,41.97,28.6,0.0,45.2,0,None
2023-05-08 01:00:00,Maharashtra,Western Region,305.12,297.26,5585.3,5540.7,0.0,47.26,48.08,29.2,0.0,41.0,0,None
2023-05-08 02:00:00,Maharashtra,Western Region,268.95,268.66,5013.3,4825.3,0.0,51.43,57.01,27.3,0.0,41.9,0,None
2023-05-08 03:00:00,Maharashtra,Western Region,273.92,271.76,5102.0,4975.0,0.0,53.58,42.61,30.0,0.0,35.7,0,None
2023-05-08 04:00:00,Maharashtra,Western Region,325.42,317.27,5969.9,5924.0,0.0,39.97,60.47,30.4,0.0,60.2,0,None
2023-05-08 05:00:00,Maharashtra,Western Region,353.27,351.07,6536.3,6520.8,0.0,41.56,46.89,33.5,0.0,39.5,0,None
2023-05-08 06:00:00,Maharashtra,Western Region,361.48,354.24,6676.9,6553.3,8.57,33.3,66.26,29.2,0.1,30.4,0,None
2023-05-08 07:00:00,Maharashtra,Western Region,440.5,435.96,8256.3,8181.0,34.38,29.0,58.86,34.2,0.0,65.5,0,None
2023-05-08 08:00:00,Maharashtra,Western Region,543.02,527.24,10014.0,9866.0,64.81,34.05,42.62,34.3,0.0,42.8,0,None
2023-05-08 09:00:00,Maharashtra,Western Region,635.5,620.63,11742.9,11696.4,76.2,13.54,55.97,37.0,0.1,38.0,0,None
2023-05-08 10:00:00,Maharashtra,Western Region,703.8,693.89,12992.7,12830.9,113.41,27.89,45.87,37.9,0.0,67.1,0,None
2023-05-08 11:00:00,Maharashtra,Western Region,709.54,702.5,13198.3,13197.0,120.33,20.51,49.61,37.7,0.2,41.1,0,None
2023-05-08 12:00:00,Maharashtra,Western Region,654.88,651.52,12188.6,11939.8,120.04,2.76,44.96,36.1,0.0,52.4,0,None
2023-05-08 13:00:00,Maharashtra,Western Region,663.45,663.34,12286.9,12233.6,117.14,7.56,45.4,38.3,0.0,49.8,0,None
2023-05-08 14:00:00,Maharashtra,Western Region,651.63,640.8,12009.7,11978.7,106.24,23.42,55.95,40.2,0.0,46.5,0,None
2023-05-08 15:00:00,Maharashtra,Western Region,590.71,587.27,10985.9,10658.4,90.43,16.64,47.67,40.1,0.0,47.8,0,None
2023-05-08 16:00:00,Maharashtra,Western Region,553.86,548.33,10199.8,10019.7,63.23,41.19,37.92,38.9,0.0,38.8,0,None
2023-05-08 17:00:00,Maharashtra,Western Region,506.16,492.43,9312.6,9023.3,30.13,35.71,54.48,38.5,0.0,68.7,0,None
2023-05-08 18:00:00,Maharashtra,Western Region,476.99,475.19,8788.3,8783.5,7.75,32.56,56.06,35.4,0.0,34.6,0,None
2023-05-08 19:00:00,Maharashtra,Western Region,511.2,500.98,9398.4,9364.7,0.0,30.08,51.94,36.2,0.0,51.4,0,None
2023-05-08 20:00:00,Maharashtra,Western Region,518.81,513.68,9594.7,9464.2,0.0,56.36,46.52,36.4,0.3,53.0,0,None
2023-05-08 21:00:00,Maharashtra,Western Region,462.62,457.47,8671.8,8560.1,0.0,38.18,49.4,33.5,0.0,40.8,0,None
2023-05-08 22:00:00,Maharashtra,Western Region,428.83,417.58,7948.5,7743.2,0.0,43.37,67.66,29.3,0.0,51.9,0,None
2023-05-08 23:00:00,Maharashtra,Western Region,387.01,379.96,7180.0,7095.7,0.0,61.16,56.68,29.5,0.0,50.7,0,None
2023-05-09 00:00:00,Maharashtra,Western Region,348.08,342.14,6487.3,6451.9,0.0,46.7,54.3,28.3,0.0,53.5,0,None
2023-05-09 01:00:00,Maharashtra,Western Region,334.3,325.13,6256.3,6083.1,0.0,38.13,38.12,30.8,0.0,55.3,0,None
2023-05-09 02:00:00,Maharashtra,Western Region,287.13,285.24,5269.0,5096.2,0.0,39.74,49.85,31.6,0.0,43.4,0,None
2023-05-09 03:00:00,Maharashtra,Western Region,302.91,302.47,5623.5,5498.8,0.0,53.35,55.14,32.2,0.0,41.7,0,None
2023-05-09 04:00:00,Maharashtra,Western Region,231.98,231.86,4257.5,4126.7,0.0,46.12,52.02,28.0,0.0,26.2,0,None
2023-05-09 05:00:00,Maharashtra,Western Region,333.98,327.7,6118.4,5986.8,0.0,26.22,45.4,31.6,0.0,37.5,0,None
2023-05-09 06:00:00,Maharashtra,Western Region,354.11,349.11,6528.5,6427.2,0.0,28.74,41.98,32.4,0.0,39.5,0,None
2023-05-09 07:00:00,Maharashtra,Western Region,441.12,440.16,8180.0,7994.5,28.53,22.17,35.89,32.9,0.0,47.1,0,None
2023-05-09 08:00:00,Maharashtra,Western Region,582.98,576.97,10782.0,10504.7,60.99,18.54,54.5,34.8,0.0,39.9,0,None
2023-05-09 09:00:00,Maharashtra,Western Region,593.06,578.07,10900.9,10766.9,84.15,7.97,57.57,33.8,0.0,47.5,0,None
2023-05-09 10:00:00,Maharashtra,Western Region,690.78,688.88,12722.2,12303.9,103.55,8.31,53.57,37.3,0.0,52.1,0,None
2023-05-09 11:00:00,Maharashtra,Western Region,719.42,714.58,13273.3,13003.1,113.26,27.16,60.63,37.4,0.0,35.0,0,None
2023-05-09 12:00:00,Maharashtra,Western Region,630.56,625.56,11629.4,11194.6,128.61,10.33,40.21,36.6,0.0,51.3,0,None
2023-05-09 13:00:00,Maharashtra,Western Region,699.12,680.75,12970.8,12789.6,107.07,11.63,53.31,39.1,0.0,39.9,0,None
2023-05-09 14:00:00,Maharashtra,Western Region,662.47,647.84,12247.9,12182.7,112.88,20.6,50.64,39.3,0.0,51.3,0,None
2023-05-09 15:00:00,Maharashtra,Western Region,578.34,569.03,10679.3,10559.0,80.18,23.85,56.69,38.6,0.0,42.7,0,None
2023-05-09 16:00:00,Maharashtra,Western Region,542.64,535.17,9973.0,9685.2,59.4,15.0,50.81,38.1,0.0,44.1,0,None
2023-05-09 17:00:00,Maharashtra,Western Region,546.61,539.89,10139.0,10106.0,35.45,25.0,51.45,38.8,0.0,50.1,0,None
2023-05-09 18:00:00,Maharashtra,Western Region,515.34,511.42,9470.4,9370.4,0.0,47.07,50.79,37.3,0.0,37.7,0,None
2023-05-09 19:00:00,Maharashtra,Western Region,468.38,464.86,8764.4,8613.4,0.0,45.25,53.23,33.9,0.0,49.1,0,None
2023-05-09 20:00:00,Maharashtra,Western Region,545.2,542.82,10070.3,9917.5,0.0,48.31,64.11,38.4,0.0,49.3,0,None
2023-05-09 21:00:00,Maharashtra,Western Region,403.67,402.28,7403.2,7362.9,0.0,39.79,53.97,30.4,0.0,39.6,0,None
2023-05-09 22:00:00,Maharashtra,Western Region,455.19,449.41,8438.0,8204.3,0.0,52.69,54.08,32.5,0.0,35.0,0,None
2023-05-09 23:00:00,Maharashtra,Western Region,377.6,369.01,7004.0,6891.6,0.0,59.24,47.56,29.9,0.0,50.3,0,None
2023-05-10 00:00:00,Maharashtra,Western Region,330.74,326.65,6109.3,6050.2,0.0,58.72,49.26,28.1,0.0,59.4,0,None
2023-05-10 01:00:00,Maharashtra,Western Region,300.03,297.96,5602.0,5486.9,0.0,47.85,50.33,32.4,0.0,36.8,0,None
2023-05-10 02:00:00,Maharashtra,Western Region,305.9,303.68,5599.5,5447.0,0.0,36.91,55.97,29.6,0.0,31.7,0,None
2023-05-10 03:00:00,Maharashtra,Western Region,277.41,269.62,5151.3,4981.6,0.0,45.94,46.07,29.5,0.0,42.3,0,None
2023-05-10 04:00:00,Maharashtra,Western Region,289.33,287.9,5497.7,5472.1,0.0,51.17,43.69,31.3,0.0,49.5,0,None
2023-05-10 05:00:00,Maharashtra,Western Region,324.28,323.83,6036.6,5873.0,0.0,50.34,49.53,31.2,0.0,54.7,0,None
2023-05-10 06:00:00,Maharashtra,Western Region,411.44,402.27,7743.3,7503.7,0.0,40.2,58.19,34.0,0.0,38.2,0,None
2023-05-10 07:00:00,Maharashtra,Western Region,428.64,426.69,7878.1,7585.9,35.07,32.05,51.16,31.6,0.0,45.7,0,None
2023-05-10 08:00:00,Maharashtra,Western Region,557.59,555.99,10360.7,10319.9,57.43,24.01,51.32,34.9,0.7,46.0,0,None
2023-05-10 09:00:00,Maharashtra,Western Region,610.9,603.36,11240.6,11145.6,84.97,36.76,46.84,34.6,0.0,35.3,0,None
2023-05-10 10:00:00,Maharashtra,Western Region,658.42,654.28,12211.3,11783.5,100.12,32.94,40.42,35.2,0.0,56.2,0,None
2023-05-10 11:00:00,Maharashtra,Western Region,679.98,660.46,12572.8,12488.1,130.34,28.92,53.1,37.0,0.0,48.6,0,None
2023-05-10 12:00:00,Maharashtra,Western Region,711.78,708.58,13202.2,12744.8,111.6,10.07,52.63,37.8,0.0,43.4,0,None
2023-05-10 13:00:00,Maharashtra,Western Region,708.33,704.88,13055.1,12610.1,115.94,12.25,49.33,39.8,0.0,44.5,0,None
2023-05-10 14:00:00,Maharashtra,Western Region,595.78,595.71,11129.5,10855.2,107.79,10.56,59.21,39.0,0.0,47.4,0,None
2023-05-10 15:00:00,Maharashtra,Western Region,575.65,572.2,10689.1,10279.7,96.82,24.24,46.12,38.4,0.0,43.5,0,None
2023-05-10 16:00:00,Maharashtra,Western Region,558.38,552.64,10328.9,10035.7,61.52,8.08,46.84,38.1,0.0,42.1,0,None
2023-05-10 17:00:00,Maharashtra,Western Region,519.99,513.13,9557.8,9491.3,23.53,36.33,48.11,37.1,0.0,35.2,0,None
2023-05-10 18:00:00,Maharashtra,Western Region,496.45,482.61,9153.6,8848.0,6.18,37.15,53.4,37.3,0.0,57.5,0,None
2023-05-10 19:00:00,Maharashtra,Western Region,511.37,499.41,9506.9,9404.5,0.0,44.97,51.02,36.1,0.0,44.3,0,None
2023-05-10 20:00:00,Maharashtra,Western Region,491.02,484.94,9039.0,8898.8,0.0,56.62,54.08,34.0,0.0,48.3,0,None
2023-05-10 21:00:00,Maharashtra,Western Region,427.0,420.47,7833.8,7825.9,0.0,31.47,55.65,31.4,0.0,41.2,0,None
2023-05-10 22:00:00,Maharashtra,Western Region,432.73,429.39,8087.5,7896.3,0.0,36.48,50.76,32.4,0.0,48.4,0,None
2023-05-10 23:00:00,Maharashtra,Western Region,388.15,385.27,7103.0,6896.9,0.0,51.13,53.36,29.6,0.0,51.2,0,None
2023-05-11 00:00:00,Maharashtra,Western Region,316.8,308.37,5754.0,5671.0,0.0,56.08,50.2,29.0,0.0,46.6,0,None
2023-05-11 01:00:00,Maharashtra,Western Region,314.01,312.29,5915.0,5807.7,0.0,57.28,60.55,29.8,0.0,38.8,0,None
2023-05-11 02:00:00,Maharashtra,Western Region,302.53,300.26,5620.7,5528.9,0.0,36.81,38.01,29.0,0.0,51.7,0,None
2023-05-11 03:00:00,Maharashtra,Western Region,263.92,258.53,4823.7,4638.7,0.0,55.2,46.87,26.7,0.0,42.1,0,None
2023-05-11 04:00:00,Maharashtra,Western Region,246.81,246.56,4486.9,4387.6,0.0,47.58,45.81,28.9,0.0,39.1,0,None
2023-05-11 05:00:00,Maharashtra,Western Region,292.4,290.59,5434.6,5325.2,0.0,46.79,36.65,30.2,0.0,48.4,0,None
2023-05-11 06:00:00,Maharashtra,Western Region,374.91,373.68,6938.0,6696.5,0.0,39.39,51.02,30.5,0.8,51.2,0,None
2023-05-11 07:00:00,Maharashtra,Western Region,424.76,415.33,7883.0,7838.5,30.8,11.88,48.62,31.6,0.0,49.8,0,None
2023-05-11 08:00:00,Maharashtra,Western Region,551.74,541.7,10189.6,9903.2,68.62,25.06,45.01,34.8,0.0,49.7,0,None
2023-05-11 09:00:00,Maharashtra,Western Region,594.37,588.53,10966.3,10944.6,90.9,31.09,50.15,33.6,0.0,31.5,0,None
2023-05-11 10:00:00,Maharashtra,Western Region,649.01,632.61,11981.5,11946.4,103.99,8.1,46.96,34.3,0.0,37.3,0,None
2023-05-11 11:00:00,Maharashtra,Western Region,697.04,680.71,12895.4,12855.4,119.65,26.64,51.11,37.1,0.0,41.9,0,None
2023-05-11 12:00:00,Maharashtra,Western Region,684.85,669.72,12708.1,12278.2,119.59,29.96,53.14,38.3,0.0,43.3,0,None
2023-05-11 13:00:00,Maharashtra,Western Region,644.89,632.94,11974.9,11791.2,115.5,29.71,58.92,37.9,0.0,60.1,0,None
2023-05-11 14:00:00,Maharashtra,Western Region,659.0,657.1,12216.1,11729.0,97.85,46.06,48.68,38.7,0.0,42.1,0,None
2023-05-11 15:00:00,Maharashtra,Western Region,537.92,526.68,9910.6,9666.0,82.84,26.7,40.18,35.3,0.0,51.2,0,None
2023-05-11 16:00:00,Maharashtra,Western Region,573.69,561.66,10559.0,10141.8,67.36,30.92,45.51,39.3,0.0,53.9,0,None
2023-05-11 17:00:00,Maharashtra,Western Region,499.45,491.45,9304.8,8956.5,28.67,39.96,40.31,36.7,0.0,48.6,0,None
2023-05-11 18:00:00,Maharashtra,Western Region,495.13,480.53,9205.3,9120.4,9.39,26.22,39.07,33.9,0.0,54.2,0,None
2023-05-11 19:00:00,Maharashtra,Western Region,493.23,482.69,9099.2,8780.8,0.0,26.83,49.45,35.7,0.0,46.7,0,None
2023-05-11 20:00:00,Maharashtra,Western Region,461.7,451.65,8543.0,8266.9,0.0,49.55,54.28,33.5,0.0,49.9,0,None
2023-05-11 21:00:00,Maharashtra,Western Region,457.6,446.25,8448.0,8389.4,0.0,52.3,56.77,33.3,0.0,41.6,0,None
2023-05-11 22:00:00,Maharashtra,Western Region,436.69,428.15,8071.2,7781.0,0.0,41.84,55.41,31.4,0.0,35.3,0,None
2023-05-11 23:00:00,Maharashtra,Western Region,426.09,413.38,7862.9,7706.2,0.0,58.97,50.57,32.5,0.0,46.3,0,None
2023-05-12 00:00:00,Maharashtra,Western Region,342.09,340.28,6369.3,6312.6,0.0,42.39,61.67,30.7,0.0,39.8,0,None
2023-05-12 01:00:00,Maharashtra,Western Region,246.6,241.78,4526.3,4520.4,0.0,63.79,41.46,26.3,0.0,47.6,0,None
2023-05-12 02:00:00,Maharashtra,Western Region,280.55,279.84,5234.1,5037.4,0.0,55.91,48.17,29.6,0.6,39.3,0,None
2023-05-12 03:00:00,Maharashtra,Western Region,254.1,246.76,4681.8,4659.2,0.0,48.42,53.61,27.7,0.0,41.0,0,None
2023-05-12 04:00:00,Maharashtra,Western Region,273.03,267.43,5104.4,5085.5,0.0,61.51,34.95,29.4,0.0,52.1,0,None
2023-05-12 05:00:00,Maharashtra,Western Region,331.3,322.03,6136.8,5944.9,0.0,46.65,55.92,31.2,0.0,38.1,0,None
2023-05-12 06:00:00,Maharashtra,Western Region,376.85,368.56,6999.5,6967.6,2.55,43.9,50.84,30.1,0.0,34.6,0,None
2023-05-12 07:00:00,Maharashtra,Western Region,480.7,479.69,8848.7,8577.3,26.49,24.04,45.27,34.2,0.0,42.2,0,None
2023-05-12 08:00:00,Maharashtra,Western Region,518.2,511.66,9563.0,9317.5,61.86,32.49,48.47,32.2,1.3,55.2,0,None
2023-05-12 09:00:00,Maharashtra,Western Region,606.19,601.31,11247.7,11082.0,92.35,29.77,43.11,35.6,0.3,39.1,0,None
2023-05-12 10:00:00,Maharashtra,Western Region,655.39,643.91,12159.0,11900.5,99.74,26.0,53.28,35.5,0.0,50.9,0,None
2023-05-12 11:00:00,Maharashtra,Western Region,754.17,748.54,13934.1,13679.5,116.47,0.34,49.01,38.6,0.0,46.3,0,None
2023-05-12 12:00:00,Maharashtra,Western Region,707.32,690.73,13168.6,12902.0,120.19,9.09,53.37,38.3,0.4,46.2,0,None
2023-05-12 13:00:00,Maharashtra,Western Region,694.37,681.08,12796.9,12363.3,112.09,15.51,56.77,39.3,0.0,45.6,0,None
2023-05-12 14:00:00,Maharashtra,Western Region,631.99,630.64,11660.9,11205.9,104.71,19.42,40.82,38.7,0.0,37.7,0,None
2023-05-12 15:00:00,Maharashtra,Western Region,607.11,602.29,11278.5,10937.9,88.56,40.76,53.66,40.4,0.0,48.3,0,None
2023-05-12 16:00:00,Maharashtra,Western Region,541.45,526.2,9977.5,9644.4,61.75,30.85,40.95,37.1,0.0,38.9,0,None
2023-05-12 17:00:00,Maharashtra,Western Region,555.93,541.69,10264.8,10147.3,32.99,31.5,43.0,38.3,0.1,48.0,0,None
2023-05-12 18:00:00,Maharashtra,Western Region,516.03,512.14,9667.9,9413.3,0.85,33.19,42.03,35.0,0.0,44.6,0,None
2023-05-12 19:00:00,Maharashtra,Western Region,505.59,504.11,9344.8,9342.0,0.0,38.62,53.19,35.2,0.0,57.8,0,None
2023-05-12 20:00:00,Maharashtra,Western Region,440.47,437.93,8210.6,8162.4,0.0,46.93,41.7,31.0,0.0,50.2,0,None
2023-05-12 21:00:00,Maharashtra,Western Region,421.59,412.51,7807.9,7797.0,0.0,35.63,58.61,29.7,0.0,38.4,0,None
2023-05-12 22:00:00,Maharashtra,Western Region,434.98,433.26,8020.5,7834.0,0.0,41.44,43.18,32.9,0.0,47.4,0,None
2023-05-12 23:00:00,Maharashtra,Western Region,393.66,385.69,7381.0,7169.2,0.0,50.97,50.1,30.6,0.0,48.9,0,None
2023-05-13 00:00:00,Maharashtra,Western Region,313.96,308.83,5805.1,5746.2,0.0,50.63,42.68,27.1,0.0,45.7,0,None
2023-05-13 01:00:00,Maharashtra,Western Region,323.69,318.1,6035.1,5924.9,0.0,48.98,36.31,29.5,0.0,52.3,0,None
2023-05-13 02:00:00,Maharashtra,Western Region,289.03,283.5,5348.5,5197.7,0.0,45.3,51.49,29.3,0.0,50.3,0,None
2023-05-13 03:00:00,Maharashtra,Western Region,226.33,222.14,4277.6,4148.5,0.0,47.73,43.12,27.1,0.0,48.9,0,None
2023-05-13 04:00:00,Maharashtra,Western Region,271.87,263.72,5016.0,4935.1,0.0,48.14,55.72,29.6,0.0,28.3,0,None
2023-05-13 05:00:00,Maharashtra,Western Region,289.22,286.88,5306.9,5160.4,0.0,38.43,50.77,31.0,0.0,44.1,0,None
2023-05-13 06:00:00,Maharashtra,Western Region,394.11,384.3,7266.1,7241.0,0.74,59.11,46.21,31.7,0.0,45.1,0,None
2023-05-13 07:00:00,Maharashtra,Western Region,469.9,469.15,8733.6,8496.6,40.86,38.39,56.76,35.0,0.0,52.0,0,None
2023-05-13 08:00:00,Maharashtra,Western Region,524.72,509.65,9743.4,9687.0,55.23,31.83,54.03,33.2,0.0,57.2,0,None
2023-05-13 09:00:00,Maharashtra,Western Region,620.7,617.54,11460.7,11206.0,82.37,44.6,52.27,35.4,0.0,36.2,0,None
2023-05-13 10:00:00,Maharashtra,Western Region,702.41,686.08,12863.4,12456.3,102.23,0.33,72.15,37.7,0.0,39.8,0,None
2023-05-13 11:00:00,Maharashtra,Western Region,772.76,758.76,14267.7,13818.1,119.42,30.65,51.61,41.0,0.0,47.7,0,None
2023-05-13 12:00:00,Maharashtra,Western Region,688.43,686.29,12819.1,12538.8,124.14,7.4,53.7,38.5,0.0,44.8,0,None
2023-05-13 13:00:00,Maharashtra,Western Region,682.28,670.65,12660.1,12439.5,117.1,24.79,53.7,39.4,0.0,60.3,0,None
2023-05-13 14:00:00,Maharashtra,Western Region,690.03,689.09,12788.6,12421.8,100.63,12.33,52.28,40.8,0.1,44.0,0,None
2023-05-13 15:00:00,Maharashtra,Western Region,584.67,573.9,10810.0,10802.2,76.64,11.94,42.52,38.3,0.0,44.9,0,None
2023-05-13 16:00:00,Maharashtra,Western Region,597.14,595.08,11081.3,10936.8,61.4,34.49,49.87,42.1,0.0,46.0,0,None
2023-05-13 17:00:00,Maharashtra,Western Region,499.07,489.36,9239.7,9108.5,26.08,23.23,48.08,38.1,0.0,45.8,0,None
2023-05-13 18:00:00,Maharashtra,Western Region,486.01,476.03,9032.2,8991.2,3.18,50.92,44.19,36.7,0.0,52.9,0,None
2023-05-13 19:00:00,Maharashtra,Western Region,480.8,472.29,8917.2,8635.9,0.0,51.01,55.34,35.5,0.0,51.1,0,None
2023-05-13 20:00:00,Maharashtra,Western Region,497.59,495.43,9221.9,9158.8,0.0,35.73,59.49,34.8,0.0,49.7,0,None
2023-05-13 21:00:00,Maharashtra,Western Region,411.23,399.05,7614.9,7490.0,0.0,51.04,35.71,30.4,0.0,41.9,0,None
2023-05-13 22:00:00,Maharashtra,Western Region,427.7,426.19,7946.3,7733.2,0.0,49.45,47.22,30.9,0.0,37.5,0,None
2023-05-13 23:00:00,Maharashtra,Western Region,387.9,378.41,7163.6,6941.2,0.0,63.54,50.58,30.4,0.0,52.9,0,None
2023-05-14 00:00:00,Maharashtra,Western Region,312.47,311.76,5759.0,5608.0,0.0,47.73,54.95,28.3,0.0,41.9,1,None
2023-05-14 01:00:00,Maharashtra,Western Region,258.53,257.17,4738.8,4736.9,0.0,46.28,51.02,27.9,0.0,40.7,1,None
2023-05-14 02:00:00,Maharashtra,Western Region,238.38,233.93,4448.1,4335.0,0.0,44.92,50.07,28.6,0.0,25.3,1,None
2023-05-14 03:00:00,Maharashtra,Western Region,215.0,213.18,3932.8,3866.3,0.0,45.08,48.33,27.1,0.0,42.4,1,None
2023-05-14 04:00:00,Maharashtra,Western Region,257.34,253.34,4833.4,4677.4,0.0,35.52,55.29,28.9,0.0,39.4,1,None
2023-05-14 05:00:00,Maharashtra,Western Region,295.71,289.72,5461.7,5372.3,0.0,31.48,43.96,30.1,0.0,48.5,1,None
2023-05-14 06:00:00,Maharashtra,Western Region,364.21,357.31,6790.2,6565.7,0.0,37.58,55.44,32.9,0.0,44.4,1,None
2023-05-14 07:00:00,Maharashtra,Western Region,386.64,381.44,7153.9,6954.2,30.2,32.32,47.99,31.1,0.0,49.4,1,None
2023-05-14 08:00:00,Maharashtra,Western Region,453.39,443.04,8483.1,8317.1,60.25,41.06,49.7,31.5,0.0,30.6,1,None
2023-05-14 09:00:00,Maharashtra,Western Region,563.93,555.09,10404.0,10162.2,82.93,14.98,55.21,34.6,0.0,60.6,1,None
2023-05-14 10:00:00,Maharashtra,Western Region,581.5,566.6,10825.8,10810.2,97.59,24.87,49.73,35.3,0.0,33.7,1,None
2023-05-14 11:00:00,Maharashtra,Western Region,621.55,606.88,11496.5,11118.8,123.92,23.3,47.07,35.9,0.0,59.4,1,None
2023-05-14 12:00:00,Maharashtra,Western Region,676.24,671.82,12490.9,12032.1,123.06,6.48,49.54,37.9,0.0,48.4,1,None
2023-05-14 13:00:00,Maharashtra,Western Region,660.27,649.59,12203.6,11844.1,116.92,8.75,29.28,40.4,0.0,52.0,1,None
2023-05-14 14:00:00,Maharashtra,Western Region,592.39,585.71,10935.3,10626.2,100.55,17.68,55.98,38.5,0.0,38.9,1,None
2023-05-14 15:00:00,Maharashtra,Western Region,554.7,551.09,10270.3,10172.0,83.84,28.29,37.53,37.4,0.0,55.3,1,None
2023-05-14 16:00:00,Maharashtra,Western Region,519.24,507.22,9505.1,9281.6,59.66,32.97,51.86,37.5,0.0,37.3,1,None
2023-05-14 17:00:00,Maharashtra,Western Region,508.98,497.48,9391.2,9270.5,28.54,35.23,45.8,39.4,0.0,34.7,1,None
2023-05-14 18:00:00,Maharashtra,Western Region,452.34,444.07,8360.6,8094.4,0.0,23.6,43.17,35.0,0.0,51.1,1,None
2023-05-14 19:00:00,Maharashtra,Western Region,400.26,388.99,7408.5,7221.1,0.0,36.63,57.36,33.0,0.0,41.1,1,None
2023-05-14 20:00:00,Maharashtra,Western Region,483.47,471.02,8982.9,8634.7,0.0,39.71,51.54,36.4,0.0,45.3,1,None
2023-05-14 21:00:00,Maharashtra,Western Region,424.03,418.02,7887.1,7670.8,0.0,48.62,41.98,34.0,0.0,48.5,1,None
2023-05-14 22:00:00,Maharashtra,Western Region,379.61,374.26,6967.0,6715.5,0.0,40.56,55.2,31.3,0.0,51.8,1,None
2023-05-14 23:00:00,Maharashtra,Western Region,320.33,317.87,5914.8,5898.7,0.0,51.02,52.07,30.0,0.0,45.3,1,None
2023-05-15 00:00:00,Maharashtra,Western Region,353.82,348.26,6545.2,6509.5,0.0,40.9,39.63,29.5,0.0,35.2,0,None
2023-05-15 01:00:00,Maharashtra,Western Region,288.89,287.37,5363.5,5265.3,0.0,36.93,47.48,28.8,0.0,34.8,0,None
2023-05-15 02:00:00,Maharashtra,Western Region,293.91,285.74,5470.4,5378.6,0.0,58.12,45.06,28.9,0.0,47.7,0,None
2023-05-15 03:00:00,Maharashtra,Western Region,253.53,247.92,4733.4,4711.1,0.0,50.24,62.15,29.6,0.0,40.9,0,None
2023-05-15 04:00:00,Maharashtra,Western Region,305.59,302.84,5626.1,5421.0,0.0,40.1,45.73,31.7,0.0,48.2,0,None
2023-05-15 05:00:00,Maharashtra,Western Region,329.91,328.48,6151.0,6097.6,0.0,23.11,50.7,31.9,0.0,47.4,0,None
2023-05-15 06:00:00,Maharashtra,Western Region,376.02,370.31,6930.6,6718.0,1.32,38.38,38.18,30.8,0.0,45.0,0,None
2023-05-15 07:00:00,Maharashtra,Western Region,463.55,452.88,8516.1,8493.8,34.77,25.99,40.72,32.8,0.0,52.9,0,None
2023-05-15 08:00:00,Maharashtra,Western Region,516.75,511.72,9482.6,9155.5,69.38,19.49,45.58,32.8,0.8,52.4,0,None
2023-05-15 09:00:00,Maharashtra,Western Region,631.43,624.99,11641.2,11301.5,87.74,18.14,53.48,34.9,0.0,57.9,0,None
2023-05-15 10:00:00,Maharashtra,Western Region,671.95,661.16,12405.7,12091.5,100.55,28.2,44.75,36.1,0.0,41.5,0,None
2023-05-15 11:00:00,Maharashtra,Western Region,708.29,707.62,13104.2,12914.2,120.14,17.66,46.28,36.7,0.0,51.3,0,None
2023-05-15 12:00:00,Maharashtra,Western Region,740.2,727.32,13757.2,13652.8,113.27,25.27,48.13,40.3,0.0,36.7,0,None
2023-05-15 13:00:00,Maharashtra,Western Region,689.67,687.11,12801.2,12305.9,110.53,18.5,49.18,39.6,0.0,71.8,0,None
2023-05-15 14:00:00,Maharashtra,Western Region,650.94,637.49,12025.2,11714.2,105.8,19.51,47.84,40.7,0.0,37.6,0,None
2023-05-15 15:00:00,Maharashtra,Western Region,584.77,569.57,10798.4,10753.7,82.31,23.52,45.63,39.6,0.0,48.1,0,None
2023-05-15 16:00:00,Maharashtra,Western Region,552.15,540.03,10175.2,9976.1,65.92,35.79,53.47,37.9,0.0,51.8,0,None
2023-05-15 17:00:00,Maharashtra,Western Region,532.02,528.01,9892.3,9565.5,32.9,28.38,42.12,38.1,0.0,36.2,0,None
2023-05-15 18:00:00,Maharashtra,Western Region,460.33,446.58,8509.5,8234.8,5.09,36.03,54.06,36.1,0.0,41.8,0,None
2023-05-15 19:00:00,Maharashtra,Western Region,544.72,533.06,10027.5,9929.9,0.0,57.01,57.55,38.2,0.0,53.7,0,None
2023-05-15 20:00:00,Maharashtra,Western Region,484.81,470.28,8950.6,8667.9,0.0,49.3,41.25,34.9,0.0,44.0,0,None
2023-05-15 21:00:00,Maharashtra,Western Region,465.9,452.96,8698.6,8583.0,0.0,55.46,53.27,32.9,0.0,52.3,0,None
2023-05-15 22:00:00,Maharashtra,Western Region,423.56,422.66,7865.0,7601.2,0.0,44.2,50.6,30.6,0.0,40.3,0,None
2023-05-15 23:00:00,Maharashtra,Western Region,393.67,393.44,7317.4,7317.1,0.0,53.7,48.52,30.9,0.4,41.0,0,None
2023-05-16 00:00:00,Maharashtra,Western Region,356.52,350.88,6539.2,6393.2,0.0,44.91,64.74,30.1,0.0,33.4,0,None
2023-05-16 01:00:00,Maharashtra,Western Region,316.13,307.72,5890.8,5869.3,0.0,45.55,45.69,28.6,0.0,44.0,0,None
2023-05-16 02:00:00,Maharashtra,Western Region,278.42,276.73,5133.6,5043.9,0.0,40.32,40.62,29.1,0.1,51.7,0,None
2023-05-16 03:00:00,Maharashtra,Western Region,244.85,238.15,4616.9,4559.6,0.0,51.63,50.07,26.9,0.0,34.4,0,None
2023-05-16 04:00:00,Maharashtra,Western Region,264.33,257.67,4821.2,4745.3,0.0,53.35,50.44,27.9,0.0,48.5,0,None
2023-05-16 05:00:00,Maharashtra,Western Region,341.56,333.51,6271.6,6089.1,0.0,29.64,51.08,31.8,0.0,55.3,0,None
2023-05-16 06:00:00,Maharashtra,Western Region,411.67,406.32,7573.3,7398.9,0.0,47.27,51.09,33.1,0.0,44.7,0,None
2023-05-16 07:00:00,Maharashtra,Western Region,459.08,452.0,8393.4,8265.8,32.51,34.59,55.59,32.7,0.0,48.9,0,None
2023-05-16 08:00:00,Maharashtra,Western Region,557.31,549.77,10299.9,10128.2,52.22,26.7,48.48,35.7,0.0,37.1,0,None
2023-05-16 09:00:00,Maharashtra,Western Region,587.11,582.71,10959.3,10613.0,88.08,33.94,47.02,34.0,0.0,47.1,0,None
2023-05-16 10:00:00,Maharashtra,Western Region,718.07,701.42,13386.7,13323.6,107.0,26.11,59.54,38.8,0.0,55.3,0,None
2023-05-16 11:00:00,Maharashtra,Western Region,768.44,766.99,14222.8,13947.1,116.12,22.43,49.44,41.1,0.0,51.6,0,None
2023-05-16 12:00:00,Maharashtra,Western Region,673.78,655.67,12442.8,12094.6,122.94,12.28,56.33,37.1,0.0,34.4,0,None
2023-05-16 13:00:00,Maharashtra,Western Region,695.82,682.86,12843.4,12447.8,120.16,27.13,51.85,37.8,0.0,38.0,0,None
2023-05-16 14:00:00,Maharashtra,Western Region,646.62,642.68,12070.1,11948.5,94.78,29.33,51.54,40.7,0.0,40.4,0,None
2023-05-16 15:00:00,Maharashtra,Western Region,619.74,607.76,11501.7,11335.5,81.39,13.86,56.7,40.8,0.0,31.9,0,None
2023-05-16 16:00:00,Maharashtra,Western Region,565.16,549.1,10476.2,10382.1,61.54,21.98,48.04,40.0,0.0,43.1,0,None
2023-05-16 17:00:00,Maharashtra,Western Region,526.57,512.41,9767.4,9603.6,35.66,32.93,51.84,37.8,0.0,47.5,0,None
2023-05-16 18:00:00,Maharashtra,Western Region,542.83,534.29,9994.2,9897.4,2.49,31.24,46.98,38.2,0.0,51.0,0,None
2023-05-16 19:00:00,Maharashtra,Western Region,538.16,525.56,9895.2,9821.5,0.0,44.65,54.63,39.6,0.0,39.5,0,None
2023-05-16 20:00:00,Maharashtra,Western Region,483.21,477.33,8837.7,8717.2,0.0,43.53,44.49,35.0,0.0,56.5,0,None
2023-05-16 21:00:00,Maharashtra,Western Region,441.16,430.79,8148.9,8103.6,0.0,43.66,53.31,30.8,0.0,51.4,0,None
2023-05-16 22:00:00,Maharashtra,Western Region,422.14,417.52,7776.7,7686.7,0.0,44.02,47.82,31.3,0.0,43.4,0,None
2023-05-16 23:00:00,Maharashtra,Western Region,398.57,398.14,7386.9,7180.1,0.0,57.46,47.57,30.6,0.0,53.2,0,None
2023-05-17 00:00:00,Maharashtra,Western Region,408.75,398.27,7578.9,7461.9,0.0,69.41,57.31,33.0,0.0,49.0,0,None
2023-05-17 01:00:00,Maharashtra,Western Region,294.21,288.7,5494.9,5445.0,0.0,48.17,52.99,30.6,0.0,44.4,0,None
2023-05-17 02:00:00,Maharashtra,Western Region,243.41,236.24,4559.2,4465.0,0.0,44.77,41.12,26.3,0.0,56.9,0,None
2023-05-17 03:00:00,Maharashtra,Western Region,286.83,283.45,5250.4,5221.3,0.0,49.8,52.3,30.0,0.0,38.6,0,None
2023-05-17 04:00:00,Maharashtra,Western Region,259.38,253.46,4854.3,4786.1,0.0,36.29,43.42,28.7,0.0,44.2,0,None
2023-05-17 05:00:00,Maharashtra,Western Region,284.23,280.7,5324.6,5146.5,0.0,36.58,45.13,27.8,0.0,36.1,0,None
2023-05-17 06:00:00,Maharashtra,Western Region,362.43,361.97,6696.1,6643.6,5.01,41.5,45.91,29.7,0.0,34.3,0,None
2023-05-17 07:00:00,Maharashtra,Western Region,439.3,432.08,8138.4,8030.3,26.88,22.6,50.66,33.1,0.0,58.6,0,None
2023-05-17 08:00:00,Maharashtra,Western Region,567.83,556.12,10449.5,10357.4,65.67,27.81,50.68,33.6,0.0,51.9,0,None
2023-05-17 09:00:00,Maharashtra,Western Region,613.17,611.84,11421.4,11235.3,79.69,30.49,51.02,34.7,0.0,34.5,0,None
2023-05-17 10:00:00,Maharashtra,Western Region,636.17,625.86,11744.7,11492.3,104.6,16.42,44.33,36.8,0.0,46.8,0,None
2023-05-17 11:00:00,Maharashtra,Western Region,724.29,705.32,13401.2,13328.0,112.05,19.42,48.99,38.9,0.0,39.9,0,None
2023-05-17 12:00:00,Maharashtra,Western Region,665.19,658.63,12350.2,11898.3,129.05,31.94,44.89,37.7,0.0,52.7,0,None
2023-05-17 13:00:00,Maharashtra,Western Region,695.76,684.37,12835.5,12656.5,110.33,32.06,57.01,39.5,0.0,48.6,0,None
2023-05-17 14:00:00,Maharashtra,Western Region,636.25,631.22,11797.1,11623.5,98.22,23.53,40.22,40.2,0.0,30.8,0,None
2023-05-17 15:00:00,Maharashtra,Western Region,593.31,589.02,10964.8,10864.0,81.43,29.3,45.44,39.2,0.0,53.4,0,None
2023-05-17 16:00:00,Maharashtra,Western Region,561.35,546.35,10435.3,10148.3,63.9,31.66,53.84,37.3,0.0,52.6,0,None
2023-05-17 17:00:00,Maharashtra,Western Region,556.39,544.23,10257.1,9847.7,39.41,24.19,48.21,39.2,0.0,47.9,0,None
2023-05-17 18:00:00,Maharashtra,Western Region,484.39,482.09,8968.6,8824.1,0.89,43.86,48.26,37.4,0.0,46.7,0,None
2023-05-17 19:00:00,Maharashtra,Western Region,478.88,476.63,8812.5,8697.6,0.0,36.97,44.46,35.5,0.7,29.4,0,None
2023-05-17 20:00:00,Maharashtra,Western Region,491.3,482.84,9067.6,8706.7,0.0,49.94,46.62,33.8,0.0,43.8,0,None
2023-05-17 21:00:00,Maharashtra,Western Region,450.74,441.18,8331.9,8070.9,0.0,31.01,56.65,30.1,0.0,40.9,0,None
2023-05-17 22:00:00,Maharashtra,Western Region,459.77,451.61,8427.6,8114.4,0.0,50.8,50.17,32.3,0.2,57.8,0,None
2023-05-17 23:00:00,Maharashtra,Western Region,405.99,399.47,7528.6,7525.5,0.0,39.51,44.59,32.2,0.4,49.5,0,None
2023-05-18 00:00:00,Maharashtra,Western Region,366.11,359.14,6818.5,6596.1,0.0,47.76,50.34,29.5,0.0,36.2,0,None
2023-05-18 01:00:00,Maharashtra,Western Region,284.63,278.49,5266.2,5174.5,0.0,56.14,54.08,29.0,0.0,45.0,0,None
2023-05-18 02:00:00,Maharashtra,Western Region,266.25,259.84,4947.2,4853.9,0.0,30.77,43.38,27.7,0.0,29.8,0,None
2023-05-18 03:00:00,Maharashtra,Western Region,258.03,256.05,4821.7,4799.4,0.0,43.04,45.43,28.0,0.0,55.9,0,None
2023-05-18 04:00:00,Maharashtra,Western Region,285.98,285.25,5185.2,5157.4,0.0,46.21,52.76,30.6,0.0,50.0,0,None
2023-05-18 05:00:00,Maharashtra,Western Region,322.81,320.95,5991.4,5980.8,0.0,35.24,49.28,31.6,0.0,37.9,0,None
2023-05-18 06:00:00,Maharashtra,Western Region,399.31,396.33,7444.3,7345.5,5.58,14.35,48.81,31.2,0.0,65.1,0,None
2023-05-18 07:00:00,Maharashtra,Western Region,489.19,488.7,9021.2,8862.2,32.76,27.64,53.04,33.9,0.0,54.3,0,None
2023-05-18 08:00:00,Maharashtra,Western Region,517.18,510.04,9555.7,9268.4,52.99,27.63,59.29,34.2,0.0,38.4,0,None
2023-05-18 09:00:00,Maharashtra,Western Region,650.44,649.7,12010.4,11673.7,84.11,20.98,56.73,36.6,0.0,38.5,0,None
2023-05-18 10:00:00,Maharashtra,Western Region,704.75,700.47,12987.5,12557.0,99.25,13.07,54.53,38.9,0.0,47.6,0,None
2023-05-18 11:00:00,Maharashtra,Western Region,684.42,668.52,12671.5,12513.1,114.33,14.14,56.15,36.7,0.0,46.1,0,None
2023-05-18 12:00:00,Maharashtra,Western Region,694.53,688.27,12928.2,12778.2,112.11,22.84,37.17,37.2,0.0,51.3,0,None
2023-05-18 13:00:00,Maharashtra,Western Region,621.56,614.83,11550.8,11454.3,124.79,9.82,46.68,36.3,0.0,39.4,0,None
2023-05-18 14:00:00,Maharashtra,Western Region,641.83,627.84,11964.8,11906.0,106.11,23.05,50.83,39.3,0.0,45.7,0,None
2023-05-18 15:00:00,Maharashtra,Western Region,586.92,570.68,10839.0,10737.4,81.25,10.19,55.9,39.7,0.0,48.7,0,None
2023-05-18 16:00:00,Maharashtra,Western Region,497.04,485.57,9100.6,8923.9,63.74,16.69,56.98,34.5,0.0,42.5,0,None
2023-05-18 17:00:00,Maharashtra,Western Region,516.0,505.71,9548.4,9319.7,31.6,31.28,47.63,36.7,0.0,47.0,0,None
2023-05-18 18:00:00,Maharashtra,Western Region,536.62,531.54,10010.2,9712.3,0.0,38.51,40.19,38.0,0.0,62.1,0,None
2023-05-18 19:00:00,Maharashtra,Western Region,493.38,482.18,9062.7,8967.5,0.0,38.37,48.48,35.0,0.0,55.0,0,None
2023-05-18 20:00:00,Maharashtra,Western Region,453.45,445.63,8371.8,8114.4,0.0,39.88,55.31,33.6,0.0,47.6,0,None
2023-05-18 21:00:00,Maharashtra,Western Region,462.22,455.59,8547.1,8264.5,0.0,46.08,38.12,32.7,0.0,61.8,0,None
2023-05-18 22:00:00,Maharashtra,Western Region,428.11,419.32,7893.6,7648.4,0.0,49.96,49.48,30.9,0.4,43.3,0,None
2023-05-18 23:00:00,Maharashtra,Western Region,419.72,415.41,7740.0,7662.0,0.0,42.5,51.23,32.6,0.0,52.6,0,None
2023-05-19 00:00:00,Maharashtra,Western Region,374.21,369.53,6849.4,6767.6,0.0,64.95,61.08,32.7,1.6,50.6,0,None
2023-05-19 01:00:00,Maharashtra,Western Region,306.61,304.76,5703.7,5693.0,0.0,54.83,51.28,30.0,0.0,41.4,0,None
2023-05-19 02:00:00,Maharashtra,Western Region,309.48,306.69,5746.1,5629.9,0.0,53.42,55.04,29.0,0.0,41.4,0,None
2023-05-19 03:00:00,Maharashtra,Western Region,267.04,262.88,4970.6,4813.6,0.0,43.59,50.07,30.8,0.0,47.4,0,None
2023-05-19 04:00:00,Maharashtra,Western Region,283.6,276.56,5272.1,5160.8,0.0,31.45,47.87,29.6,0.0,41.5,0,None
2023-05-19 05:00:00,Maharashtra,Western Region,331.27,325.57,6136.4,6068.3,0.0,36.94,46.72,30.3,0.0,36.5,0,None
2023-05-19 06:00:00,Maharashtra,Western Region,412.53,400.54,7695.0,7433.9,0.0,41.22,45.16,32.2,0.0,43.0,0,None
2023-05-19 07:00:00,Maharashtra,Western Region,407.67,405.81,7527.1,7275.0,24.37,18.79,36.02,29.4,0.0,43.8,0,None
2023-05-19 08:00:00,Maharashtra,Western Region,498.74,488.48,9261.0,9024.3,58.97,27.47,46.4,32.7,0.0,59.3,0,None
2023-05-19 09:00:00,Maharashtra,Western Region,598.21,585.01,11064.2,10641.6,82.55,26.34,47.02,35.0,0.0,56.9,0,None
2023-05-19 10:00:00,Maharashtra,Western Region,655.15,652.51,12097.1,11856.3,111.89,26.42,59.7,34.5,0.0,39.0,0,None
2023-05-19 11:00:00,Maharashtra,Western Region,680.37,662.06,12667.5,12651.6,114.17,20.35,50.37,36.6,0.0,37.7,0,None
2023-05-19 12:00:00,Maharashtra,Western Region,711.52,690.47,13152.9,12633.1,127.95,14.62,53.93,39.4,0.0,52.2,0,None
2023-05-19 13:00:00,Maharashtra,Western Region,653.32,649.11,12064.2,11615.0,102.56,33.15,56.79,37.3,0.0,57.8,0,None
2023-05-19 14:00:00,Maharashtra,Western Region,604.92,596.42,11213.7,10792.4,101.09,14.17,48.22,36.4,0.0,38.0,0,None
2023-05-19 15:00:00,Maharashtra,Western Region,608.55,600.84,11297.2,11196.6,80.92,35.14,60.08,40.5,0.0,45.7,0,None
2023-05-19 16:00:00,Maharashtra,Western Region,569.14,561.5,10426.6,10374.9,54.28,15.99,51.38,40.3,0.0,44.7,0,None
2023-05-19 17:00:00,Maharashtra,Western Region,563.42,554.65,10405.4,10331.6,25.62,25.29,48.65,40.5,0.0,58.3,0,None
2023-05-19 18:00:00,Maharashtra,Western Region,461.7,448.02,8575.1,8312.6,0.0,33.51,47.98,34.1,0.0,39.9,0,None
2023-05-19 19:00:00,Maharashtra,Western Region,514.03,499.66,9426.9,9144.2,0.0,40.17,54.84,34.3,0.0,40.4,0,None
2023-05-19 20:00:00,Maharashtra,Western Region,503.27,488.85,9285.3,9161.5,0.0,34.36,47.49,37.0,0.0,42.8,0,None
2023-05-19 21:00:00,Maharashtra,Western Region,508.39,494.88,9475.5,9150.5,0.0,53.21,50.23,36.6,0.0,26.9,0,None
2023-05-19 22:00:00,Maharashtra,Western Region,420.32,413.32,7683.5,7425.2,0.0,50.02,58.55,31.0,0.0,47.7,0,None
2023-05-19 23:00:00,Maharashtra,Western Region,375.29,366.81,6923.4,6807.5,0.0,51.33,55.5,31.4,0.0,53.5,0,None
2023-05-20 00:00:00,Maharashtra,Western Region,363.04,358.99,6704.0,6601.0,0.0,42.91,58.58,31.2,0.0,64.6,0,None
2023-05-20 01:00:00,Maharashtra,Western Region,305.39,303.41,5682.8,5615.2,0.0,49.39,57.0,30.0,0.0,50.6,0,None
2023-05-20 02:00:00,Maharashtra,Western Region,263.13,258.45,4861.4,4718.1,0.0,65.17,60.31,29.6,0.0,39.8,0,None
2023-05-20 03:00:00,Maharashtra,Western Region,265.3,258.17,4960.3,4903.4,0.0,43.74,53.76,27.8,0.0,37.4,0,None
2023-05-20 04:00:00,Maharashtra,Western Region,293.89,288.68,5429.7,5277.6,0.0,40.95,42.43,32.1,0.0,31.0,0,None
2023-05-20 05:00:00,Maharashtra,Western Region,336.83,334.63,6172.4,5932.6,0.0,30.44,50.92,32.8,0.0,29.2,0,None
2023-05-20 06:00:00,Maharashtra,Western Region,325.77,322.1,6058.8,5877.5,4.03,25.78,47.58,30.9,0.0,34.2,0,None
2023-05-20 07:00:00,Maharashtra,Western Region,448.78,446.86,8354.7,8098.3,28.87,33.65,52.37,33.6,0.0,40.7,0,None
2023-05-20 08:00:00,Maharashtra,Western Region,511.15,502.21,9409.4,9048.8,60.22,27.29,54.28,30.4,0.0,53.1,0,None
2023-05-20 09:00:00,Maharashtra,Western Region,592.74,583.27,10970.6,10570.5,84.5,25.37,53.72,33.8,0.0,52.8,0,None
2023-05-20 10:00:00,Maharashtra,Western Region,652.7,643.36,12046.8,11675.0,98.05,22.79,40.83,35.3,0.0,53.0,0,None
2023-05-20 11:00:00,Maharashtra,Western Region,709.13,708.25,13132.3,12925.8,113.15,34.06,51.92,36.9,0.0,46.2,0,None
2023-05-20 12:00:00,Maharashtra,Western Region,684.52,666.98,12770.2,12542.1,121.27,21.03,56.7,38.1,0.0,48.3,0,None
2023-05-20 13:00:00,Maharashtra,Western Region,712.13,692.73,13111.9,12823.9,113.43,15.74,46.41,40.0,0.0,55.3,0,None
2023-05-20 14:00:00,Maharashtra,Western Region,590.04,586.81,10973.5,10795.8,97.73,30.94,46.12,37.5,0.0,38.3,0,None
2023-05-20 15:00:00,Maharashtra,Western Region,589.59,581.81,10926.2,10761.9,84.02,23.01,53.07,38.3,0.0,57.7,0,None
2023-05-20 16:00:00,Maharashtra,Western Region,554.14,539.39,10224.4,10113.1,59.29,34.55,57.59,38.1,0.0,53.5,0,None
2023-05-20 17:00:00,Maharashtra,Western Region,525.52,515.96,9735.7,9571.4,32.12,24.16,39.8,37.8,0.0,56.3,0,None
2023-05-20 18:00:00,Maharashtra,Western Region,502.13,488.66,9239.8,9080.9,2.14,19.2,52.04,35.9,0.0,56.2,0,None
2023-05-20 19:00:00,Maharashtra,Western Region,488.97,476.63,9091.6,8991.1,0.0,33.05,58.78,36.6,0.0,46.5,0,None
2023-05-20 20:00:00,Maharashtra,Western Region,479.32,467.61,8870.5,8708.4,0.0,53.77,46.28,33.7,0.0,35.9,0,None
2023-05-20 21:00:00,Maharashtra,Western Region,491.58,485.12,9074.8,8952.4,0.0,64.09,47.76,33.9,2.3,44.2,0,None
2023-05-20 22:00:00,Maharashtra,Western Region,408.3,400.38,7607.0,7483.5,0.0,43.1,55.37,29.6,0.0,56.3,0,None
2023-05-20 23:00:00,Maharashtra,Western Region,388.38,388.2,7223.0,6964.3,0.0,57.96,48.43,32.5,0.0,52.6,0,None
2023-05-21 00:00:00,Maharashtra,Western Region,308.55,306.2,5680.0,5630.0,0.0,44.52,48.5,30.3,0.0,33.8,1,None
2023-05-21 01:00:00,Maharashtra,Western Region,283.33,283.26,5154.1,5123.1,0.0,51.09,54.49,29.2,0.0,53.2,1,None
2023-05-21 02:00:00,Maharashtra,Western Region,209.91,209.42,3881.4,3877.4,0.0,52.83,51.53,29.1,0.0,42.9,1,None
2023-05-21 03:00:00,Maharashtra,Western Region,215.55,210.16,4052.8,4034.0,0.0,51.46,55.39,28.8,0.0,40.1,1,None
2023-05-21 04:00:00,Maharashtra,Western Region,260.07,258.96,4912.8,4808.7,0.0,52.89,44.41,27.2,0.0,48.0,1,None
2023-05-21 05:00:00,Maharashtra,Western Region,301.36,297.42,5570.3,5545.4,0.0,37.96,31.35,29.9,0.0,53.1,1,None
2023-05-21 06:00:00,Maharashtra,Western Region,309.56,303.93,5757.1,5684.6,5.27,15.28,50.08,29.2,0.0,45.6,1,None
2023-05-21 07:00:00,Maharashtra,Western Region,433.0,423.83,8046.6,8031.5,30.36,21.21,41.81,33.5,0.0,33.1,1,None
2023-05-21 08:00:00,Maharashtra,Western Region,514.55,506.83,9535.8,9291.4,52.34,31.0,42.35,33.5,0.0,48.9,1,None
2023-05-21 09:00:00,Maharashtra,Western Region,629.41,624.46,11582.1,11245.0,85.44,21.15,48.83,39.1,0.0,39.0,1,None
2023-05-21 10:00:00,Maharashtra,Western Region,623.16,608.84,11610.4,11176.6,101.51,25.34,48.93,37.6,0.0,44.1,1,None
2023-05-21 11:00:00,Maharashtra,Western Region,668.0,652.0,12352.5,11858.7,124.53,16.36,55.74,39.8,0.0,43.2,1,None
2023-05-21 12:00:00,Maharashtra,Western Region,644.95,643.15,11989.5,11524.0,117.04,18.64,50.56,38.2,0.0,49.1,1,None
2023-05-21 13:00:00,Maharashtra,Western Region,617.79,608.09,11428.4,11268.9,118.5,26.94,42.08,38.4,0.0,49.6,1,None
2023-05-21 14:00:00,Maharashtra,Western Region,561.2,560.5,10356.1,10001.4,95.1,13.63,51.93,37.5,0.0,48.5,1,None
2023-05-21 15:00:00,Maharashtra,Western Region,570.65,567.08,10632.4,10217.9,90.45,33.06,55.05,40.5,0.0,58.7,1,None
2023-05-21 16:00:00,Maharashtra,Western Region,463.49,454.45,8524.2,8460.0,59.93,28.12,51.64,36.7,0.0,51.0,1,None
2023-05-21 17:00:00,Maharashtra,Western Region,496.72,490.97,9154.2,9133.4,22.33,39.03,57.82,40.3,0.0,59.8,1,None
2023-05-21 18:00:00,Maharashtra,Western Region,475.24,468.32,8833.4,8806.3,2.79,35.25,56.91,36.9,0.0,42.1,1,None
2023-05-21 19:00:00,Maharashtra,Western Region,439.33,428.7,8164.9,8076.8,0.0,42.54,66.17,33.7,0.0,41.8,1,None
2023-05-21 20:00:00,Maharashtra,Western Region,405.87,405.0,7536.3,7351.6,0.0,39.1,55.54,32.8,0.0,51.4,1,None
2023-05-21 21:00:00,Maharashtra,Western Region,436.55,432.09,8104.2,7976.9,0.0,50.71,48.13,33.9,0.0,52.1,1,None
2023-05-21 22:00:00,Maharashtra,Western Region,368.59,367.4,6773.9,6587.2,0.0,44.15,43.43,31.5,0.0,42.9,1,None
2023-05-21 23:00:00,Maharashtra,Western Region,370.64,360.18,6901.2,6717.8,0.0,43.22,51.42,30.7,0.0,45.8,1,None
2023-05-22 00:00:00,Maharashtra,Western Region,311.87,305.5,5784.1,5584.5,0.0,50.23,56.13,27.4,0.0,52.1,0,None
2023-05-22 01:00:00,Maharashtra,Western Region,277.66,276.28,5175.0,5156.6,0.0,53.94,45.7,26.9,0.9,37.0,0,None
2023-05-22 02:00:00,Maharashtra,Western Region,288.96,284.93,5344.0,5168.4,0.0,47.74,46.48,30.6,0.0,36.3,0,None
2023-05-22 03:00:00,Maharashtra,Western Region,289.8,286.14,5347.8,5151.1,0.0,36.87,50.69,28.7,0.0,56.6,0,None
2023-05-22 04:00:00,Maharashtra,Western Region,274.91,274.22,5064.8,4989.1,0.0,53.79,45.65,29.8,0.0,34.7,0,None
2023-05-22 05:00:00,Maharashtra,Western Region,309.23,301.99,5745.3,5559.1,0.0,44.91,59.05,29.9,0.0,65.9,0,None
2023-05-22 06:00:00,Maharashtra,Western Region,388.4,381.54,7218.0,7213.6,0.0,34.17,49.82,31.3,0.2,37.7,0,None
2023-05-22 07:00:00,Maharashtra,Western Region,497.63,489.79,9210.9,9072.8,34.88,22.48,44.94,34.4,0.0,51.7,0,None
2023-05-22 08:00:00,Maharashtra,Western Region,526.42,515.77,9721.6,9344.5,64.2,41.22,49.08,33.0,0.0,45.7,0,None
2023-05-22 09:00:00,Maharashtra,Western Region,614.04,610.66,11354.9,10919.0,83.67,35.28,54.27,35.4,0.0,57.3,0,None
2023-05-22 10:00:00,Maharashtra,Western Region,672.39,667.53,12460.0,12308.4,99.78,22.16,43.8,34.6,0.0,55.5,0,None
2023-05-22 11:00:00,Maharashtra,Western Region,694.49,689.68,12844.6,12558.6,117.7,19.64,53.27,36.9,0.0,49.3,0,None
2023-05-22 12:00:00,Maharashtra,Western Region,746.36,739.26,13801.9,13456.5,121.19,24.74,53.47,41.1,0.0,30.1,0,None
2023-05-22 13:00:00,Maharashtra,Western Region,729.01,712.12,13524.7,12993.8,123.98,27.34,53.4,39.3,0.0,48.5,0,None
2023-05-22 14:00:00,Maharashtra,Western Region,617.44,609.64,11419.0,11330.2,111.5,16.31,34.94,37.9,0.0,46.2,0,None
2023-05-22 15:00:00,Maharashtra,Western Region,573.32,567.12,10575.1,10513.7,85.75,23.49,50.64,38.0,0.0,32.4,0,None
2023-05-22 16:00:00,Maharashtra,Western Region,490.45,478.12,9022.2,8996.1,56.95,39.76,38.84,34.9,0.0,41.1,0,None
2023-05-22 17:00:00,Maharashtra,Western Region,485.77,481.68,8944.5,8695.6,25.83,31.4,62.07,35.9,0.0,27.5,0,None
2023-05-22 18:00:00,Maharashtra,Western Region,515.17,514.78,9471.0,9331.2,1.77,40.56,62.44,37.0,0.0,49.6,0,None
2023-05-22 19:00:00,Maharashtra,Western Region,533.24,521.92,9865.4,9493.1,0.0,45.34,35.05,37.2,0.0,43.4,0,None
2023-05-22 20:00:00,Maharashtra,Western Region,499.87,497.14,9251.3,8943.8,0.0,23.42,59.66,34.9,0.0,26.7,0,None
2023-05-22 21:00:00,Maharashtra,Western Region,489.72,476.83,9099.2,8828.9,0.0,39.73,61.73,33.4,0.0,48.2,0,None
2023-05-22 22:00:00,Maharashtra,Western Region,445.68,433.34,8257.2,8095.1,0.0,58.2,48.84,32.2,0.0,41.8,0,None
2023-05-22 23:00:00,Maharashtra,Western Region,326.52,320.95,5907.5,5725.2,0.0,60.32,47.76,29.0,0.0,50.3,0,None
2023-05-23 00:00:00,Maharashtra,Western Region,326.8,320.08,6025.7,5863.5,0.0,48.29,43.16,29.3,0.0,49.2,0,None
2023-05-23 01:00:00,Maharashtra,Western Region,313.17,309.4,5814.4,5797.6,0.0,41.18,55.04,29.1,0.0,62.8,0,None
2023-05-23 02:00:00,Maharashtra,Western Region,296.8,288.99,5475.0,5359.7,0.0,52.15,64.78,29.7,0.0,55.9,0,None
2023-05-23 03:00:00,Maharashtra,Western Region,305.25,303.95,5692.7,5527.8,0.0,32.03,50.24,32.7,0.0,57.8,0,None
2023-05-23 04:00:00,Maharashtra,Western Region,332.06,323.76,6172.0,6094.2,0.0,56.05,58.49,31.7,0.0,52.1,0,None
2023-05-23 05:00:00,Maharashtra,Western Region,307.85,301.6,5757.5,5639.6,0.0,57.34,47.03,29.6,0.0,29.1,0,None
2023-05-23 06:00:00,Maharashtra,Western Region,354.85,347.96,6570.0,6353.4,0.0,39.28,47.4,29.9,0.0,55.5,0,None
2023-05-23 07:00:00,Maharashtra,Western Region,475.06,461.24,8813.6,8504.4,27.28,34.17,56.02,31.8,0.0,33.6,0,None
2023-05-23 08:00:00,Maharashtra,Western Region,561.18,557.61,10397.3,9998.2,61.78,30.79,50.39,34.3,0.0,31.5,0,None
2023-05-23 09:00:00,Maharashtra,Western Region,608.21,603.36,11175.8,10881.3,82.81,21.48,54.36,35.9,0.0,45.2,0,None
2023-05-23 10:00:00,Maharashtra,Western Region,721.84,714.23,13369.2,13187.2,102.28,43.08,50.38,37.2,0.0,39.9,0,None
2023-05-23 11:00:00,Maharashtra,Western Region,707.06,701.95,13006.3,12488.9,127.5,30.55,43.59,39.0,0.0,50.1,0,None
2023-05-23 12:00:00,Maharashtra,Western Region,678.07,666.63,12517.9,12415.9,114.93,16.05,43.67,38.1,0.0,61.2,0,None
2023-05-23 13:00:00,Maharashtra,Western Region,730.67,714.03,13601.3,13209.1,118.46,24.68,50.5,41.8,0.0,36.0,0,None
2023-05-23 14:00:00,Maharashtra,Western Region,647.89,633.98,11962.6,11940.3,103.47,22.7,50.33,40.3,0.0,50.7,0,None
2023-05-23 15:00:00,Maharashtra,Western Region,584.11,575.36,10865.5,10557.4,88.64,26.49,55.96,38.5,0.0,47.9,0,None
2023-05-23 16:00:00,Maharashtra,Western Region,560.78,557.43,10355.1,10255.4,54.64,29.93,41.46,40.1,0.0,29.2,0,None
2023-05-23 17:00:00,Maharashtra,Western Region,495.78,484.25,9193.9,9094.6,31.3,33.01,49.62,35.8,0.2,55.6,0,None
2023-05-23 18:00:00,Maharashtra,Western Region,505.64,492.46,9352.6,9137.7,0.0,45.58,48.06,36.2,0.0,58.4,0,None
2023-05-23 19:00:00,Maharashtra,Western Region,497.16,491.37,9203.6,9101.6,0.0,40.62,49.26,36.5,0.0,32.8,0,None
2023-05-23 20:00:00,Maharashtra,Western Region,503.14,492.5,9303.9,9052.0,0.0,39.81,59.88,34.3,0.0,50.4,0,None
2023-05-23 21:00:00,Maharashtra,Western Region,432.25,429.1,7989.1,7974.9,0.0,51.84,45.8,30.5,0.0,44.1,0,None
2023-05-23 22:00:00,Maharashtra,Western Region,488.6,474.31,8935.0,8763.2,0.0,53.59,45.4,33.8,0.0,58.8,0,None
2023-05-23 23:00:00,Maharashtra,Western Region,365.32,355.39,6673.0,6627.9,0.0,50.4,50.14,29.9,0.0,36.7,0,None
2023-05-24 00:00:00,Maharashtra,Western Region,385.58,374.51,7200.1,6989.3,0.0,49.1,59.47,30.9,0.0,38.4,0,None
2023-05-24 01:00:00,Maharashtra,Western Region,276.01,273.71,5202.1,5187.2,0.0,45.65,47.82,25.4,0.0,39.7,0,None
2023-05-24 02:00:00,Maharashtra,Western Region,265.2,257.99,4871.1,4750.3,0.0,57.51,52.14,27.5,0.0,43.7,0,None
2023-05-24 03:00:00,Maharashtra,Western Region,276.04,272.14,5096.5,5081.1,0.0,54.06,58.86,30.1,0.0,46.0,0,None
2023-05-24 04:00:00,Maharashtra,Western Region,249.51,244.84,4599.5,4559.2,0.0,49.43,51.0,27.8,0.0,55.1,0,None
2023-05-24 05:00:00,Maharashtra,Western Region,302.5,300.38,5629.8,5565.7,0.0,31.8,49.68,29.9,0.0,41.1,0,None
2023-05-24 06:00:00,Maharashtra,Western Region,417.81,408.08,7695.3,7416.0,0.0,28.66,51.29,33.9,0.0,50.4,0,None
2023-05-24 07:00:00,Maharashtra,Western Region,480.02,473.31,8808.3,8762.9,31.08,50.33,54.86,34.3,0.0,62.7,0,None
2023-05-24 08:00:00,Maharashtra,Western Region,577.67,564.68,10670.2,10265.9,57.95,14.31,57.35,35.1,0.0,45.4,0,None
2023-05-24 09:00:00,Maharashtra,Western Region,610.01,606.91,11317.1,11092.8,85.62,18.82,46.77,36.0,0.0,45.0,0,None
2023-05-24 10:00:00,Maharashtra,Western Region,652.76,633.21,12100.9,12022.3,101.6,13.35,45.69,35.2,0.0,65.9,0,None
2023-05-24 11:00:00,Maharashtra,Western Region,663.68,650.43,12184.4,11726.8,120.36,16.51,61.83,35.8,0.2,47.8,0,None
2023-05-24 12:00:00,Maharashtra,Western Region,678.68,659.23,12500.7,12268.0,116.31,17.35,40.9,38.5,0.0,41.6,0,None
2023-05-24 13:00:00,Maharashtra,Western Region,643.26,628.03,11831.7,11493.3,112.05,13.49,56.07,37.3,0.0,55.8,0,None
2023-05-24 14:00:00,Maharashtra,Western Region,638.74,625.44,11793.0,11673.6,97.69,14.72,54.32,39.4,0.0,50.5,0,None
2023-05-24 15:00:00,Maharashtra,Western Region,547.47,541.08,10139.6,9932.2,80.77,36.63,54.77,37.1,0.0,48.7,0,None
2023-05-24 16:00:00,Maharashtra,Western Region,560.37,553.05,10334.0,10214.2,63.0,17.94,67.0,37.5,0.0,39.1,0,None
2023-05-24 17:00:00,Maharashtra,Western Region,535.07,527.06,9868.0,9694.6,30.86,27.6,51.02,38.2,0.0,39.3,0,None
2023-05-24 18:00:00,Maharashtra,Western Region,528.46,515.18,9787.0,9579.9,0.0,27.8,50.78,37.7,0.0,35.8,0,None
2023-05-24 19:00:00,Maharashtra,Western Region,478.07,467.94,8818.2,8795.9,0.0,38.14,53.28,34.0,0.0,53.0,0,None
2023-05-24 20:00:00,Maharashtra,Western Region,493.78,486.21,9107.0,9020.7,0.0,34.0,56.09,34.9,0.0,54.2,0,None
2023-05-24 21:00:00,Maharashtra,Western Region,455.31,454.13,8507.5,8388.5,0.0,29.58,47.98,32.2,0.0,52.3,0,None
2023-05-24 22:00:00,Maharashtra,Western Region,424.34,411.78,7803.5,7618.4,0.0,39.58,39.6,30.7,0.0,41.3,0,None
2023-05-24 23:00:00,Maharashtra,Western Region,387.61,386.29,7190.4,7114.8,0.0,61.35,60.69,29.1,0.0,32.8,0,None
2023-05-25 00:00:00,Maharashtra,Western Region,353.02,349.09,6571.1,6359.0,0.0,56.64,45.16,29.8,0.0,46.5,0,None
2023-05-25 01:00:00,Maharashtra,Western Region,322.29,319.46,5913.3,5870.0,0.0,43.73,56.96,31.2,0.5,38.1,0,None
2023-05-25 02:00:00,Maharashtra,Western Region,254.2,249.42,4799.1,4699.4,0.0,49.67,56.94,29.1,0.0,54.0,0,None
2023-05-25 03:00:00,Maharashtra,Western Region,263.42,262.72,4785.5,4744.9,0.0,35.92,45.11,27.0,0.0,35.2,0,None
2023-05-25 04:00:00,Maharashtra,Western Region,259.14,256.44,4720.6,4607.6,0.0,40.54,40.64,29.9,0.0,46.0,0,None
2023-05-25 05:00:00,Maharashtra,Western Region,299.35,297.85,5541.7,5427.7,0.0,47.91,46.72,28.2,0.0,56.8,0,None
2023-05-25 06:00:00,Maharashtra,Western Region,399.46,398.74,7318.2,7088.6,0.0,33.36,40.35,32.7,0.0,35.9,0,None
2023-05-25 07:00:00,Maharashtra,Western Region,484.33,476.76,8951.2,8600.4,36.21,42.78,59.63,34.0,0.0,52.9,0,None
2023-05-25 08:00:00,Maharashtra,Western Region,536.36,525.02,9905.2,9607.3,58.58,28.02,51.74,32.7,0.0,42.1,0,None
2023-05-25 09:00:00,Maharashtra,Western Region,560.89,544.5,10394.6,10223.0,83.2,24.59,39.3,32.4,1.0,38.0,0,None
2023-05-25 10:00:00,Maharashtra,Western Region,688.21,684.03,12801.5,12519.2,104.02,26.34,61.08,36.4,0.0,42.8,0,None
2023-05-25 11:00:00,Maharashtra,Western Region,715.41,713.9,13247.5,12993.2,113.68,21.56,43.31,38.4,0.0,54.0,0,None
2023-05-25 12:00:00,Maharashtra,Western Region,675.97,666.51,12444.6,12436.8,118.22,15.43,57.63,36.7,0.0,48.9,0,None
2023-05-25 13:00:00,Maharashtra,Western Region,759.79,740.04,13978.3,13674.6,118.79,23.43,42.21,41.6,0.8,50.1,0,None
2023-05-25 14:00:00,Maharashtra,Western Region,651.55,648.49,12093.9,12068.7,100.52,21.63,49.59,39.6,0.0,46.1,0,None
2023-05-25 15:00:00,Maharashtra,Western Region,636.78,617.92,11741.9,11701.6,77.19,11.67,51.95,41.2,0.0,42.9,0,None
2023-05-25 16:00:00,Maharashtra,Western Region,565.85,562.15,10464.5,10360.8,55.83,47.91,52.5,38.4,0.0,44.3,0,None
2023-05-25 17:00:00,Maharashtra,Western Region,570.68,569.89,10581.2,10168.4,25.26,35.59,55.67,40.7,0.0,41.0,0,None
2023-05-25 18:00:00,Maharashtra,Western Region,508.58,495.12,9321.4,9141.0,2.44,31.84,52.24,36.7,0.0,51.4,0,None
2023-05-25 19:00:00,Maharashtra,Western Region,453.02,445.55,8398.6,8386.5,0.0,48.38,43.85,33.9,0.0,56.5,0,None
2023-05-25 20:00:00,Maharashtra,Western Region,472.01,463.14,8751.1,8652.7,0.0,48.78,50.16,32.9,0.0,34.5,0,None
2023-05-25 21:00:00,Maharashtra,Western Region,448.17,446.77,8217.1,8194.7,0.0,51.58,42.41,32.6,0.0,36.4,0,None
2023-05-25 22:00:00,Maharashtra,Western Region,429.97,423.46,7921.5,7663.3,0.0,41.79,43.81,30.3,0.0,50.0,0,None
2023-05-25 23:00:00,Maharashtra,Western Region,409.53,400.1,7684.2,7677.6,0.0,50.92,52.41,31.6,0.0,59.6,0,None
2023-05-26 00:00:00,Maharashtra,Western Region,337.77,331.46,6313.2,6094.6,0.0,52.44,55.48,28.7,0.0,50.3,0,None
2023-05-26 01:00:00,Maharashtra,Western Region,300.31,297.83,5487.9,5432.4,0.0,36.92,69.11,28.3,0.0,52.0,0,None
2023-05-26 02:00:00,Maharashtra,Western Region,283.48,280.52,5205.7,5174.1,0.0,54.54,41.79,28.7,0.0,38.0,0,None
2023-05-26 03:00:00,Maharashtra,Western Region,250.63,243.55,4605.9,4592.6,0.0,47.2,47.27,27.9,0.0,44.1,0,None
2023-05-26 04:00:00,Maharashtra,Western Region,242.93,238.79,4525.7,4349.6,0.0,32.06,56.41,27.6,0.0,39.6,0,None
2023-05-26 05:00:00,Maharashtra,Western Region,333.82,329.76,6090.2,6074.1,0.0,28.01,47.36,29.2,0.0,37.5,0,None
2023-05-26 06:00:00,Maharashtra,Western Region,381.7,378.31,7057.8,6798.2,2.72,24.15,49.77,33.4,0.0,45.8,0,None
2023-05-26 07:00:00,Maharashtra,Western Region,464.07,452.84,8579.7,8290.2,30.24,36.24,52.69,33.6,0.0,46.9,0,None
2023-05-26 08:00:00,Maharashtra,Western Region,550.7,547.32,10204.9,9996.6,70.49,28.49,49.73,33.9,0.0,38.6,0,None
2023-05-26 09:00:00,Maharashtra,Western Region,549.24,542.41,10195.1,10100.5,92.92,28.8,43.68,30.5,0.0,54.9,0,None
2023-05-26 10:00:00,Maharashtra,Western Region,703.77,695.58,13037.8,12981.3,102.47,21.7,41.95,38.0,0.0,38.8,0,None
2023-05-26 11:00:00,Maharashtra,Western Region,680.91,663.95,12586.7,12142.2,116.42,9.61,43.7,35.4,0.0,55.8,0,None
2023-05-26 12:00:00,Maharashtra,Western Region,715.7,705.8,13204.5,13123.2,111.27,11.58,51.75,38.7,0.0,54.5,0,None
2023-05-26 13:00:00,Maharashtra,Western Region,648.02,638.89,12032.2,11620.2,104.81,16.79,56.39,38.5,0.0,44.3,0,None
2023-05-26 14:00:00,Maharashtra,Western Region,682.22,678.57,12587.1,12227.3,101.48,11.52,48.72,41.8,0.0,50.5,0,None
2023-05-26 15:00:00,Maharashtra,Western Region,606.86,595.8,11196.4,10817.2,79.95,27.65,44.49,39.5,0.0,51.4,0,None
2023-05-26 16:00:00,Maharashtra,Western Region,525.35,519.45,9707.9,9419.2,50.2,23.28,43.51,38.5,0.0,41.7,0,None
2023-05-26 17:00:00,Maharashtra,Western Region,504.29,492.19,9413.1,9358.9,36.39,46.76,47.54,37.6,0.0,57.5,0,None
2023-05-26 18:00:00,Maharashtra,Western Region,504.37,493.33,9329.2,9136.2,5.27,30.18,47.74,37.4,0.0,55.8,0,None
2023-05-26 19:00:00,Maharashtra,Western Region,478.34,470.98,8835.8,8490.1,0.0,29.53,53.29,34.3,0.0,56.5,0,None
2023-05-26 20:00:00,Maharashtra,Western Region,505.24,493.74,9318.4,9133.1,0.0,48.42,47.78,33.6,2.5,49.1,0,None
2023-05-26 21:00:00,Maharashtra,Western Region,448.55,435.33,8308.4,8287.7,0.0,65.39,47.04,32.5,0.0,43.4,0,None
2023-05-26 22:00:00,Maharashtra,Western Region,431.35,422.01,7973.3,7719.4,0.0,54.27,44.67,30.4,0.0,33.5,0,None
2023-05-26 23:00:00,Maharashtra,Western Region,355.94,353.42,6566.4,6351.1,0.0,53.91,57.19,29.7,0.0,52.6,0,None
2023-05-27 00:00:00,Maharashtra,Western Region,334.94,333.61,6169.4,5948.8,0.0,39.03,47.12,29.2,0.0,55.6,0,None
2023-05-27 01:00:00,Maharashtra,Western Region,315.83,313.29,5803.6,5651.8,0.0,53.01,45.26,30.5,0.0,48.2,0,None
2023-05-27 02:00:00,Maharashtra,Western Region,279.7,275.13,5238.7,5109.3,0.0,51.0,58.94,27.9,0.0,42.2,0,None
2023-05-27 03:00:00,Maharashtra,Western Region,254.38,251.94,4809.9,4622.1,0.0,58.62,49.87,27.5,0.0,49.5,0,None
2023-05-27 04:00:00,Maharashtra,Western Region,277.76,274.59,5201.0,5094.3,0.0,29.37,57.46,28.6,0.0,50.2,0,None
2023-05-27 05:00:00,Maharashtra,Western Region,321.64,319.46,6015.3,5811.1,0.0,22.48,45.82,30.9,0.0,39.0,0,None
2023-05-27 06:00:00,Maharashtra,Western Region,372.23,369.71,6887.8,6793.0,0.0,39.36,44.93,31.4,0.0,52.6,0,None
2023-05-27 07:00:00,Maharashtra,Western Region,458.01,450.74,8505.4,8420.9,34.72,44.78,40.5,33.2,0.0,38.4,0,None
2023-05-27 08:00:00,Maharashtra,Western Region,535.9,525.21,9906.5,9857.4,67.75,29.31,53.51,34.0,0.0,38.0,0,None
2023-05-27 09:00:00,Maharashtra,Western Region,598.37,597.8,11043.5,10619.3,82.32,19.58,48.8,33.2,0.0,43.4,0,None
2023-05-27 10:00:00,Maharashtra,Western Region,680.64,669.46,12597.0,12478.3,104.54,21.59,61.13,35.1,0.0,46.3,0,None
2023-05-27 11:00:00,Maharashtra,Western Region,709.97,693.01,13124.5,12726.7,107.66,15.97,48.31,37.8,0.0,41.2,0,None
2023-05-27 12:00:00,Maharashtra,Western Region,702.52,700.92,12983.8,12689.4,122.94,17.79,58.64,37.9,0.0,31.8,0,None
2023-05-27 13:00:00,Maharashtra,Western Region,641.41,630.84,11922.1,11847.2,117.23,13.47,44.91,37.0,0.0,35.9,0,None
2023-05-27 14:00:00,Maharashtra,Western Region,652.08,641.44,12153.3,11991.9,110.02,19.8,49.68,39.3,0.0,38.6,0,None
2023-05-27 15:00:00,Maharashtra,Western Region,613.14,609.29,11223.5,10828.9,87.11,17.86,51.69,38.9,0.0,53.6,0,None
2023-05-27 16:00:00,Maharashtra,Western Region,523.61,513.14,9709.0,9662.9,63.73,32.28,51.5,35.6,0.0,40.8,0,None
2023-05-27 17:00:00,Maharashtra,Western Region,510.64,507.45,9351.0,9225.7,30.78,33.47,53.87,37.4,0.0,50.5,0,None
2023-05-27 18:00:00,Maharashtra,Western Region,517.64,509.3,9610.8,9249.6,0.0,31.02,44.3,36.2,0.0,52.1,0,None
2023-05-27 19:00:00,Maharashtra,Western Region,474.13,470.32,8835.0,8751.0,0.0,50.74,65.11,34.2,1.0,38.0,0,None
2023-05-27 20:00:00,Maharashtra,Western Region,494.77,483.23,9104.4,9024.3,0.0,51.91,45.07,35.3,0.0,30.8,0,None
2023-05-27 21:00:00,Maharashtra,Western Region,471.94,460.11,8726.9,8715.8,0.0,47.21,50.59,33.5,0.0,42.2,0,None
2023-05-27 22:00:00,Maharashtra,Western Region,396.09,384.78,7347.0,7334.1,0.0,45.81,54.12,29.9,0.0,49.9,0,None
2023-05-27 23:00:00,Maharashtra,Western Region,423.3,410.92,7865.8,7842.6,0.0,39.56,41.54,32.3,0.0,44.5,0,None
2023-05-28 00:00:00,Maharashtra,Western Region,262.41,258.02,4851.3,4711.1,0.0,47.05,50.54,28.0,0.0,51.2,1,None
2023-05-28 01:00:00,Maharashtra,Western Region,286.48,285.19,5288.1,5129.8,0.0,55.51,61.49,30.5,0.0,34.9,1,None
2023-05-28 02:00:00,Maharashtra,Western Region,226.86,221.33,4200.9,4178.7,0.0,39.46,49.72,27.1,0.0,38.1,1,None
2023-05-28 03:00:00,Maharashtra,Western Region,235.16,233.48,4328.9,4234.0,0.0,41.4,53.26,29.8,0.0,49.3,1,None
2023-05-28 04:00:00,Maharashtra,Western Region,248.6,245.04,4663.2,4593.7,0.0,39.43,50.74,28.4,0.0,47.4,1,None
2023-05-28 05:00:00,Maharashtra,Western Region,254.25,251.39,4712.6,4657.3,0.0,47.79,49.9,29.9,0.0,26.9,1,None
2023-05-28 06:00:00,Maharashtra,Western Region,330.95,324.73,6129.4,5904.5,4.95,26.05,49.29,31.0,0.0,43.5,1,None
2023-05-28 07:00:00,Maharashtra,Western Region,405.1,400.78,7525.2,7409.5,31.78,40.32,38.79,32.7,0.0,45.6,1,None
2023-05-28 08:00:00,Maharashtra,Western Region,522.34,512.77,9613.9,9446.0,55.68,25.61,51.12,35.2,0.0,38.9,1,None
2023-05-28 09:00:00,Maharashtra,Western Region,614.9,599.42,11382.0,10968.3,86.51,10.29,47.15,37.3,0.0,49.4,1,None
2023-05-28 10:00:00,Maharashtra,Western Region,598.64,591.35,11028.0,10601.2,109.79,19.63,55.52,35.4,0.0,54.3,1,None
2023-05-28 11:00:00,Maharashtra,Western Region,561.32,555.39,10436.5,10126.5,128.0,27.84,44.01,34.9,0.0,50.0,1,None
2023-05-28 12:00:00,Maharashtra,Western Region,642.1,631.54,11864.2,11633.4,117.82,32.4,55.63,37.3,0.0,42.4,1,None
2023-05-28 13:00:00,Maharashtra,Western Region,656.27,645.24,12131.7,11779.1,110.43,11.37,62.49,39.5,0.0,46.3,1,None
2023-05-28 14:00:00,Maharashtra,Western Region,608.94,598.63,11111.4,10797.3,109.68,30.15,37.32,40.5,0.0,48.3,1,None
2023-05-28 15:00:00,Maharashtra,Western Region,544.67,531.96,10074.6,9952.5,88.56,23.34,44.28,37.8,0.0,45.3,1,None
2023-05-28 16:00:00,Maharashtra,Western Region,509.84,508.21,9451.8,9145.8,56.43,25.83,62.06,38.3,0.0,36.9,1,None
2023-05-28 17:00:00,Maharashtra,Western Region,490.13,475.48,9194.7,8924.7,31.71,43.97,51.68,36.6,0.0,42.5,1,None
2023-05-28 18:00:00,Maharashtra,Western Region,437.68,435.15,8048.1,7889.1,0.0,38.6,45.66,36.6,0.0,39.8,1,None
2023-05-28 19:00:00,Maharashtra,Western Region,479.2,468.93,8801.4,8501.2,0.0,38.99,56.91,36.7,0.0,42.7,1,None
2023-05-28 20:00:00,Maharashtra,Western Region,447.3,436.97,8212.8,8088.9,0.0,43.66,50.82,33.7,0.0,42.8,1,None
2023-05-28 21:00:00,Maharashtra,Western Region,436.71,435.4,8076.8,7937.1,0.0,55.27,40.56,33.9,0.0,53.5,1,None
2023-05-28 22:00:00,Maharashtra,Western Region,382.24,378.9,7137.3,6966.9,0.0,43.16,65.75,31.7,0.0,45.7,1,None
2023-05-28 23:00:00,Maharashtra,Western Region,385.62,382.79,7080.0,6801.5,0.0,61.09,59.96,33.5,0.0,48.1,1,None
2023-05-29 00:00:00,Maharashtra,Western Region,340.39,336.69,6195.0,5965.0,0.0,51.84,51.39,29.3,0.0,58.7,0,None
2023-05-29 01:00:00,Maharashtra,Western Region,324.91,315.83,5981.3,5833.9,0.0,49.99,49.07,29.0,0.0,50.1,0,None
2023-05-29 02:00:00,Maharashtra,Western Region,292.44,287.43,5431.6,5338.6,0.0,58.53,48.96,30.2,0.0,38.1,0,None
2023-05-29 03:00:00,Maharashtra,Western Region,280.24,279.61,5192.7,5090.7,0.0,49.14,46.22,30.3,0.0,48.0,0,None
2023-05-29 04:00:00,Maharashtra,Western Region,264.71,262.3,4866.7,4677.8,0.0,42.61,50.11,28.3,0.0,65.5,0,None
2023-05-29 05:00:00,Maharashtra,Western Region,333.96,328.22,6173.8,6013.3,0.0,39.74,46.41,31.1,0.0,42.7,0,None
2023-05-29 06:00:00,Maharashtra,Western Region,425.51,417.55,7764.7,7689.1,0.0,17.9,48.58,33.5,0.0,43.2,0,None
2023-05-29 07:00:00,Maharashtra,Western Region,454.67,441.35,8457.2,8252.9,35.0,24.09,57.22,30.6,0.0,44.9,0,None
2023-05-29 08:00:00,Maharashtra,Western Region,499.72,493.83,9253.4,9051.9,53.69,24.26,47.9,32.2,0.0,38.7,0,None
2023-05-29 09:00:00,Maharashtra,Western Region,574.51,565.82,10602.6,10382.7,82.38,22.24,46.77,33.3,0.0,52.5,0,None
2023-05-29 10:00:00,Maharashtra,Western Region,726.72,711.33,13437.2,13213.2,104.81,14.22,46.79,37.7,0.0,25.4,0,None
2023-05-29 11:00:00,Maharashtra,Western Region,739.78,722.21,13686.6,13566.7,115.36,14.01,49.04,39.3,0.0,38.5,0,None
2023-05-29 12:00:00,Maharashtra,Western Region,742.39,733.94,13679.9,13181.4,118.48,10.33,41.38,38.5,0.0,42.3,0,None
2023-05-29 13:00:00,Maharashtra,Western Region,690.91,671.43,12801.1,12416.9,119.86,15.36,44.45,38.4,0.0,38.2,0,None
2023-05-29 14:00:00,Maharashtra,Western Region,613.02,600.94,11355.5,11103.0,94.02,20.11,36.75,37.3,0.0,41.4,0,None
2023-05-29 15:00:00,Maharashtra,Western Region,549.74,534.27,10259.2,9856.0,83.03,27.96,37.99,36.3,0.0,33.3,0,None
2023-05-29 16:00:00,Maharashtra,Western Region,535.84,523.82,9952.2,9592.7,60.92,28.85,55.77,37.8,0.2,33.8,0,None
2023-05-29 17:00:00,Maharashtra,Western Region,516.47,515.77,9504.0,9317.2,26.33,48.73,51.31,35.8,0.0,33.9,0,None
2023-05-29 18:00:00,Maharashtra,Western Region,451.28,439.78,8313.3,8108.7,1.21,39.83,57.92,35.0,0.0,45.2,0,None
2023-05-29 19:00:00,Maharashtra,Western Region,463.79,457.67,8611.9,8574.2,0.0,44.52,53.02,33.9,0.0,43.2,0,None
2023-05-29 20:00:00,Maharashtra,Western Region,497.49,483.86,9169.6,8926.6,0.0,44.32,48.01,33.9,0.0,49.8,0,None
2023-05-29 21:00:00,Maharashtra,Western Region,455.18,443.93,8370.7,8339.4,0.0,33.03,55.37,32.0,0.0,51.0,0,None
2023-05-29 22:00:00,Maharashtra,Western Region,421.0,420.07,7906.8,7663.4,0.0,34.52,54.41,30.8,0.0,41.8,0,None
2023-05-29 23:00:00,Maharashtra,Western Region,354.32,346.29,6534.0,6338.3,0.0,57.8,50.84,28.8,0.0,39.5,0,None
2023-05-30 00:00:00,Maharashtra,Western Region,339.99,335.65,6291.0,6170.6,0.0,50.7,58.79,28.9,0.0,25.6,0,None
2023-05-30 01:00:00,Maharashtra,Western Region,329.53,325.46,6053.6,5864.1,0.0,51.27,47.33,31.2,0.0,28.7,0,None
2023-05-30 02:00:00,Maharashtra,Western Region,298.17,292.13,5536.7,5534.0,0.0,36.08,34.82,31.0,0.0,44.7,0,None
2023-05-30 03:00:00,Maharashtra,Western Region,275.74,275.27,5057.9,4954.7,0.0,43.59,55.31,29.8,0.0,47.8,0,None
2023-05-30 04:00:00,Maharashtra,Western Region,270.32,262.62,5052.1,4935.1,0.0,45.68,43.28,31.6,0.0,54.1,0,None
2023-05-30 05:00:00,Maharashtra,Western Region,309.62,304.25,5840.8,5642.5,0.0,43.35,60.15,30.8,0.0,49.5,0,None
2023-05-30 06:00:00,Maharashtra,Western Region,405.14,397.52,7465.2,7441.5,0.0,56.77,52.72,33.1,0.0,41.8,0,None
2023-05-30 07:00:00,Maharashtra,Western Region,429.34,420.85,7942.9,7910.1,21.16,40.6,44.13,31.1,0.0,42.3,0,None
2023-05-30 08:00:00,Maharashtra,Western Region,521.14,513.11,9616.3,9267.6,65.09,21.11,56.83,33.3,0.0,44.0,0,None
2023-05-30 09:00:00,Maharashtra,Western Region,588.3,578.78,10855.1,10551.2,70.42,21.64,56.44,35.1,0.0,56.9,0,None
2023-05-30 10:00:00,Maharashtra,Western Region,675.79,656.22,12586.0,12494.8,101.45,36.51,37.51,35.1,0.0,49.3,0,None
2023-05-30 11:00:00,Maharashtra,Western Region,708.41,689.37,13109.1,12744.6,118.19,32.14,54.45,36.6,0.0,37.7,0,None
2023-05-30 12:00:00,Maharashtra,Western Region,630.22,615.43,11616.7,11268.9,118.5,29.65,45.77,35.4,0.0,48.0,0,None
2023-05-30 13:00:00,Maharashtra,Western Region,694.04,691.86,12782.9,12621.0,113.07,16.51,49.93,38.8,0.0,50.6,0,None
2023-05-30 14:00:00,Maharashtra,Western Region,640.12,629.29,11899.5,11480.1,101.67,21.75,40.85,38.6,0.0,38.0,0,None
2023-05-30 15:00:00,Maharashtra,Western Region,592.23,574.77,10951.0,10685.3,84.2,31.05,51.8,40.1,0.0,34.4,0,None
2023-05-30 16:00:00,Maharashtra,Western Region,512.69,507.65,9466.4,9406.5,57.86,26.79,54.26,36.3,0.0,53.7,0,None
2023-05-30 17:00:00,Maharashtra,Western Region,526.91,517.41,9761.9,9481.6,32.98,23.47,47.13,37.8,0.0,43.8,0,None
2023-05-30 18:00:00,Maharashtra,Western Region,543.54,539.44,10027.8,9720.0,0.0,51.06,50.5,38.7,0.0,39.0,0,None
2023-05-30 19:00:00,Maharashtra,Western Region,551.39,546.04,10146.9,10145.4,0.0,44.22,44.26,37.1,0.0,37.0,0,None
2023-05-30 20:00:00,Maharashtra,Western Region,497.79,492.93,9179.0,9135.2,0.0,26.54,55.14,35.5,0.0,57.2,0,None
2023-05-30 21:00:00,Maharashtra,Western Region,440.72,434.6,8146.6,8098.9,0.0,50.26,61.81,32.8,0.0,37.8,0,None
2023-05-30 22:00:00,Maharashtra,Western Region,419.5,413.08,7822.9,7592.8,0.0,42.47,48.82,31.2,0.0,51.3,0,None
2023-05-30 23:00:00,Maharashtra,Western Region,422.5,420.52,7801.6,7772.0,0.0,48.95,52.62,32.8,0.0,45.5,0,None
2023-05-31 00:00:00,Maharashtra,Western Region,359.99,359.95,6797.7,6617.6,0.0,58.44,58.13,32.4,0.0,48.1,0,None
2023-05-31 01:00:00,Maharashtra,Western Region,317.09,314.45,5873.7,5689.2,0.0,42.19,50.44,29.4,0.0,43.1,0,None
2023-05-31 02:00:00,Maharashtra,Western Region,266.7,266.18,4923.2,4842.4,0.0,49.53,47.47,28.9,0.0,22.0,0,None
2023-05-31 03:00:00,Maharashtra,Western Region,262.6,261.39,4861.3,4753.3,0.0,43.53,57.41,28.0,0.0,51.3,0,None
2023-05-31 04:00:00,Maharashtra,Western Region,282.53,277.01,5154.3,5104.6,0.0,48.04,43.39,31.4,0.4,50.2,0,None
2023-05-31 05:00:00,Maharashtra,Western Region,355.38,348.71,6649.5,6427.7,0.0,39.65,38.0,31.1,0.0,44.0,0,None
2023-05-31 06:00:00,Maharashtra,Western Region,364.89,360.42,6748.0,6595.7,0.0,36.56,51.1,31.1,0.0,49.2,0,None
2023-05-31 07:00:00,Maharashtra,Western Region,479.4,472.63,8746.7,8700.8,32.7,42.25,48.08,31.8,0.0,58.4,0,None
2023-05-31 08:00:00,Maharashtra,Western Region,525.82,516.97,9643.1,9448.8,52.64,20.77,48.72,33.3,0.0,52.0,0,None
2023-05-31 09:00:00,Maharashtra,Western Region,676.49,658.69,12450.6,12030.7,78.14,22.24,56.71,36.7,0.0,47.6,0,None
2023-05-31 10:00:00,Maharashtra,Western Region,678.9,666.32,12524.5,12424.5,89.29,24.27,57.74,35.5,0.0,52.0,0,None
2023-05-31 11:00:00,Maharashtra,Western Region,689.82,685.45,12803.0,12598.5,112.33,20.85,39.57,36.4,0.0,45.8,0,None
2023-05-31 12:00:00,Maharashtra,Western Region,693.33,677.34,12836.1,12471.2,135.05,20.9,38.16,37.4,0.0,59.1,0,None
2023-05-31 13:00:00,Maharashtra,Western Region,646.16,629.02,11957.0,11579.8,114.95,23.33,40.22,38.3,0.0,50.8,0,None
2023-05-31 14:00:00,Maharashtra,Western Region,639.1,622.92,11827.5,11771.3,109.06,19.8,61.83,38.6,0.0,41.0,0,None
2023-05-31 15:00:00,Maharashtra,Western Region,541.54,528.0,10039.1,9826.3,81.86,41.71,45.65,36.2,0.0,45.1,0,None
2023-05-31 16:00:00,Maharashtra,Western Region,541.29,534.99,10052.4,9971.2,56.31,34.05,48.63,35.7,0.0,30.1,0,None
2023-05-31 17:00:00,Maharashtra,Western Region,493.16,492.96,9112.6,9025.7,33.56,28.32,43.49,35.8,0.0,28.8,0,None
2023-05-31 18:00:00,Maharashtra,Western Region,502.92,491.3,9278.8,9125.8,10.85,35.55,60.23,35.0,0.0,58.2,0,None
2023-05-31 19:00:00,Maharashtra,Western Region,487.58,481.93,9042.4,9022.2,0.0,36.91,42.29,35.1,0.0,57.6,0,None
2023-05-31 20:00:00,Maharashtra,Western Region,479.78,476.73,8892.9,8834.7,0.0,36.78,59.27,34.9,0.0,37.5,0,None
2023-05-31 21:00:00,Maharashtra,Western Region,482.24,472.06,8954.3,8614.9,0.0,59.14,47.31,33.2,0.0,37.2,0,None
2023-05-31 22:00:00,Maharashtra,Western Region,368.35,360.46,6845.1,6803.3,0.0,50.95,52.03,28.5,0.0,41.2,0,None
2023-05-31 23:00:00,Maharashtra,Western Region,414.8,408.74,7719.1,7509.3,0.0,58.42,41.99,30.2,0.0,47.0,0,None
2023-06-01 00:00:00,Maharashtra,Western Region,363.38,352.91,6733.9,6609.0,0.0,94.31,47.36,30.9,0.0,85.1,0,None
2023-06-01 01:00:00,Maharashtra,Western Region,307.47,304.27,5641.1,5428.3,0.0,97.16,49.18,27.6,0.3,76.5,0,None
2023-06-01 02:00:00,Maharashtra,Western Region,280.73,279.53,5195.2,5127.5,0.0,82.4,51.86,29.2,0.0,60.1,0,None
2023-06-01 03:00:00,Maharashtra,Western Region,231.53,228.57,4349.9,4184.3,0.0,90.93,44.6,22.5,0.0,83.9,0,None
2023-06-01 04:00:00,Maharashtra,Western Region,281.93,274.71,5191.0,5182.6,0.0,86.98,51.75,30.3,0.0,83.1,0,None
2023-06-01 05:00:00,Maharashtra,Western Region,334.28,331.82,6207.7,6202.5,0.0,96.77,54.07,31.6,0.4,66.7,0,None
2023-06-01 06:00:00,Maharashtra,Western Region,399.97,389.28,7339.4,7325.8,3.35,68.26,44.76,32.3,0.0,67.5,0,None
2023-06-01 07:00:00,Maharashtra,Western Region,424.65,417.5,7805.1,7666.0,6.3,66.94,56.0,31.1,0.4,64.5,0,None
2023-06-01 08:00:00,Maharashtra,Western Region,516.54,515.44,9526.8,9150.1,52.8,70.79,42.24,32.4,0.0,84.5,0,None
2023-06-01 09:00:00,Maharashtra,Western Region,649.7,633.63,12041.8,11655.5,50.92,70.77,47.63,37.2,0.1,68.3,0,None
2023-06-01 10:00:00,Maharashtra,Western Region,714.21,694.75,13206.6,12770.9,109.06,75.02,48.21,37.7,0.0,84.9,0,None
2023-06-01 11:00:00,Maharashtra,Western Region,707.33,692.04,13103.4,13047.9,107.5,76.62,50.76,38.0,0.0,78.4,0,None
2023-06-01 12:00:00,Maharashtra,Western Region,694.96,675.23,12860.5,12737.3,117.3,91.11,57.87,37.2,0.0,70.4,0,None
2023-06-01 13:00:00,Maharashtra,Western Region,657.6,653.4,12180.3,11940.2,53.95,54.18,51.5,37.9,0.9,61.9,0,None
2023-06-01 14:00:00,Maharashtra,Western Region,681.25,675.71,12584.5,12435.7,97.62,64.96,54.45,40.8,0.0,83.2,0,None
2023-06-01 15:00:00,Maharashtra,Western Region,591.64,582.16,10920.4,10685.0,90.3,68.13,59.81,40.0,0.0,69.8,0,None
2023-06-01 16:00:00,Maharashtra,Western Region,577.97,562.13,10651.8,10311.0,74.62,78.16,47.91,38.5,0.0,71.2,0,None
2023-06-01 17:00:00,Maharashtra,Western Region,505.58,498.77,9386.5,9186.8,29.93,70.54,50.55,37.6,0.0,84.4,0,None
2023-06-01 18:00:00,Maharashtra,Western Region,497.74,490.18,9322.3,9195.7,0.0,82.88,43.98,37.1,0.0,67.8,0,None
2023-06-01 19:00:00,Maharashtra,Western Region,493.57,479.93,9207.5,9114.5,0.0,81.29,50.15,34.1,0.0,65.6,0,None
2023-06-01 20:00:00,Maharashtra,Western Region,436.78,425.22,8133.4,8085.6,0.0,93.52,51.03,31.8,0.0,76.1,0,None
2023-06-01 21:00:00,Maharashtra,Western Region,434.71,425.07,8088.6,7870.1,0.0,84.11,53.36,32.2,1.9,78.3,0,None
2023-06-01 22:00:00,Maharashtra,Western Region,447.33,436.57,8315.9,8274.2,0.0,98.32,47.9,33.6,0.0,75.9,0,None
2023-06-01 23:00:00,Maharashtra,Western Region,399.07,391.33,7443.7,7188.6,0.0,83.97,42.45,29.6,0.0,75.8,0,None
2023-06-02 00:00:00,Maharashtra,Western Region,399.38,398.37,7316.1,7260.7,0.0,112.63,48.59,32.8,0.0,83.8,0,None
2023-06-02 01:00:00,Maharashtra,Western Region,314.79,309.79,5844.4,5681.0,0.0,97.9,57.27,31.3,0.0,84.4,0,None
2023-06-02 02:00:00,Maharashtra,Western Region,314.99,312.22,5820.7,5664.1,0.0,79.94,44.33,31.8,0.0,67.1,0,None
2023-06-02 03:00:00,Maharashtra,Western Region,294.5,293.21,5437.4,5309.7,0.0,78.73,49.49,29.8,0.0,63.4,0,None
2023-06-02 04:00:00,Maharashtra,Western Region,303.09,297.61,5634.7,5531.3,0.0,87.45,51.94,31.2,0.0,84.4,0,None
2023-06-02 05:00:00,Maharashtra,Western Region,302.98,301.82,5560.6,5466.7,0.0,81.2,45.04,28.2,1.2,77.1,0,None
2023-06-02 06:00:00,Maharashtra,Western Region,344.89,339.87,6404.8,6269.6,0.2,66.39,59.64,30.2,0.5,61.6,0,None
2023-06-02 07:00:00,Maharashtra,Western Region,442.24,437.42,8087.1,8048.0,29.63,76.61,61.38,32.0,0.0,72.3,0,None
2023-06-02 08:00:00,Maharashtra,Western Region,498.36,488.02,9262.5,9054.6,25.01,76.03,61.44,31.4,0.3,79.3,0,None
2023-06-02 09:00:00,Maharashtra,Western Region,676.21,663.62,12569.2,12241.7,88.04,74.4,54.8,38.0,0.0,78.1,0,None
2023-06-02 10:00:00,Maharashtra,Western Region,651.22,646.1,11979.7,11536.1,111.01,55.72,71.61,35.2,0.0,78.6,0,None
2023-06-02 11:00:00,Maharashtra,Western Region,736.24,733.77,13580.6,13251.1,53.53,61.44,47.29,38.6,4.2,70.0,0,None
2023-06-02 12:00:00,Maharashtra,Western Region,701.94,684.68,12945.4,12920.3,59.88,68.5,55.94,38.7,0.1,64.5,0,None
2023-06-02 13:00:00,Maharashtra,Western Region,656.63,648.8,12077.4,12044.6,59.98,70.27,56.31,37.6,2.8,68.5,0,None
2023-06-02 14:00:00,Maharashtra,Western Region,615.47,604.54,11405.3,10975.4,54.37,63.57,46.88,39.1,0.9,62.2,0,None
2023-06-02 15:00:00,Maharashtra,Western Region,603.85,589.65,11072.7,10955.9,81.18,76.4,45.97,39.6,0.0,75.9,0,None
2023-06-02 16:00:00,Maharashtra,Western Region,546.39,534.4,10119.5,9922.1,60.75,77.0,48.51,37.8,0.0,73.9,0,None
2023-06-02 17:00:00,Maharashtra,Western Region,544.1,530.44,10034.1,9681.7,13.03,90.85,52.88,37.4,0.2,55.5,0,None
2023-06-02 18:00:00,Maharashtra,Western Region,466.1,459.77,8693.0,8668.9,0.0,84.9,48.0,35.8,0.0,84.7,0,None
2023-06-02 19:00:00,Maharashtra,Western Region,458.94,453.77,8482.0,8175.7,0.0,88.74,48.47,34.6,1.3,74.9,0,None
2023-06-02 20:00:00,Maharashtra,Western Region,470.48,463.03,8625.6,8504.3,0.0,97.83,55.52,33.8,0.0,82.4,0,None
2023-06-02 21:00:00,Maharashtra,Western Region,450.68,443.58,8292.4,7991.0,0.0,96.57,56.52,32.7,0.0,71.7,0,None
2023-06-02 22:00:00,Maharashtra,Western Region,387.72,376.54,7181.5,7132.4,0.0,92.0,40.25,28.8,0.0,59.8,0,None
2023-06-02 23:00:00,Maharashtra,Western Region,388.08,388.07,7189.2,7116.6,0.0,91.5,56.33,30.8,0.0,90.7,0,None
2023-06-03 00:00:00,Maharashtra,Western Region,341.41,340.59,6373.5,6188.3,0.0,98.21,53.31,30.1,0.0,84.4,0,None
2023-06-03 01:00:00,Maharashtra,Western Region,304.44,303.46,5635.7,5623.5,0.0,97.54,53.74,28.2,0.0,76.6,0,None
2023-06-03 02:00:00,Maharashtra,Western Region,295.83,292.84,5463.1,5337.4,0.0,80.64,45.88,28.9,0.0,64.8,0,None
2023-06-03 03:00:00,Maharashtra,Western Region,239.47,232.81,4423.7,4319.3,0.0,99.53,49.63,28.6,2.4,77.0,0,None
2023-06-03 04:00:00,Maharashtra,Western Region,327.03,326.37,6096.7,6000.8,0.0,96.92,45.19,34.0,0.0,80.2,0,None
2023-06-03 05:00:00,Maharashtra,Western Region,299.82,294.55,5522.2,5407.8,0.0,86.4,45.65,28.5,2.1,83.7,0,None
2023-06-03 06:00:00,Maharashtra,Western Region,369.4,368.51,6802.2,6532.3,0.0,80.15,42.17,32.8,0.0,98.9,0,None
2023-06-03 07:00:00,Maharashtra,Western Region,459.89,448.85,8539.2,8460.6,12.93,81.74,47.74,33.2,1.9,69.1,0,None
2023-06-03 08:00:00,Maharashtra,Western Region,511.61,497.29,9559.1,9459.5,26.92,70.89,59.58,33.4,0.1,77.3,0,None
2023-06-03 09:00:00,Maharashtra,Western Region,650.75,642.09,12077.1,11780.8,93.53,75.02,49.44,36.7,0.0,54.3,0,None
2023-06-03 10:00:00,Maharashtra,Western Region,736.85,718.13,13684.4,13388.5,110.11,67.25,41.28,39.0,0.0,90.0,0,None
2023-06-03 11:00:00,Maharashtra,Western Region,755.0,739.61,13957.2,13500.5,117.32,69.0,62.05,39.0,0.0,67.3,0,None
2023-06-03 12:00:00,Maharashtra,Western Region,720.69,703.79,13314.2,13224.2,122.93,55.6,39.29,38.1,0.0,66.7,0,None
2023-06-03 13:00:00,Maharashtra,Western Region,634.84,628.98,11679.9,11621.7,59.6,63.62,51.81,37.1,2.2,81.5,0,None
2023-06-03 14:00:00,Maharashtra,Western Region,661.01,646.39,12246.9,12237.8,111.77,72.06,50.56,40.7,0.0,75.6,0,None
2023-06-03 15:00:00,Maharashtra,Western Region,564.62,563.27,10450.4,10243.2,91.19,68.67,42.71,38.2,0.0,76.5,0,None
2023-06-03 16:00:00,Maharashtra,Western Region,500.73,487.66,9305.4,9025.3,58.43,85.09,55.37,37.1,0.0,65.2,0,None
2023-06-03 17:00:00,Maharashtra,Western Region,521.66,520.08,9611.1,9271.3,20.11,84.41,50.97,38.7,0.8,73.6,0,None
2023-06-03 18:00:00,Maharashtra,Western Region,511.36,499.59,9540.6,9251.0,4.41,78.12,56.1,37.1,0.0,74.7,0,None
2023-06-03 19:00:00,Maharashtra,Western Region,452.62,441.7,8347.4,8233.3,0.0,84.66,53.39,33.9,1.0,72.6,0,None
2023-06-03 20:00:00,Maharashtra,Western Region,493.35,488.68,9084.7,8740.7,0.0,85.21,50.8,33.5,0.0,85.9,0,None
2023-06-03 21:00:00,Maharashtra,Western Region,479.64,471.59,8883.9,8820.8,0.0,93.61,48.84,33.8,2.5,63.9,0,None
2023-06-03 22:00:00,Maharashtra,Western Region,420.67,417.94,7814.0,7568.0,0.0,95.81,52.81,31.0,0.0,85.7,0,None
2023-06-03 23:00:00,Maharashtra,Western Region,401.43,391.15,7427.7,7322.0,0.0,92.29,56.67,31.7,0.0,82.0,0,None
2023-06-04 00:00:00,Maharashtra,Western Region,299.92,292.03,5489.3,5488.8,0.0,101.15,59.1,27.6,0.6,77.8,1,None
2023-06-04 01:00:00,Maharashtra,Western Region,258.23,251.08,4819.2,4802.9,0.0,103.81,46.82,29.4,0.0,71.9,1,None
2023-06-04 02:00:00,Maharashtra,Western Region,215.66,215.11,3930.7,3825.3,0.0,91.96,41.02,28.0,0.0,71.6,1,None
2023-06-04 03:00:00,Maharashtra,Western Region,218.1,211.57,4038.0,4027.6,0.0,91.43,49.06,28.0,0.0,73.7,1,None
2023-06-04 04:00:00,Maharashtra,Western Region,286.37,280.92,5333.7,5330.9,0.0,93.62,43.33,31.0,0.0,86.1,1,None
2023-06-04 05:00:00,Maharashtra,Western Region,283.03,276.45,5220.6,5111.2,0.0,81.63,59.38,30.8,0.0,81.6,1,None
2023-06-04 06:00:00,Maharashtra,Western Region,309.39,308.09,5674.2,5672.2,2.3,89.84,48.66,28.9,0.0,80.1,1,None
2023-06-04 07:00:00,Maharashtra,Western Region,420.95,420.3,7790.9,7747.6,35.96,87.87,49.1,33.3,0.0,77.9,1,None
2023-06-04 08:00:00,Maharashtra,Western Region,479.7,473.21,8938.7,8934.6,31.34,60.66,43.13,32.0,0.2,71.0,1,None
2023-06-04 09:00:00,Maharashtra,Western Region,524.94,521.28,9675.4,9491.1,85.65,71.31,59.2,33.7,0.0,71.3,1,None
2023-06-04 10:00:00,Maharashtra,Western Region,584.06,574.72,10832.9,10486.5,103.87,57.19,53.76,35.9,0.0,67.8,1,None
2023-06-04 11:00:00,Maharashtra,Western Region,689.46,672.29,12681.0,12536.4,114.5,57.7,54.1,37.9,0.0,66.4,1,None
2023-06-04 12:00:00,Maharashtra,Western Region,658.78,652.11,12211.1,12034.6,129.56,74.52,55.53,39.4,0.0,78.4,1,None
2023-06-04 13:00:00,Maharashtra,Western Region,631.09,629.45,11796.1,11638.5,115.4,70.44,53.81,39.7,0.0,78.6,1,None
2023-06-04 14:00:00,Maharashtra,Western Region,598.31,582.66,11071.1,10977.9,102.44,71.3,53.57,39.1,0.0,63.9,1,None
2023-06-04 15:00:00,Maharashtra,Western Region,542.17,538.31,10007.9,9824.6,86.0,68.05,50.33,38.4,0.0,88.3,1,None
2023-06-04 16:00:00,Maharashtra,Western Region,550.3,539.05,10112.3,10016.2,42.23,68.39,59.15,40.9,1.7,88.8,1,None
2023-06-04 17:00:00,Maharashtra,Western Region,465.03,458.06,8645.4,8523.1,29.71,68.18,49.9,35.1,0.0,62.4,1,None
2023-06-04 18:00:00,Maharashtra,Western Region,493.34,483.24,9105.3,8814.2,0.0,95.71,50.29,35.8,0.7,64.1,1,None
2023-06-04 19:00:00,Maharashtra,Western Region,455.0,451.05,8391.3,8360.3,0.0,88.41,41.77,34.4,0.0,83.7,1,None
2023-06-04 20:00:00,Maharashtra,Western Region,451.4,447.05,8349.6,8315.5,0.0,80.82,50.64,34.2,0.0,75.1,1,None
2023-06-04 21:00:00,Maharashtra,Western Region,378.66,371.08,6974.6,6941.9,0.0,89.98,46.57,31.4,0.8,67.4,1,None
2023-06-04 22:00:00,Maharashtra,Western Region,377.17,376.38,6921.3,6896.9,0.0,104.9,57.11,31.1,0.0,84.5,1,None
2023-06-04 23:00:00,Maharashtra,Western Region,372.13,370.83,6910.4,6645.0,0.0,106.1,45.18,31.6,0.0,63.6,1,None
2023-06-05 00:00:00,Maharashtra,Western Region,304.78,300.25,5619.4,5413.2,0.0,86.76,49.9,28.6,0.9,94.6,0,None
2023-06-05 01:00:00,Maharashtra,Western Region,313.04,311.21,5751.5,5590.7,0.0,92.63,55.81,29.6,0.0,84.2,0,None
2023-06-05 02:00:00,Maharashtra,Western Region,275.78,274.06,5048.5,5047.9,0.0,82.53,42.52,28.2,0.0,80.9,0,None
2023-06-05 03:00:00,Maharashtra,Western Region,234.49,230.43,4387.2,4254.9,0.0,78.35,52.12,25.3,0.0,67.6,0,None
2023-06-05 04:00:00,Maharashtra,Western Region,253.02,250.19,4786.5,4740.8,0.0,85.55,48.33,27.9,0.0,83.4,0,None
2023-06-05 05:00:00,Maharashtra,Western Region,312.41,305.85,5751.2,5618.9,0.0,83.78,49.67,30.1,0.0,78.2,0,None
2023-06-05 06:00:00,Maharashtra,Western Region,372.92,362.42,6872.3,6859.2,0.0,81.72,45.53,30.1,0.0,54.2,0,None
2023-06-05 07:00:00,Maharashtra,Western Region,516.06,511.27,9543.8,9462.1,38.68,72.71,53.09,35.1,0.0,72.8,0,None
2023-06-05 08:00:00,Maharashtra,Western Region,526.45,525.93,9697.7,9580.7,59.63,61.4,45.09,33.2,0.0,85.7,0,None
2023-06-05 09:00:00,Maharashtra,Western Region,592.32,585.18,10969.0,10723.1,82.3,58.45,57.85,34.7,0.0,93.1,0,None
2023-06-05 10:00:00,Maharashtra,Western Region,643.56,625.18,12030.2,11700.8,52.11,52.19,57.39,36.0,7.6,67.3,0,None
2023-06-05 11:00:00,Maharashtra,Western Region,711.25,698.95,13072.1,12700.2,111.26,73.03,51.51,37.5,0.0,64.3,0,None
2023-06-05 12:00:00,Maharashtra,Western Region,716.51,699.4,13297.3,13262.5,55.79,65.9,55.29,38.0,6.7,68.9,0,None
2023-06-05 13:00:00,Maharashtra,Western Region,661.6,657.07,12249.1,11883.8,107.57,74.73,54.1,37.5,0.0,75.6,0,None
2023-06-05 14:00:00,Maharashtra,Western Region,690.28,684.53,12792.0,12545.3,101.95,71.45,55.29,42.3,0.0,56.9,0,None
2023-06-05 15:00:00,Maharashtra,Western Region,619.2,613.03,11411.9,11298.6,44.39,68.04,49.39,38.3,2.0,68.1,0,None
2023-06-05 16:00:00,Maharashtra,Western Region,568.22,558.08,10432.6,10159.5,62.92,76.66,53.82,39.1,0.0,77.6,0,None
2023-06-05 17:00:00,Maharashtra,Western Region,543.41,536.09,10089.6,9827.9,41.45,78.49,49.76,38.8,0.0,70.6,0,None
2023-06-05 18:00:00,Maharashtra,Western Region,522.36,519.83,9562.3,9500.7,0.0,81.96,63.06,36.6,0.0,74.3,0,None
2023-06-05 19:00:00,Maharashtra,Western Region,472.63,472.46,8718.9,8711.0,0.0,84.79,40.56,33.8,0.0,62.9,0,None
2023-06-05 20:00:00,Maharashtra,Western Region,526.04,515.71,9769.0,9515.9,0.0,85.96,53.0,35.6,0.0,77.4,0,None
2023-06-05 21:00:00,Maharashtra,Western Region,489.05,483.69,9079.8,8934.4,0.0,95.54,61.33,34.6,1.5,73.9,0,None
2023-06-05 22:00:00,Maharashtra,Western Region,396.53,385.12,7360.9,7107.3,0.0,93.97,47.61,30.5,0.0,79.1,0,None
2023-06-05 23:00:00,Maharashtra,Western Region,396.07,396.02,7347.9,7129.5,0.0,93.25,48.08,31.3,0.0,71.5,0,None
2023-06-06 00:00:00,Maharashtra,Western Region,317.84,312.58,5902.9,5787.7,0.0,85.64,57.54,28.9,0.4,90.6,0,None
2023-06-06 01:00:00,Maharashtra,Western Region,280.08,272.82,5171.5,5016.5,0.0,90.36,52.65,27.2,0.0,71.2,0,None
2023-06-06 02:00:00,Maharashtra,Western Region,252.82,246.54,4715.5,4539.6,0.0,89.95,46.16,28.1,0.5,68.8,0,None
2023-06-06 03:00:00,Maharashtra,Western Region,281.2,278.42,5176.1,5166.3,0.0,99.14,60.43,31.0,1.2,75.0,0,None
2023-06-06 04:00:00,Maharashtra,Western Region,259.61,258.49,4814.5,4788.1,0.0,107.84,40.8,28.9,2.2,79.7,0,None
2023-06-06 05:00:00,Maharashtra,Western Region,342.71,337.22,6327.9,6093.9,0.0,82.81,49.36,33.8,0.0,69.4,0,None
2023-06-06 06:00:00,Maharashtra,Western Region,407.48,403.12,7511.1,7328.8,9.1,87.47,45.53,31.5,0.0,66.4,0,None
2023-06-06 07:00:00,Maharashtra,Western Region,420.73,419.33,7804.0,7669.8,11.78,59.83,52.78,30.0,1.1,63.5,0,None
2023-06-06 08:00:00,Maharashtra,Western Region,527.57,522.91,9748.0,9682.8,36.88,83.35,53.44,33.9,0.4,85.1,0,None
2023-06-06 09:00:00,Maharashtra,Western Region,574.64,561.42,10704.3,10651.6,87.15,52.92,52.38,32.0,0.0,98.4,0,None
2023-06-06 10:00:00,Maharashtra,Western Region,694.51,682.31,12840.0,12599.1,108.64,62.81,57.28,36.8,0.0,68.2,0,None
2023-06-06 11:00:00,Maharashtra,Western Region,703.99,696.93,12885.1,12635.9,40.78,61.5,49.56,38.3,0.9,88.2,0,None
2023-06-06 12:00:00,Maharashtra,Western Region,682.98,670.93,12646.3,12218.2,113.18,67.62,59.58,37.8,0.0,84.6,0,None
2023-06-06 13:00:00,Maharashtra,Western Region,681.48,673.05,12642.7,12537.6,115.53,68.05,52.93,40.0,0.0,90.9,0,None
2023-06-06 14:00:00,Maharashtra,Western Region,621.64,608.19,11502.9,11070.0,106.13,61.37,50.84,36.3,0.0,91.4,0,None
2023-06-06 15:00:00,Maharashtra,Western Region,626.62,620.1,11668.6,11332.9,85.52,73.71,49.56,41.0,0.0,75.8,0,None
2023-06-06 16:00:00,Maharashtra,Western Region,544.79,533.36,9978.6,9750.9,31.89,68.59,35.86,37.4,2.0,66.6,0,None
2023-06-06 17:00:00,Maharashtra,Western Region,553.65,548.3,10232.5,10054.9,38.0,83.05,53.52,37.8,0.0,82.3,0,None
2023-06-06 18:00:00,Maharashtra,Western Region,479.46,478.33,8821.8,8494.0,0.0,96.24,45.13,35.0,1.9,72.8,0,None
2023-06-06 19:00:00,Maharashtra,Western Region,548.01,546.13,10128.3,10011.1,0.0,79.45,49.91,37.2,0.0,65.0,0,None
2023-06-06 20:00:00,Maharashtra,Western Region,418.62,413.7,7703.6,7438.4,0.0,82.55,47.98,32.0,0.0,73.2,0,None
2023-06-06 21:00:00,Maharashtra,Western Region,469.64,467.26,8627.1,8494.0,0.0,91.47,47.25,32.3,0.0,62.0,0,None
2023-06-06 22:00:00,Maharashtra,Western Region,409.99,400.14,7566.5,7389.5,0.0,94.98,56.94,31.7,0.0,69.2,0,None
2023-06-06 23:00:00,Maharashtra,Western Region,391.18,379.8,7274.7,7086.9,0.0,92.88,50.21,32.2,0.0,91.4,0,None
2023-06-07 00:00:00,Maharashtra,Western Region,336.77,333.99,6157.9,6147.8,0.0,107.33,45.16,27.4,0.0,66.9,0,None
2023-06-07 01:00:00,Maharashtra,Western Region,264.93,258.12,4936.0,4754.9,0.0,88.49,47.62,27.9,0.0,81.7,0,None
2023-06-07 02:00:00,Maharashtra,Western Region,264.76,262.01,4841.6,4798.6,0.0,84.45,51.56,29.7,0.0,59.4,0,None
2023-06-07 03:00:00,Maharashtra,Western Region,288.68,281.38,5356.8,5147.6,0.0,81.78,59.23,28.1,0.0,72.7,0,None
2023-06-07 04:00:00,Maharashtra,Western Region,256.62,253.87,4857.2,4736.8,0.0,94.57,53.37,27.8,0.0,71.4,0,None
2023-06-07 05:00:00,Maharashtra,Western Region,293.87,285.38,5409.6,5385.9,0.0,79.72,46.87,28.5,0.0,53.5,0,None
2023-06-07 06:00:00,Maharashtra,Western Region,379.7,374.87,7150.7,7031.8,0.57,92.49,45.81,30.4,0.0,79.7,0,None
2023-06-07 07:00:00,Maharashtra,Western Region,470.99,465.69,8716.4,8403.7,30.53,80.97,46.88,33.8,0.0,86.5,0,None
2023-06-07 08:00:00,Maharashtra,Western Region,499.91,487.48,9235.9,9185.2,62.93,74.06,58.01,31.9,0.0,80.0,0,None
2023-06-07 09:00:00,Maharashtra,Western Region,581.08,570.6,10688.2,10502.3,84.39,76.49,52.86,33.2,0.0,80.7,0,None
2023-06-07 10:00:00,Maharashtra,Western Region,647.91,632.2,12019.0,11873.5,104.12,71.13,57.68,35.2,0.0,71.8,0,None
2023-06-07 11:00:00,Maharashtra,Western Region,712.78,707.44,13194.0,12811.8,59.79,61.23,41.27,37.8,0.5,72.0,0,None
2023-06-07 12:00:00,Maharashtra,Western Region,734.8,717.52,13623.3,13584.2,60.69,71.92,41.54,40.8,0.5,81.9,0,None
2023-06-07 13:00:00,Maharashtra,Western Region,668.5,649.83,12389.0,12331.4,53.23,50.5,54.12,38.3,1.5,86.7,0,None
2023-06-07 14:00:00,Maharashtra,Western Region,591.74,574.43,10993.4,10808.0,56.04,67.01,55.05,37.1,0.7,76.1,0,None
2023-06-07 15:00:00,Maharashtra,Western Region,590.74,579.29,10907.6,10734.8,85.07,74.42,48.44,39.1,0.0,86.8,0,None
2023-06-07 16:00:00,Maharashtra,Western Region,523.89,518.57,9644.4,9609.6,59.53,81.51,48.56,35.9,0.0,68.4,0,None
2023-06-07 17:00:00,Maharashtra,Western Region,507.81,497.1,9320.6,9115.6,25.33,70.34,42.96,36.5,0.0,71.8,0,None
2023-06-07 18:00:00,Maharashtra,Western Region,498.05,487.94,9261.8,9152.4,0.0,81.57,52.72,35.4,0.0,88.3,0,None
2023-06-07 19:00:00,Maharashtra,Western Region,444.76,437.15,8228.4,8186.1,0.0,86.0,60.94,33.2,1.9,75.4,0,None
2023-06-07 20:00:00,Maharashtra,Western Region,512.17,499.2,9465.8,9420.5,0.0,79.48,48.35,34.6,0.0,84.1,0,None
2023-06-07 21:00:00,Maharashtra,Western Region,499.5,487.53,9278.4,8979.6,0.0,99.27,52.32,35.1,0.1,79.3,0,None
2023-06-07 22:00:00,Maharashtra,Western Region,422.52,422.49,7805.9,7539.0,0.0,98.18,49.48,32.0,0.0,94.4,0,None
2023-06-07 23:00:00,Maharashtra,Western Region,355.54,345.62,6598.8,6509.9,0.0,99.52,48.15,27.9,0.0,76.1,0,None
2023-06-08 00:00:00,Maharashtra,Western Region,346.75,345.2,6380.8,6142.2,0.0,87.4,43.33,31.2,0.0,83.0,0,None
2023-06-08 01:00:00,Maharashtra,Western Region,329.23,325.8,6139.2,6110.2,0.0,91.15,51.21,31.4,3.2,69.4,0,None
2023-06-08 02:00:00,Maharashtra,Western Region,262.08,256.94,4818.5,4813.0,0.0,89.73,56.97,28.7,0.4,84.6,0,None
2023-06-08 03:00:00,Maharashtra,Western Region,237.42,230.88,4481.7,4405.5,0.0,81.57,46.74,28.6,0.0,79.7,0,None
2023-06-08 04:00:00,Maharashtra,Western Region,254.89,249.76,4777.8,4677.9,0.0,90.48,50.68,29.1,0.0,50.5,0,None
2023-06-08 05:00:00,Maharashtra,Western Region,282.32,279.24,5315.2,5274.0,0.0,86.66,55.87,29.4,0.0,61.1,0,None
2023-06-08 06:00:00,Maharashtra,Western Region,403.18,391.45,7450.2,7308.1,1.46,91.43,47.28,32.9,0.2,84.7,0,None
2023-06-08 07:00:00,Maharashtra,Western Region,446.01,434.41,8194.4,7900.4,34.68,76.74,44.92,30.9,0.0,79.4,0,None
2023-06-08 08:00:00,Maharashtra,Western Region,489.97,486.14,9059.2,8731.4,61.35,83.01,44.5,30.7,0.0,67.9,0,None
2023-06-08 09:00:00,Maharashtra,Western Region,586.36,578.73,10955.3,10767.8,87.14,63.08,56.12,35.0,0.0,96.6,0,None
2023-06-08 10:00:00,Maharashtra,Western Region,656.95,647.78,12157.9,11773.9,116.95,71.85,50.11,35.8,0.0,77.4,0,None
2023-06-08 11:00:00,Maharashtra,Western Region,694.94,675.1,12879.0,12675.9,120.94,66.24,50.7,37.3,0.0,68.5,0,None
2023-06-08 12:00:00,Maharashtra,Western Region,742.46,741.16,13796.4,13534.6,123.62,45.08,46.06,39.6,0.0,73.2,0,None
2023-06-08 13:00:00,Maharashtra,Western Region,678.65,660.86,12539.6,12041.3,123.03,68.03,46.96,39.0,0.0,76.1,0,None
2023-06-08 14:00:00,Maharashtra,Western Region,571.36,561.54,10551.3,10433.9,73.46,57.79,49.47,37.1,0.6,83.8,0,None
2023-06-08 15:00:00,Maharashtra,Western Region,591.95,590.6,10948.4,10881.4,81.12,67.12,59.16,39.6,0.0,58.8,0,None
2023-06-08 16:00:00,Maharashtra,Western Region,579.84,579.24,10749.0,10450.1,60.63,86.52,45.93,40.4,0.0,69.6,0,None
2023-06-08 17:00:00,Maharashtra,Western Region,556.2,543.29,10325.9,10081.2,22.57,75.18,51.33,38.3,0.0,80.9,0,None
2023-06-08 18:00:00,Maharashtra,Western Region,499.6,497.57,9180.7,9151.2,1.78,86.33,57.84,37.4,0.0,65.8,0,None
2023-06-08 19:00:00,Maharashtra,Western Region,533.18,527.36,9775.7,9764.1,0.0,90.48,46.91,38.0,0.0,72.8,0,None
2023-06-08 20:00:00,Maharashtra,Western Region,487.2,487.0,9052.5,8728.9,0.0,78.96,44.81,33.7,0.0,71.1,0,None
2023-06-08 21:00:00,Maharashtra,Western Region,473.72,466.43,8849.7,8827.4,0.0,90.32,54.63,33.7,0.2,81.7,0,None
2023-06-08 22:00:00,Maharashtra,Western Region,382.01,381.34,7049.7,6840.2,0.0,87.02,44.43,29.9,0.0,64.8,0,None
2023-06-08 23:00:00,Maharashtra,Western Region,369.04,366.66,6803.6,6714.3,0.0,97.27,57.01,28.8,0.0,91.7,0,None
2023-06-09 00:00:00,Maharashtra,Western Region,320.5,311.21,5927.4,5846.0,0.0,97.12,53.79,28.7,3.1,74.3,0,None
2023-06-09 01:00:00,Maharashtra,Western Region,288.04,286.35,5318.9,5207.6,0.0,90.07,56.45,28.6,1.1,79.1,0,None
2023-06-09 02:00:00,Maharashtra,Western Region,275.03,267.02,5077.3,4982.1,0.0,94.15,37.88,30.4,0.0,85.6,0,None
2023-06-09 03:00:00,Maharashtra,Western Region,288.16,280.52,5345.6,5181.2,0.0,85.0,55.36,31.3,0.0,83.1,0,None
2023-06-09 04:00:00,Maharashtra,Western Region,317.48,308.82,5869.3,5777.0,0.0,81.55,53.58,31.8,0.0,71.0,0,None
2023-06-09 05:00:00,Maharashtra,Western Region,327.47,322.0,6034.3,5811.6,0.0,86.14,45.53,30.7,0.0,71.6,0,None
2023-06-09 06:00:00,Maharashtra,Western Region,348.01,340.33,6452.5,6229.8,0.65,72.67,60.71,29.2,0.0,72.8,0,None
2023-06-09 07:00:00,Maharashtra,Western Region,442.58,434.33,8234.3,7973.9,23.44,76.19,59.34,33.2,0.0,71.7,0,None
2023-06-09 08:00:00,Maharashtra,Western Region,546.57,530.2,10098.8,9927.3,29.47,71.89,48.73,35.0,0.6,80.1,0,None
2023-06-09 09:00:00,Maharashtra,Western Region,631.26,618.19,11657.2,11450.4,38.31,63.44,51.3,35.7,3.0,85.7,0,None
2023-06-09 10:00:00,Maharashtra,Western Region,673.62,662.73,12459.2,12245.2,48.35,67.87,44.91,36.4,2.2,68.4,0,None
2023-06-09 11:00:00,Maharashtra,Western Region,745.65,727.43,13820.3,13805.0,118.34,77.79,50.82,38.7,0.0,67.3,0,None
2023-06-09 12:00:00,Maharashtra,Western Region,702.74,688.73,12950.7,12452.7,115.83,80.57,52.03,39.2,0.0,76.9,0,None
2023-06-09 13:00:00,Maharashtra,Western Region,661.0,645.76,12227.6,11829.5,123.72,63.67,30.67,37.6,0.0,69.6,0,None
2023-06-09 14:00:00,Maharashtra,Western Region,650.36,636.64,12089.7,11664.8,99.05,70.06,45.18,39.6,0.0,70.2,0,None
2023-06-09 15:00:00,Maharashtra,Western Region,593.02,579.34,11033.3,11015.2,41.99,80.22,46.17,38.2,0.3,97.8,0,None
2023-06-09 16:00:00,Maharashtra,Western Region,539.2,530.75,9893.9,9545.4,36.07,77.58,49.94,36.8,0.3,78.7,0,None
2023-06-09 17:00:00,Maharashtra,Western Region,519.68,504.91,9666.6,9659.8,41.17,83.22,54.35,38.2,0.0,73.7,0,None
2023-06-09 18:00:00,Maharashtra,Western Region,502.12,490.36,9270.4,8935.8,4.08,79.84,60.38,36.0,1.1,86.9,0,None
2023-06-09 19:00:00,Maharashtra,Western Region,481.88,472.53,8891.3,8802.5,0.0,73.36,54.56,34.1,0.0,74.6,0,None
2023-06-09 20:00:00,Maharashtra,Western Region,452.9,440.81,8326.6,8210.4,0.0,84.26,55.0,33.3,0.0,78.8,0,None
2023-06-09 21:00:00,Maharashtra,Western Region,476.55,463.04,8773.5,8773.0,0.0,85.09,55.73,33.9,0.0,67.5,0,None
2023-06-09 22:00:00,Maharashtra,Western Region,448.59,446.3,8242.1,8235.3,0.0,85.3,48.66,32.1,0.0,73.8,0,None
2023-06-09 23:00:00,Maharashtra,Western Region,380.5,372.91,7159.3,7070.2,0.0,79.13,46.45,29.7,0.0,80.2,0,None
2023-06-10 00:00:00,Maharashtra,Western Region,373.05,365.51,6931.6,6849.8,0.0,90.44,59.6,31.0,0.0,61.5,0,None
2023-06-10 01:00:00,Maharashtra,Western Region,299.18,291.52,5486.5,5282.1,0.0,79.47,55.74,31.1,4.2,72.4,0,None
2023-06-10 02:00:00,Maharashtra,Western Region,265.19,258.19,4883.0,4789.3,0.0,93.31,48.54,28.3,0.0,55.5,0,None
2023-06-10 03:00:00,Maharashtra,Western Region,276.99,275.29,5104.7,5103.2,0.0,89.0,42.55,28.8,0.0,70.9,0,None
2023-06-10 04:00:00,Maharashtra,Western Region,328.11,319.06,5961.3,5909.7,0.0,96.91,37.27,33.5,0.0,84.7,0,None
2023-06-10 05:00:00,Maharashtra,Western Region,320.44,317.75,5924.3,5717.2,0.0,83.5,46.43,29.5,1.8,82.3,0,None
2023-06-10 06:00:00,Maharashtra,Western Region,363.73,361.24,6713.4,6451.0,6.51,96.62,58.86,32.4,0.0,73.0,0,None
2023-06-10 07:00:00,Maharashtra,Western Region,410.38,402.91,7587.2,7385.8,20.1,61.11,40.57,30.4,6.4,53.5,0,None
2023-06-10 08:00:00,Maharashtra,Western Region,568.86,561.08,10457.7,10082.3,29.73,71.41,45.23,35.7,1.4,73.9,0,None
2023-06-10 09:00:00,Maharashtra,Western Region,647.18,641.98,11893.0,11755.5,44.59,80.02,41.96,36.3,0.8,83.5,0,None
2023-06-10 10:00:00,Maharashtra,Western Region,635.2,625.06,11695.8,11376.2,98.87,72.79,57.98,33.6,0.0,79.5,0,None
2023-06-10 11:00:00,Maharashtra,Western Region,714.26,695.31,13282.4,13196.5,122.9,68.67,42.35,38.0,0.0,66.1,0,None
2023-06-10 12:00:00,Maharashtra,Western Region,736.4,717.57,13620.1,13420.9,62.26,77.95,52.38,38.3,4.1,67.2,0,None
2023-06-10 13:00:00,Maharashtra,Western Region,741.96,726.56,13593.8,13496.2,69.57,61.1,50.99,41.6,0.4,64.5,0,None
2023-06-10 14:00:00,Maharashtra,Western Region,604.6,596.09,11239.3,11206.2,105.93,68.51,34.56,38.4,0.0,92.2,0,None
2023-06-10 15:00:00,Maharashtra,Western Region,632.61,618.36,11805.6,11546.1,92.52,62.15,59.11,41.2,0.0,79.9,0,None
2023-06-10 16:00:00,Maharashtra,Western Region,556.91,552.92,10268.2,10142.3,60.07,69.3,59.03,38.3,0.0,60.1,0,None
2023-06-10 17:00:00,Maharashtra,Western Region,558.1,547.43,10290.2,10257.2,16.22,73.15,39.02,37.3,0.2,54.1,0,None
2023-06-10 18:00:00,Maharashtra,Western Region,455.28,453.47,8414.3,8185.0,7.25,94.34,51.72,32.4,1.4,73.5,0,None
2023-06-10 19:00:00,Maharashtra,Western Region,477.62,467.46,8811.0,8535.0,0.0,99.88,42.12,34.7,0.0,68.5,0,None
2023-06-10 20:00:00,Maharashtra,Western Region,483.31,483.12,8968.3,8682.0,0.0,86.98,50.15,33.2,0.0,71.9,0,None
2023-06-10 21:00:00,Maharashtra,Western Region,480.55,467.36,8854.8,8610.9,0.0,82.05,51.26,32.8,0.0,85.2,0,None
2023-06-10 22:00:00,Maharashtra,Western Region,412.7,403.55,7587.5,7358.1,0.0,81.44,47.25,31.2,0.0,68.3,0,None
2023-06-10 23:00:00,Maharashtra,Western Region,354.14,346.54,6570.5,6515.8,0.0,99.61,46.75,28.4,0.9,73.8,0,None
2023-06-11 00:00:00,Maharashtra,Western Region,282.86,279.1,5238.6,5184.7,0.0,87.85,47.91,28.7,0.0,91.0,1,None
2023-06-11 01:00:00,Maharashtra,Western Region,262.57,261.23,4777.0,4727.0,0.0,104.57,54.95,28.7,0.0,75.6,1,None
2023-06-11 02:00:00,Maharashtra,Western Region,246.68,246.26,4564.4,4484.3,0.0,78.33,42.14,27.5,0.0,55.0,1,None
2023-06-11 03:00:00,Maharashtra,Western Region,240.09,239.58,4476.0,4333.5,0.0,113.5,47.41,29.7,0.0,67.5,1,None
2023-06-11 04:00:00,Maharashtra,Western Region,251.24,250.6,4670.8,4579.8,0.0,80.94,46.27,28.5,0.0,73.7,1,None
2023-06-11 05:00:00,Maharashtra,Western Region,241.05,239.16,4404.7,4388.2,0.0,86.16,45.47,29.9,0.6,51.8,1,None
2023-06-11 06:00:00,Maharashtra,Western Region,302.68,299.42,5526.3,5370.0,4.11,71.29,55.85,28.9,0.0,60.9,1,None
2023-06-11 07:00:00,Maharashtra,Western Region,428.79,419.25,7956.7,7920.0,10.82,75.61,49.04,34.1,5.1,76.3,1,None
2023-06-11 08:00:00,Maharashtra,Western Region,513.28,510.78,9523.7,9379.1,39.97,61.0,59.5,35.0,1.3,60.6,1,None
2023-06-11 09:00:00,Maharashtra,Western Region,585.67,570.07,10834.6,10551.3,36.99,66.97,39.8,37.0,1.4,66.2,1,None
2023-06-11 10:00:00,Maharashtra,Western Region,642.92,631.13,11902.5,11722.1,52.12,74.82,49.69,38.5,1.2,91.4,1,None
2023-06-11 11:00:00,Maharashtra,Western Region,637.91,619.61,11931.5,11636.8,112.83,57.07,54.85,36.1,0.0,74.0,1,None
2023-06-11 12:00:00,Maharashtra,Western Region,663.42,655.2,12237.4,12227.6,57.8,78.03,43.77,39.5,1.5,83.7,1,None
2023-06-11 13:00:00,Maharashtra,Western Region,634.14,617.52,11725.0,11640.6,116.76,78.26,63.25,39.1,0.0,66.2,1,None
2023-06-11 14:00:00,Maharashtra,Western Region,644.13,630.95,11927.1,11493.2,100.08,73.05,50.56,42.0,0.0,70.8,1,None
2023-06-11 15:00:00,Maharashtra,Western Region,541.03,525.61,9999.4,9927.9,88.88,70.63,52.49,39.7,0.0,80.5,1,None
2023-06-11 16:00:00,Maharashtra,Western Region,468.27,461.09,8651.0,8623.4,27.61,65.41,45.09,36.7,0.1,73.8,1,None
2023-06-11 17:00:00,Maharashtra,Western Region,504.39,502.28,9314.1,9181.2,38.71,69.65,45.45,38.5,0.0,79.8,1,None
2023-06-11 18:00:00,Maharashtra,Western Region,472.19,460.59,8768.6,8534.0,9.59,82.73,49.57,36.5,1.0,80.6,1,None
2023-06-11 19:00:00,Maharashtra,Western Region,449.5,446.65,8394.6,8293.5,0.0,90.78,38.08,35.1,1.3,51.2,1,None
2023-06-11 20:00:00,Maharashtra,Western Region,445.24,437.77,8182.1,8109.6,0.0,83.76,61.63,34.5,0.0,58.4,1,None
2023-06-11 21:00:00,Maharashtra,Western Region,407.63,395.89,7564.1,7411.7,0.0,74.94,45.33,30.1,0.1,66.8,1,None
2023-06-11 22:00:00,Maharashtra,Western Region,393.18,384.63,7246.1,7231.1,0.0,73.5,48.25,31.3,0.0,86.1,1,None
2023-06-11 23:00:00,Maharashtra,Western Region,359.1,354.46,6639.0,6404.3,0.0,95.2,46.46,31.3,0.0,84.8,1,None
2023-06-12 00:00:00,Maharashtra,Western Region,371.89,361.8,6905.8,6863.8,0.0,102.09,46.05,32.4,2.1,73.3,0,None
2023-06-12 01:00:00,Maharashtra,Western Region,275.06,273.54,5113.5,5062.5,0.0,92.72,47.56,27.7,0.0,79.3,0,None
2023-06-12 02:00:00,Maharashtra,Western Region,228.79,222.58,4171.1,4158.8,0.0,69.11,46.28,27.5,0.0,76.6,0,None
2023-06-12 03:00:00,Maharashtra,Western Region,239.42,237.91,4462.3,4311.3,0.0,84.53,54.4,28.5,0.0,83.6,0,None
2023-06-12 04:00:00,Maharashtra,Western Region,244.39,242.14,4611.6,4518.1,0.0,77.76,54.35,27.8,0.2,86.9,0,None
2023-06-12 05:00:00,Maharashtra,Western Region,311.53,303.86,5715.5,5537.6,0.0,94.65,54.53,29.2,0.0,70.6,0,None
2023-06-12 06:00:00,Maharashtra,Western Region,330.29,321.61,6179.6,6096.6,3.86,81.03,47.27,28.8,0.0,77.7,0,None
2023-06-12 07:00:00,Maharashtra,Western Region,476.05,473.3,8819.3,8681.4,16.93,72.88,48.22,34.4,4.7,91.4,0,None
2023-06-12 08:00:00,Maharashtra,Western Region,528.93,517.58,9765.7,9453.6,56.8,71.74,51.43,34.0,0.0,61.0,0,None
2023-06-12 09:00:00,Maharashtra,Western Region,577.89,567.99,10686.0,10341.9,88.82,72.12,48.42,34.0,0.0,82.3,0,None
2023-06-12 10:00:00,Maharashtra,Western Region,655.84,650.69,12007.6,11918.2,106.52,68.51,42.29,36.4,0.0,51.4,0,None
2023-06-12 11:00:00,Maharashtra,Western Region,735.93,723.71,13529.4,13101.6,62.52,42.95,51.09,39.2,0.9,77.1,0,None
2023-06-12 12:00:00,Maharashtra,Western Region,695.04,687.08,12864.2,12702.6,123.81,77.19,44.2,37.5,0.0,89.3,0,None
2023-06-12 13:00:00,Maharashtra,Western Region,644.11,628.63,11988.4,11987.6,117.53,66.07,43.89,35.6,0.0,78.9,0,None
2023-06-12 14:00:00,Maharashtra,Western Region,669.31,665.92,12339.0,11853.8,101.26,64.25,38.43,40.1,0.0,72.3,0,None
2023-06-12 15:00:00,Maharashtra,Western Region,636.42,626.45,11848.4,11826.2,34.85,61.69,53.0,40.2,1.6,78.9,0,None
2023-06-12 16:00:00,Maharashtra,Western Region,564.77,548.21,10348.5,10194.4,53.7,57.3,57.29,38.0,0.0,66.0,0,None
2023-06-12 17:00:00,Maharashtra,Western Region,491.42,486.74,9058.0,8914.1,34.75,69.32,45.07,36.7,0.0,95.0,0,None
2023-06-12 18:00:00,Maharashtra,Western Region,520.2,517.88,9666.8,9319.5,0.0,76.88,37.78,37.0,0.0,72.4,0,None
2023-06-12 19:00:00,Maharashtra,Western Region,493.43,488.0,9197.1,8843.8,0.0,86.54,53.3,35.3,0.2,82.6,0,None
2023-06-12 20:00:00,Maharashtra,Western Region,520.57,520.5,9612.2,9539.0,0.0,86.68,53.04,35.7,0.0,67.1,0,None
2023-06-12 21:00:00,Maharashtra,Western Region,435.36,428.26,8078.7,7845.3,0.0,87.24,51.27,31.0,0.0,69.9,0,None
2023-06-12 22:00:00,Maharashtra,Western Region,392.36,385.63,7297.7,7105.0,0.0,82.58,48.21,30.3,0.0,65.3,0,None
2023-06-12 23:00:00,Maharashtra,Western Region,395.32,384.89,7417.4,7169.8,0.0,107.19,44.25,30.2,0.0,81.5,0,None
2023-06-13 00:00:00,Maharashtra,Western Region,360.7,351.01,6706.4,6623.7,0.0,97.26,56.66,30.1,0.0,85.1,0,None
2023-06-13 01:00:00,Maharashtra,Western Region,285.41,276.93,5279.5,5138.1,0.0,110.72,54.77,27.4,0.0,82.5,0,None
2023-06-13 02:00:00,Maharashtra,Western Region,256.66,255.18,4795.3,4789.0,0.0,95.45,54.64,28.0,0.0,79.2,0,None
2023-06-13 03:00:00,Maharashtra,Western Region,281.93,275.28,5130.6,5100.7,0.0,89.34,59.12,29.3,0.0,59.8,0,None
2023-06-13 04:00:00,Maharashtra,Western Region,307.02,299.46,5681.7,5488.6,0.0,91.87,47.96,30.9,0.1,83.3,0,None
2023-06-13 05:00:00,Maharashtra,Western Region,303.21,302.08,5601.6,5446.0,0.0,87.78,42.46,29.1,0.0,91.6,0,None
2023-06-13 06:00:00,Maharashtra,Western Region,387.73,379.74,7214.6,7189.5,0.0,96.12,48.35,32.5,0.0,82.0,0,None
2023-06-13 07:00:00,Maharashtra,Western Region,478.66,468.75,8881.8,8860.3,29.49,67.67,45.01,32.7,0.0,68.7,0,None
2023-06-13 08:00:00,Maharashtra,Western Region,540.83,539.41,10039.8,9817.8,66.07,74.88,53.9,34.6,0.0,82.9,0,None
2023-06-13 09:00:00,Maharashtra,Western Region,634.61,624.11,11799.0,11495.4,81.95,63.38,56.16,35.9,0.0,70.3,0,None
2023-06-13 10:00:00,Maharashtra,Western Region,702.07,690.03,12910.0,12552.0,110.52,67.09,45.12,37.2,0.0,62.2,0,None
2023-06-13 11:00:00,Maharashtra,Western Region,685.72,668.55,12697.4,12283.1,119.41,59.82,45.27,36.4,0.0,69.3,0,None
2023-06-13 12:00:00,Maharashtra,Western Region,729.03,723.59,13449.8,13158.6,122.76,50.79,52.92,39.7,0.0,83.8,0,None
2023-06-13 13:00:00,Maharashtra,Western Region,617.11,606.93,11447.3,11082.9,120.75,52.95,52.68,36.2,0.0,62.8,0,None
2023-06-13 14:00:00,Maharashtra,Western Region,648.65,647.09,11945.5,11593.9,54.84,63.16,46.43,39.8,4.0,64.9,0,None
2023-06-13 15:00:00,Maharashtra,Western Region,532.6,517.47,9891.3,9734.1,93.05,85.46,55.9,35.4,0.0,85.9,0,None
2023-06-13 16:00:00,Maharashtra,Western Region,549.93,541.31,10193.4,9809.2,24.25,77.19,50.31,39.3,2.1,93.5,0,None
2023-06-13 17:00:00,Maharashtra,Western Region,525.69,521.01,9680.0,9534.5,24.0,78.92,50.89,37.6,0.0,91.9,0,None
2023-06-13 18:00:00,Maharashtra,Western Region,470.64,466.18,8774.8,8693.7,0.0,69.33,45.45,35.6,0.2,95.7,0,None
2023-06-13 19:00:00,Maharashtra,Western Region,504.05,496.59,9282.4,9139.8,0.0,79.62,40.44,36.1,0.0,87.5,0,None
2023-06-13 20:00:00,Maharashtra,Western Region,469.67,467.8,8658.9,8329.2,0.0,77.72,57.1,32.1,0.0,71.7,0,None
2023-06-13 21:00:00,Maharashtra,Western Region,445.5,445.13,8328.0,8056.4,0.0,78.09,51.37,32.6,0.0,83.5,0,None
2023-06-13 22:00:00,Maharashtra,Western Region,439.95,437.54,8126.4,7831.2,0.0,86.27,40.42,34.1,0.0,63.6,0,None
2023-06-13 23:00:00,Maharashtra,Western Region,384.89,384.1,7176.4,7066.5,0.0,92.83,57.51,30.9,1.0,93.5,0,None
2023-06-14 00:00:00,Maharashtra,Western Region,382.48,378.15,7032.0,6966.0,0.0,94.26,55.38,32.5,0.0,56.6,0,None
2023-06-14 01:00:00,Maharashtra,Western Region,304.23,297.47,5549.8,5409.5,0.0,102.03,49.87,29.0,0.0,82.3,0,None
2023-06-14 02:00:00,Maharashtra,Western Region,239.98,238.55,4510.9,4360.6,0.0,86.25,56.12,26.5,0.4,62.4,0,None
2023-06-14 03:00:00,Maharashtra,Western Region,265.05,264.69,4958.3,4872.6,0.0,91.72,49.51,29.9,0.0,66.0,0,None
2023-06-14 04:00:00,Maharashtra,Western Region,289.18,284.48,5302.4,5148.0,0.0,88.05,50.06,30.0,0.0,70.8,0,None
2023-06-14 05:00:00,Maharashtra,Western Region,339.96,333.43,6188.8,6009.9,0.0,85.21,56.09,32.1,0.0,87.3,0,None
2023-06-14 06:00:00,Maharashtra,Western Region,398.63,393.85,7408.5,7368.9,0.0,81.13,58.87,34.5,0.0,81.5,0,None
2023-06-14 07:00:00,Maharashtra,Western Region,417.99,412.47,7721.6,7519.0,14.03,69.97,45.44,32.0,0.3,69.5,0,None
2023-06-14 08:00:00,Maharashtra,Western Region,531.53,527.82,9815.7,9688.5,36.32,61.69,40.26,33.2,0.2,73.8,0,None
2023-06-14 09:00:00,Maharashtra,Western Region,568.65,568.51,10554.5,10539.5,79.74,66.79,51.91,34.6,0.0,81.0,0,None
2023-06-14 10:00:00,Maharashtra,Western Region,653.11,653.0,12060.3,11921.0,107.68,63.39,56.07,35.6,0.0,64.9,0,None
2023-06-14 11:00:00,Maharashtra,Western Region,730.27,715.15,13403.3,13033.3,58.83,71.34,54.58,39.0,1.5,89.7,0,None
2023-06-14 12:00:00,Maharashtra,Western Region,724.61,723.99,13403.8,12956.2,120.26,52.51,44.04,39.0,0.0,70.3,0,None
2023-06-14 13:00:00,Maharashtra,Western Region,654.52,640.18,12174.2,11989.5,118.54,73.1,61.44,37.4,0.0,61.0,0,None
2023-06-14 14:00:00,Maharashtra,Western Region,643.0,632.45,11870.6,11495.9,104.05,72.98,41.2,39.2,0.0,80.0,0,None
2023-06-14 15:00:00,Maharashtra,Western Region,572.08,557.35,10640.8,10261.1,82.85,66.03,41.55,37.9,0.0,66.9,0,None
2023-06-14 16:00:00,Maharashtra,Western Region,572.02,559.59,10621.4,10516.1,55.03,63.11,51.21,40.1,0.0,78.7,0,None
2023-06-14 17:00:00,Maharashtra,Western Region,503.49,490.68,9269.9,9244.0,38.27,78.97,51.49,37.5,0.0,77.6,0,None
2023-06-14 18:00:00,Maharashtra,Western Region,504.6,490.5,9324.7,9121.5,0.35,80.71,50.77,36.4,2.2,74.5,0,None
2023-06-14 19:00:00,Maharashtra,Western Region,518.34,514.78,9612.6,9355.1,0.0,79.63,50.27,36.9,0.0,65.6,0,None
2023-06-14 20:00:00,Maharashtra,Western Region,530.05,514.62,9851.5,9659.4,0.0,82.66,47.48,35.5,0.0,70.4,0,None
2023-06-14 21:00:00,Maharashtra,Western Region,432.88,424.17,8131.9,7871.7,0.0,85.56,49.88,31.3,0.0,56.8,0,None
2023-06-14 22:00:00,Maharashtra,Western Region,450.95,445.3,8339.0,8144.5,0.0,105.03,56.71,31.9,0.0,73.7,0,None
2023-06-14 23:00:00,Maharashtra,Western Region,419.64,410.91,7722.6,7435.8,0.0,101.49,54.8,31.1,0.0,75.8,0,None
2023-06-15 00:00:00,Maharashtra,Western Region,339.54,338.25,6169.7,6122.9,0.0,86.03,45.58,27.3,0.0,80.4,0,None
2023-06-15 01:00:00,Maharashtra,Western Region,332.83,332.19,6205.4,6061.9,0.0,91.23,49.69,31.6,0.0,80.7,0,None
2023-06-15 02:00:00,Maharashtra,Western Region,313.51,306.85,5777.4,5736.5,0.0,97.59,45.72,31.3,0.0,74.3,0,None
2023-06-15 03:00:00,Maharashtra,Western Region,292.79,287.42,5457.3,5378.6,0.0,108.28,49.53,29.7,2.3,81.9,0,None
2023-06-15 04:00:00,Maharashtra,Western Region,248.9,248.65,4607.3,4516.4,0.0,82.65,46.12,28.5,0.0,81.1,0,None
2023-06-15 05:00:00,Maharashtra,Western Region,284.08,279.78,5215.4,5206.3,0.0,92.04,55.07,29.1,0.0,58.8,0,None
2023-06-15 06:00:00,Maharashtra,Western Region,376.24,366.55,6924.8,6878.4,6.04,81.8,47.35,30.6,0.0,95.5,0,None
2023-06-15 07:00:00,Maharashtra,Western Region,440.88,436.48,8065.3,7772.4,30.68,67.86,43.34,31.2,0.0,90.6,0,None
2023-06-15 08:00:00,Maharashtra,Western Region,537.78,531.03,9926.8,9716.0,52.46,74.55,51.98,33.4,0.0,78.0,0,None
2023-06-15 09:00:00,Maharashtra,Western Region,612.82,611.89,11342.8,11256.2,43.32,59.16,54.3,35.1,1.1,75.2,0,None
2023-06-15 10:00:00,Maharashtra,Western Region,716.94,711.99,13275.4,13022.5,99.95,56.25,51.03,37.1,0.0,78.9,0,None
2023-06-15 11:00:00,Maharashtra,Western Region,700.09,685.47,12982.7,12632.0,109.29,56.91,49.35,36.4,0.0,83.9,0,None
2023-06-15 12:00:00,Maharashtra,Western Region,701.43,683.18,13042.3,12753.4,60.44,75.98,42.42,37.9,0.4,92.5,0,None
2023-06-15 13:00:00,Maharashtra,Western Region,699.21,691.38,12896.2,12618.2,119.62,72.69,51.58,39.6,0.0,76.0,0,None
2023-06-15 14:00:00,Maharashtra,Western Region,637.88,631.79,11760.7,11753.0,55.69,73.07,49.64,38.6,1.6,76.5,0,None
2023-06-15 15:00:00,Maharashtra,Western Region,610.98,603.45,11351.2,10938.3,48.37,57.11,41.59,40.4,0.2,76.8,0,None
2023-06-15 16:00:00,Maharashtra,Western Region,620.22,620.11,11457.1,11072.7,33.59,73.02,37.95,42.3,1.7,76.6,0,None
2023-06-15 17:00:00,Maharashtra,Western Region,495.85,481.5,9216.0,9086.8,39.67,64.73,55.45,35.7,0.0,78.3,0,None
2023-06-15 18:00:00,Maharashtra,Western Region,551.64,546.12,10230.7,9951.6,0.0,70.3,48.74,38.4,0.0,72.5,0,None
2023-06-15 19:00:00,Maharashtra,Western Region,510.91,497.78,9427.8,9214.7,0.0,84.32,47.8,35.8,0.0,70.8,0,None
2023-06-15 20:00:00,Maharashtra,Western Region,511.1,496.08,9467.0,9338.1,0.0,85.86,58.66,35.3,0.0,64.1,0,None
2023-06-15 21:00:00,Maharashtra,Western Region,436.48,435.38,8119.9,8060.6,0.0,85.68,48.92,31.2,2.6,65.3,0,None
2023-06-15 22:00:00,Maharashtra,Western Region,404.86,394.01,7513.1,7258.7,0.0,95.35,33.99,30.7,1.2,83.0,0,None
2023-06-15 23:00:00,Maharashtra,Western Region,381.21,379.82,7033.9,6930.9,0.0,113.19,46.82,30.4,0.0,57.3,0,None
2023-06-16 00:00:00,Maharashtra,Western Region,345.07,337.99,6259.9,6174.3,0.0,103.19,48.78,28.4,0.0,79.6,0,None
2023-06-16 01:00:00,Maharashtra,Western Region,279.96,279.16,5131.2,5057.1,0.0,103.16,44.66,27.6,0.1,68.0,0,None
2023-06-16 02:00:00,Maharashtra,Western Region,288.1,286.28,5320.7,5135.2,0.0,95.26,55.51,31.6,0.0,99.0,0,None
2023-06-16 03:00:00,Maharashtra,Western Region,269.83,269.4,4992.5,4984.7,0.0,101.35,53.34,29.5,0.0,92.6,0,None
2023-06-16 04:00:00,Maharashtra,Western Region,302.49,299.81,5612.6,5451.1,0.0,88.17,46.9,29.9,0.0,76.4,0,None
2023-06-16 05:00:00,Maharashtra,Western Region,339.8,331.76,6296.5,6108.2,0.0,93.35,53.54,31.2,0.4,68.6,0,None
2023-06-16 06:00:00,Maharashtra,Western Region,388.54,377.38,7173.6,6951.2,0.0,86.66,50.16,33.1,0.0,79.5,0,None
2023-06-16 07:00:00,Maharashtra,Western Region,452.42,441.5,8381.1,8260.9,14.26,76.67,49.0,32.6,2.6,66.1,0,None
2023-06-16 08:00:00,Maharashtra,Western Region,525.8,525.17,9693.5,9344.0,61.63,64.59,50.51,33.6,0.0,55.3,0,None
2023-06-16 09:00:00,Maharashtra,Western Region,597.02,583.2,11067.0,10662.9,84.21,72.75,50.29,33.6,0.0,70.8,0,None
2023-06-16 10:00:00,Maharashtra,Western Region,675.93,656.91,12512.5,12437.1,103.85,59.08,48.49,37.3,0.0,99.5,0,None
2023-06-16 11:00:00,Maharashtra,Western Region,680.25,678.97,12588.9,12178.6,110.87,72.23,49.22,36.8,0.0,77.3,0,None
2023-06-16 12:00:00,Maharashtra,Western Region,702.02,696.36,13048.3,12867.0,118.16,79.87,44.31,38.9,0.0,82.7,0,None
2023-06-16 13:00:00,Maharashtra,Western Region,721.62,716.92,13323.4,12817.9,62.02,67.71,39.83,41.5,0.7,82.3,0,None
2023-06-16 14:00:00,Maharashtra,Western Region,630.29,617.23,11623.1,11430.4,108.53,72.37,52.48,39.9,0.0,77.2,0,None
2023-06-16 15:00:00,Maharashtra,Western Region,565.85,553.92,10508.8,10312.7,86.18,81.18,44.0,37.9,0.0,78.4,0,None
2023-06-16 16:00:00,Maharashtra,Western Region,613.95,604.78,11499.2,11049.6,59.04,74.76,55.35,41.0,0.0,70.2,0,None
2023-06-16 17:00:00,Maharashtra,Western Region,542.59,537.54,10068.2,9967.3,28.91,78.8,55.22,38.2,0.0,88.8,0,None
2023-06-16 18:00:00,Maharashtra,Western Region,486.55,475.6,9025.3,8869.2,2.33,76.47,52.2,37.2,0.0,93.4,0,None
2023-06-16 19:00:00,Maharashtra,Western Region,517.49,508.57,9611.3,9426.2,0.0,83.48,53.63,37.1,0.0,60.5,0,None
2023-06-16 20:00:00,Maharashtra,Western Region,499.48,495.44,9224.4,8905.4,0.0,76.36,44.02,34.2,0.0,68.3,0,None
2023-06-16 21:00:00,Maharashtra,Western Region,501.7,500.57,9200.5,9158.4,0.0,101.52,42.8,33.8,0.0,61.3,0,None
2023-06-16 22:00:00,Maharashtra,Western Region,400.96,392.35,7404.7,7297.4,0.0,83.61,62.55,30.2,1.5,76.2,0,None
2023-06-16 23:00:00,Maharashtra,Western Region,406.41,398.39,7393.9,7269.0,0.0,99.23,51.41,31.2,0.1,73.7,0,None
2023-06-17 00:00:00,Maharashtra,Western Region,344.94,336.53,6326.8,6218.9,0.0,89.73,64.12,29.3,0.0,71.8,0,None
2023-06-17 01:00:00,Maharashtra,Western Region,292.29,286.43,5451.5,5325.3,0.0,102.26,63.4,28.1,0.0,74.5,0,None
2023-06-17 02:00:00,Maharashtra,Western Region,273.43,268.07,5070.7,5037.7,0.0,91.25,57.39,30.5,0.0,68.0,0,None
2023-06-17 03:00:00,Maharashtra,Western Region,268.65,265.15,5030.8,4943.9,0.0,90.35,53.12,29.5,0.0,66.4,0,None
2023-06-17 04:00:00,Maharashtra,Western Region,305.11,300.98,5620.5,5442.6,0.0,91.99,48.31,30.6,1.9,60.5,0,None
2023-06-17 05:00:00,Maharashtra,Western Region,282.91,276.14,5167.3,5053.4,0.0,96.81,50.64,27.7,0.0,74.5,0,None
2023-06-17 06:00:00,Maharashtra,Western Region,364.13,362.19,6840.2,6788.9,0.0,92.18,58.99,28.8,0.0,80.5,0,None
2023-06-17 07:00:00,Maharashtra,Western Region,513.33,500.36,9385.2,9303.7,20.23,75.74,58.0,35.4,0.1,63.9,0,None
2023-06-17 08:00:00,Maharashtra,Western Region,523.04,521.98,9693.8,9669.4,54.41,77.03,49.04,32.4,0.0,76.2,0,None
2023-06-17 09:00:00,Maharashtra,Western Region,608.74,591.34,11205.4,11079.3,75.46,74.9,47.51,34.5,0.0,71.4,0,None
2023-06-17 10:00:00,Maharashtra,Western Region,670.87,655.33,12464.3,12388.8,106.0,67.05,48.63,35.7,0.0,76.5,0,None
2023-06-17 11:00:00,Maharashtra,Western Region,707.18,693.97,13135.9,13036.0,58.92,70.5,54.41,36.6,3.1,63.9,0,None
2023-06-17 12:00:00,Maharashtra,Western Region,738.68,727.01,13617.3,13212.4,115.86,65.07,59.93,39.0,0.0,74.3,0,None
2023-06-17 13:00:00,Maharashtra,Western Region,665.89,657.21,12268.4,11817.2,108.88,63.56,49.86,39.0,0.0,62.6,0,None
2023-06-17 14:00:00,Maharashtra,Western Region,623.34,617.53,11509.4,11230.7,58.21,47.68,57.33,37.9,1.1,67.0,0,None
2023-06-17 15:00:00,Maharashtra,Western Region,562.32,553.08,10459.4,10125.9,80.96,70.89,54.74,37.2,0.0,71.3,0,None
2023-06-17 16:00:00,Maharashtra,Western Region,526.83,518.58,9757.6,9369.1,61.44,65.13,59.2,36.3,0.0,95.5,0,None
2023-06-17 17:00:00,Maharashtra,Western Region,508.47,503.45,9387.0,9043.8,28.73,86.17,50.84,37.0,0.0,67.6,0,None
2023-06-17 18:00:00,Maharashtra,Western Region,515.38,500.71,9618.5,9331.0,0.72,85.09,35.25,38.3,2.3,64.8,0,None
2023-06-17 19:00:00,Maharashtra,Western Region,490.46,482.65,9057.6,8996.9,0.0,73.68,46.81,34.8,0.2,91.6,0,None
2023-06-17 20:00:00,Maharashtra,Western Region,481.44,472.55,8930.0,8845.6,0.0,89.62,48.12,35.1,0.1,64.1,0,None
2023-06-17 21:00:00,Maharashtra,Western Region,449.55,440.99,8356.7,8067.9,0.0,107.26,55.01,33.3,0.0,72.8,0,None
2023-06-17 22:00:00,Maharashtra,Western Region,452.1,440.78,8295.9,8149.5,0.0,101.47,46.83,31.8,1.2,78.6,0,None
2023-06-17 23:00:00,Maharashtra,Western Region,383.72,383.05,7246.6,7135.6,0.0,96.03,62.42,29.2,0.0,69.9,0,None
2023-06-18 00:00:00,Maharashtra,Western Region,310.26,304.75,5781.6,5650.1,0.0,90.61,47.98,29.0,0.0,77.5,1,None
2023-06-18 01:00:00,Maharashtra,Western Region,280.41,275.4,5147.0,5140.4,0.0,96.37,46.8,27.7,0.0,70.9,1,None
2023-06-18 02:00:00,Maharashtra,Western Region,279.75,272.14,5196.1,5126.5,0.0,84.1,51.18,28.7,0.0,75.9,1,None
2023-06-18 03:00:00,Maharashtra,Western Region,249.03,242.69,4516.1,4456.7,0.0,85.95,32.91,30.1,0.0,76.6,1,None
2023-06-18 04:00:00,Maharashtra,Western Region,279.32,279.17,5195.8,5133.7,0.0,82.08,46.25,30.2,0.0,66.5,1,None
2023-06-18 05:00:00,Maharashtra,Western Region,238.5,234.85,4443.2,4311.7,0.0,73.1,52.89,27.4,0.0,88.9,1,None
2023-06-18 06:00:00,Maharashtra,Western Region,350.09,344.28,6584.9,6513.5,0.0,78.96,53.64,32.9,0.0,59.5,1,None
2023-06-18 07:00:00,Maharashtra,Western Region,385.66,377.69,7012.1,6977.8,30.8,70.43,62.01,32.0,0.0,74.8,1,None
2023-06-18 08:00:00,Maharashtra,Western Region,461.8,451.94,8541.4,8222.9,60.65,74.54,48.8,33.0,0.0,100.0,1,None
2023-06-18 09:00:00,Maharashtra,Western Region,587.92,575.05,10853.6,10433.1,80.59,67.17,46.89,35.6,0.0,57.8,1,None
2023-06-18 10:00:00,Maharashtra,Western Region,651.73,637.61,12020.5,11548.9,108.67,61.01,50.81,37.2,0.0,78.3,1,None
2023-06-18 11:00:00,Maharashtra,Western Region,697.67,680.96,12930.3,12629.5,117.11,75.11,44.77,39.3,0.0,70.2,1,None
2023-06-18 12:00:00,Maharashtra,Western Region,671.12,666.59,12348.8,11960.2,120.48,57.77,49.69,40.2,0.0,80.0,1,None
2023-06-18 13:00:00,Maharashtra,Western Region,592.76,581.75,10876.7,10689.9,107.54,69.74,46.86,36.9,0.0,81.1,1,None
2023-06-18 14:00:00,Maharashtra,Western Region,588.85,586.12,10897.2,10753.7,101.19,47.54,54.87,39.8,0.0,56.6,1,None
2023-06-18 15:00:00,Maharashtra,Western Region,568.69,557.8,10548.5,10172.2,79.59,70.91,53.7,39.6,0.0,96.3,1,None
2023-06-18 16:00:00,Maharashtra,Western Region,458.79,448.74,8487.7,8242.8,53.38,74.13,45.95,36.2,0.0,72.0,1,None
2023-06-18 17:00:00,Maharashtra,Western Region,505.29,495.37,9399.8,9352.1,15.22,75.61,43.96,39.7,1.9,73.5,1,None
2023-06-18 18:00:00,Maharashtra,Western Region,461.19,451.0,8499.0,8280.8,9.08,70.54,50.84,37.4,0.0,75.9,1,None
2023-06-18 19:00:00,Maharashtra,Western Region,465.68,460.62,8656.9,8526.8,0.0,80.2,50.63,34.7,0.0,99.8,1,None
2023-06-18 20:00:00,Maharashtra,Western Region,420.89,413.25,7793.3,7584.6,0.0,88.42,48.57,33.1,0.0,73.9,1,None
2023-06-18 21:00:00,Maharashtra,Western Region,444.83,435.98,8282.0,8030.7,0.0,77.28,42.17,34.1,0.0,87.9,1,None
2023-06-18 22:00:00,Maharashtra,Western Region,374.97,370.8,6935.8,6702.4,0.0,88.61,52.25,29.4,0.0,87.2,1,None
2023-06-18 23:00:00,Maharashtra,Western Region,385.84,381.28,7130.5,7074.1,0.0,93.21,62.65,31.1,0.4,67.5,1,None
2023-06-19 00:00:00,Maharashtra,Western Region,369.76,359.94,6813.4,6750.4,0.0,96.88,51.78,33.7,0.8,73.8,0,None
2023-06-19 01:00:00,Maharashtra,Western Region,314.52,312.66,5767.8,5698.2,0.0,96.02,42.87,29.3,0.9,74.2,0,None
2023-06-19 02:00:00,Maharashtra,Western Region,282.61,275.38,5160.7,5033.9,0.0,89.63,42.17,29.1,0.0,79.0,0,None
2023-06-19 03:00:00,Maharashtra,Western Region,287.41,286.7,5312.6,5211.8,0.0,89.66,49.37,30.3,0.0,59.4,0,None
2023-06-19 04:00:00,Maharashtra,Western Region,264.82,262.52,4929.3,4893.6,0.0,78.76,46.74,27.7,0.0,62.1,0,None
2023-06-19 05:00:00,Maharashtra,Western Region,353.39,349.35,6545.6,6351.2,0.0,85.45,51.87,30.4,0.0,63.8,0,None
2023-06-19 06:00:00,Maharashtra,Western Region,382.21,379.06,7079.1,6911.3,1.56,93.97,50.12,32.3,0.0,83.7,0,None
2023-06-19 07:00:00,Maharashtra,Western Region,482.11,472.56,8972.7,8689.5,28.49,77.88,50.48,33.4,0.0,74.5,0,None
2023-06-19 08:00:00,Maharashtra,Western Region,551.58,537.38,10250.1,10046.0,56.54,62.62,53.99,33.8,0.0,84.6,0,None
2023-06-19 09:00:00,Maharashtra,Western Region,578.16,563.26,10622.8,10514.9,83.03,63.67,50.16,34.2,0.0,81.0,0,None
2023-06-19 10:00:00,Maharashtra,Western Region,637.76,637.03,11794.0,11325.9,105.33,72.38,58.49,35.4,0.0,69.3,0,None
2023-06-19 11:00:00,Maharashtra,Western Region,716.43,715.51,13168.4,13096.7,117.75,46.67,57.39,37.6,0.0,94.5,0,None
2023-06-19 12:00:00,Maharashtra,Western Region,704.76,699.83,12979.9,12899.2,65.24,67.37,58.29,37.6,3.6,78.8,0,None
2023-06-19 13:00:00,Maharashtra,Western Region,709.0,701.71,13170.7,12823.5,54.48,75.17,51.19,40.6,0.8,75.3,0,None
2023-06-19 14:00:00,Maharashtra,Western Region,659.18,649.19,12239.1,11766.4,106.22,55.48,53.35,40.2,0.0,58.4,0,None
2023-06-19 15:00:00,Maharashtra,Western Region,538.29,527.1,9974.1,9880.4,87.45,56.48,53.3,36.1,0.0,94.6,0,None
2023-06-19 16:00:00,Maharashtra,Western Region,503.88,500.74,9368.0,9127.6,63.88,75.69,53.95,36.1,0.0,65.9,0,None
2023-06-19 17:00:00,Maharashtra,Western Region,484.32,476.97,9071.3,9006.1,15.37,73.34,48.74,35.2,0.8,67.7,0,None
2023-06-19 18:00:00,Maharashtra,Western Region,493.69,479.05,9191.3,9141.7,0.0,85.76,49.51,34.5,0.0,82.2,0,None
2023-06-19 19:00:00,Maharashtra,Western Region,473.68,464.87,8812.3,8575.2,0.0,85.03,47.72,34.3,0.1,84.6,0,None
2023-06-19 20:00:00,Maharashtra,Western Region,495.78,483.59,9230.0,9113.4,0.0,91.37,57.0,35.0,0.0,74.3,0,None
2023-06-19 21:00:00,Maharashtra,Western Region,445.47,435.15,8182.8,7862.2,0.0,95.36,49.06,31.4,0.4,66.0,0,None
2023-06-19 22:00:00,Maharashtra,Western Region,444.79,437.24,8226.3,7962.8,0.0,105.08,42.92,31.9,0.4,70.2,0,None
2023-06-19 23:00:00,Maharashtra,Western Region,342.17,339.81,6367.6,6364.9,0.0,84.0,46.93,27.0,0.0,92.2,0,None
2023-06-20 00:00:00,Maharashtra,Western Region,320.33,316.58,5901.1,5800.9,0.0,94.57,41.61,28.6,0.0,100.0,0,None
2023-06-20 01:00:00,Maharashtra,Western Region,307.13,303.45,5714.6,5595.8,0.0,105.61,41.41,29.9,2.3,78.5,0,None
2023-06-20 02:00:00,Maharashtra,Western Region,273.27,268.17,5167.9,5029.7,0.0,101.07,43.71,30.0,0.0,84.8,0,None
2023-06-20 03:00:00,Maharashtra,Western Region,270.14,262.05,5013.0,4904.6,0.0,90.25,40.83,29.2,0.0,75.4,0,None
2023-06-20 04:00:00,Maharashtra,Western Region,284.55,281.26,5309.5,5152.8,0.0,86.27,36.41,31.1,0.0,73.5,0,None
2023-06-20 05:00:00,Maharashtra,Western Region,304.68,295.94,5647.4,5602.0,0.0,92.88,41.02,29.8,0.0,74.8,0,None
2023-06-20 06:00:00,Maharashtra,Western Region,399.55,389.63,7470.4,7330.7,0.0,91.02,57.73,32.7,0.0,80.3,0,None
2023-06-20 07:00:00,Maharashtra,Western Region,428.97,426.36,7898.3,7819.1,36.15,72.35,47.68,31.9,0.0,63.4,0,None
2023-06-20 08:00:00,Maharashtra,Western Region,573.89,570.83,10644.2,10556.8,61.97,67.66,45.52,34.4,0.0,70.0,0,None
2023-06-20 09:00:00,Maharashtra,Western Region,665.22,651.55,12303.9,12191.5,86.38,64.43,45.68,38.0,0.0,83.2,0,None
2023-06-20 10:00:00,Maharashtra,Western Region,689.44,676.78,12765.0,12641.8,103.56,58.34,38.83,36.4,0.0,85.7,0,None
2023-06-20 11:00:00,Maharashtra,Western Region,722.74,703.87,13311.8,12899.0,126.0,64.99,58.86,38.9,0.0,78.4,0,None
2023-06-20 12:00:00,Maharashtra,Western Region,702.72,700.32,12920.8,12890.0,66.14,55.44,49.16,38.4,2.0,66.5,0,None
2023-06-20 13:00:00,Maharashtra,Western Region,715.48,697.9,13250.5,12806.9,120.13,59.44,55.76,39.9,0.0,81.9,0,None
2023-06-20 14:00:00,Maharashtra,Western Region,648.87,634.78,11967.0,11838.1,50.19,69.6,55.38,38.4,2.7,70.6,0,None
2023-06-20 15:00:00,Maharashtra,Western Region,570.07,564.51,10560.0,10266.5,37.71,67.98,59.81,37.6,3.6,63.4,0,None
2023-06-20 16:00:00,Maharashtra,Western Region,558.83,543.75,10374.9,10034.3,57.64,70.64,57.61,39.6,0.0,70.3,0,None
2023-06-20 17:00:00,Maharashtra,Western Region,519.28,512.06,9496.6,9319.9,34.2,76.46,47.79,38.0,0.0,86.0,0,None
2023-06-20 18:00:00,Maharashtra,Western Region,492.51,485.36,9176.8,9161.4,13.67,68.77,52.36,37.4,0.0,64.6,0,None
2023-06-20 19:00:00,Maharashtra,Western Region,486.91,485.35,8975.9,8646.7,0.0,83.5,57.77,33.3,2.2,89.9,0,None
2023-06-20 20:00:00,Maharashtra,Western Region,435.5,423.42,8010.9,7856.6,0.0,91.38,58.21,32.1,0.0,82.4,0,None
2023-06-20 21:00:00,Maharashtra,Western Region,452.9,451.87,8442.5,8364.8,0.0,89.67,56.2,30.6,0.0,60.4,0,None
2023-06-20 22:00:00,Maharashtra,Western Region,457.42,447.71,8510.9,8483.9,0.0,80.72,45.21,33.7,0.0,81.3,0,None
2023-06-20 23:00:00,Maharashtra,Western Region,360.32,360.05,6730.2,6677.7,0.0,98.65,44.18,29.0,0.3,80.4,0,None
2023-06-21 00:00:00,Maharashtra,Western Region,327.37,324.08,6106.2,5869.1,0.0,87.22,57.66,28.7,0.8,90.6,0,None
2023-06-21 01:00:00,Maharashtra,Western Region,309.64,304.23,5761.2,5673.8,0.0,96.83,47.38,29.7,1.2,79.1,0,None
2023-06-21 02:00:00,Maharashtra,Western Region,247.47,246.44,4534.2,4410.1,0.0,96.32,46.99,29.3,0.0,72.2,0,None
2023-06-21 03:00:00,Maharashtra,Western Region,268.46,264.48,4929.8,4924.3,0.0,84.89,53.84,30.4,0.0,84.5,0,None
2023-06-21 04:00:00,Maharashtra,Western Region,253.19,252.04,4675.2,4583.2,0.0,86.44,57.28,27.7,0.0,93.1,0,None
2023-06-21 05:00:00,Maharashtra,Western Region,325.44,319.04,5991.9,5924.1,0.0,78.44,41.06,30.0,2.4,85.5,0,None
2023-06-21 06:00:00,Maharashtra,Western Region,354.02,350.28,6600.6,6389.1,0.0,79.98,42.97,30.4,0.0,89.9,0,None
2023-06-21 07:00:00,Maharashtra,Western Region,440.56,433.55,8203.4,7925.9,29.85,88.76,51.31,32.2,0.0,65.7,0,None
2023-06-21 08:00:00,Maharashtra,Western Region,529.46,525.38,9696.7,9501.3,63.16,73.6,45.52,33.1,0.0,72.5,0,None
2023-06-21 09:00:00,Maharashtra,Western Region,622.25,620.98,11444.8,11429.2,53.39,66.73,42.78,35.4,0.6,67.3,0,None
2023-06-21 10:00:00,Maharashtra,Western Region,694.39,688.45,12890.8,12601.4,61.74,52.18,53.97,38.1,0.4,82.6,0,None
2023-06-21 11:00:00,Maharashtra,Western Region,683.0,666.44,12641.8,12302.7,116.17,64.51,52.8,35.4,0.0,85.2,0,None
2023-06-21 12:00:00,Maharashtra,Western Region,678.35,663.8,12546.1,12418.5,120.54,77.47,47.93,35.6,0.0,73.3,0,None
2023-06-21 13:00:00,Maharashtra,Western Region,673.31,658.3,12380.3,12066.4,56.34,58.56,31.6,39.2,0.2,76.4,0,None
2023-06-21 14:00:00,Maharashtra,Western Region,653.32,638.34,12124.5,12083.3,99.46,69.78,51.33,40.7,0.0,77.1,0,None
2023-06-21 15:00:00,Maharashtra,Western Region,591.48,579.88,10869.6,10634.7,88.36,65.63,47.65,39.8,0.0,81.6,0,None
2023-06-21 16:00:00,Maharashtra,Western Region,609.81,592.59,11387.2,11124.4,36.79,71.65,58.79,41.9,1.6,53.6,0,None
2023-06-21 17:00:00,Maharashtra,Western Region,508.32,499.33,9430.4,9191.3,29.61,81.92,53.6,35.9,0.0,75.2,0,None
2023-06-21 18:00:00,Maharashtra,Western Region,497.43,484.39,9181.7,9003.4,7.47,102.24,47.21,36.3,2.5,66.7,0,None
2023-06-21 19:00:00,Maharashtra,Western Region,512.83,500.25,9447.3,9080.1,0.0,80.29,53.68,36.4,2.9,83.7,0,None
2023-06-21 20:00:00,Maharashtra,Western Region,433.38,429.51,7926.1,7631.0,0.0,90.87,57.05,31.0,0.0,71.1,0,None
2023-06-21 21:00:00,Maharashtra,Western Region,477.02,475.04,8834.4,8518.7,0.0,84.33,51.45,34.2,0.0,69.8,0,None
2023-06-21 22:00:00,Maharashtra,Western Region,446.68,435.16,8222.2,8116.4,0.0,96.4,48.53,31.1,0.0,83.2,0,None
2023-06-21 23:00:00,Maharashtra,Western Region,370.42,363.57,6910.9,6814.8,0.0,84.43,49.23,30.7,0.0,71.3,0,None
2023-06-22 00:00:00,Maharashtra,Western Region,343.18,334.09,6396.6,6182.8,0.0,86.78,51.29,30.2,0.0,72.0,0,None
2023-06-22 01:00:00,Maharashtra,Western Region,338.15,332.05,6189.5,5952.2,0.0,91.09,56.93,29.8,0.0,68.4,0,None
2023-06-22 02:00:00,Maharashtra,Western Region,302.19,300.55,5636.8,5583.2,0.0,84.45,42.96,30.2,0.0,88.4,0,None
2023-06-22 03:00:00,Maharashtra,Western Region,262.08,259.99,4740.6,4694.4,0.0,91.36,56.36,28.0,2.2,83.3,0,None
2023-06-22 04:00:00,Maharashtra,Western Region,256.24,254.25,4713.1,4657.9,0.0,76.51,50.28,29.1,0.0,76.2,0,None
2023-06-22 05:00:00,Maharashtra,Western Region,330.62,321.73,6080.6,6047.0,0.0,97.81,42.89,31.2,0.0,87.1,0,None
2023-06-22 06:00:00,Maharashtra,Western Region,429.7,418.46,7967.4,7718.4,0.0,92.26,39.82,36.4,0.0,81.1,0,None
2023-06-22 07:00:00,Maharashtra,Western Region,477.88,463.71,8831.6,8616.4,30.38,72.23,58.29,33.5,0.0,75.0,0,None
2023-06-22 08:00:00,Maharashtra,Western Region,537.3,532.92,9946.9,9941.8,25.96,83.01,51.64,34.3,3.1,58.1,0,None
2023-06-22 09:00:00,Maharashtra,Western Region,614.06,604.62,11315.8,11197.5,79.58,65.23,57.99,33.7,0.0,63.0,0,None
2023-06-22 10:00:00,Maharashtra,Western Region,685.65,677.38,12685.5,12320.0,105.97,68.82,54.85,37.7,0.0,93.3,0,None
2023-06-22 11:00:00,Maharashtra,Western Region,740.81,726.13,13682.3,13661.7,55.28,65.08,50.41,38.7,1.0,61.9,0,None
2023-06-22 12:00:00,Maharashtra,Western Region,691.57,688.83,12809.9,12579.8,59.44,70.96,44.4,37.7,7.3,58.3,0,None
2023-06-22 13:00:00,Maharashtra,Western Region,685.23,684.35,12626.8,12437.2,113.45,64.96,47.73,38.8,0.0,74.9,0,None
2023-06-22 14:00:00,Maharashtra,Western Region,629.11,628.73,11634.6,11405.4,111.82,69.14,52.45,37.7,0.0,91.0,0,None
2023-06-22 15:00:00,Maharashtra,Western Region,579.74,565.64,10723.0,10359.3,81.01,69.46,54.59,38.9,0.0,89.5,0,None
2023-06-22 16:00:00,Maharashtra,Western Region,522.86,512.45,9697.2,9588.9,32.42,61.15,48.73,36.6,3.7,85.6,0,None
2023-06-22 17:00:00,Maharashtra,Western Region,522.17,513.11,9616.6,9343.8,19.92,72.37,51.61,38.8,0.0,97.1,0,None
2023-06-22 18:00:00,Maharashtra,Western Region,481.49,470.5,8889.9,8823.4,1.99,84.42,49.22,34.7,0.0,81.2,0,None
2023-06-22 19:00:00,Maharashtra,Western Region,491.24,486.42,9011.6,8852.8,0.0,88.23,40.01,35.8,0.0,90.5,0,None
2023-06-22 20:00:00,Maharashtra,Western Region,451.53,449.65,8334.0,8312.1,0.0,88.23,48.14,32.2,0.0,82.9,0,None
2023-06-22 21:00:00,Maharashtra,Western Region,443.78,441.65,8185.5,8075.6,0.0,88.56,41.65,32.7,0.0,56.1,0,None
2023-06-22 22:00:00,Maharashtra,Western Region,456.75,453.29,8462.0,8178.1,0.0,77.49,51.71,33.5,0.0,88.1,0,None
2023-06-22 23:00:00,Maharashtra,Western Region,379.44,378.69,7003.6,6992.0,0.0,99.77,52.17,30.0,0.0,98.1,0,None
2023-06-23 00:00:00,Maharashtra,Western Region,326.62,317.27,6041.3,5840.5,0.0,83.85,53.89,29.4,0.0,90.9,0,None
2023-06-23 01:00:00,Maharashtra,Western Region,329.55,320.49,6033.9,6008.3,0.0,92.83,48.85,30.1,0.2,85.0,0,None
2023-06-23 02:00:00,Maharashtra,Western Region,259.41,256.31,4684.3,4517.1,0.0,96.8,44.28,28.9,0.0,60.0,0,None
2023-06-23 03:00:00,Maharashtra,Western Region,274.14,271.24,5085.2,4907.1,0.0,92.38,48.93,30.4,0.0,68.1,0,None
2023-06-23 04:00:00,Maharashtra,Western Region,246.85,240.13,4578.6,4413.9,0.0,80.86,48.35,27.0,0.2,81.5,0,None
2023-06-23 05:00:00,Maharashtra,Western Region,324.79,323.24,5936.6,5911.5,0.0,91.2,42.27,30.9,0.0,92.2,0,None
2023-06-23 06:00:00,Maharashtra,Western Region,373.4,369.17,6914.5,6901.8,2.55,67.68,47.75,30.5,0.0,91.8,0,None
2023-06-23 07:00:00,Maharashtra,Western Region,468.63,467.27,8657.4,8338.2,26.4,75.49,52.61,33.7,0.7,72.6,0,None
2023-06-23 08:00:00,Maharashtra,Western Region,574.24,559.76,10593.4,10260.6,29.94,86.58,51.3,34.3,1.5,90.9,0,None
2023-06-23 09:00:00,Maharashtra,Western Region,600.51,598.52,11152.6,10734.7,84.82,64.41,55.42,34.9,0.0,81.7,0,None
2023-06-23 10:00:00,Maharashtra,Western Region,670.61,669.68,12406.2,11990.1,56.82,60.72,43.17,37.1,2.3,88.8,0,None
2023-06-23 11:00:00,Maharashtra,Western Region,675.44,671.65,12457.7,12003.3,125.41,60.74,52.83,36.4,0.0,87.0,0,None
2023-06-23 12:00:00,Maharashtra,Western Region,692.08,684.59,12821.7,12724.9,60.94,70.33,50.67,37.2,2.1,83.5,0,None
2023-06-23 13:00:00,Maharashtra,Western Region,662.59,648.64,12312.6,12085.2,113.81,67.43,47.8,37.1,0.0,69.1,0,None
2023-06-23 14:00:00,Maharashtra,Western Region,691.7,681.32,12837.9,12511.2,103.29,67.39,56.07,41.9,0.0,71.4,0,None
2023-06-23 15:00:00,Maharashtra,Western Region,580.86,570.7,10699.3,10306.2,82.99,66.34,55.77,37.5,0.0,66.2,0,None
2023-06-23 16:00:00,Maharashtra,Western Region,509.39,495.49,9423.6,9285.5,62.26,67.87,46.04,36.2,0.0,64.0,0,None
2023-06-23 17:00:00,Maharashtra,Western Region,486.53,482.64,8980.3,8698.9,25.78,84.69,54.94,35.8,0.0,80.0,0,None
2023-06-23 18:00:00,Maharashtra,Western Region,487.56,477.11,8986.0,8695.9,0.0,86.38,54.28,35.1,0.0,64.6,0,None
2023-06-23 19:00:00,Maharashtra,Western Region,483.45,473.73,8919.2,8864.8,0.0,77.36,55.94,34.0,0.0,77.3,0,None
2023-06-23 20:00:00,Maharashtra,Western Region,484.86,473.69,8989.3,8972.6,0.0,85.11,46.07,34.0,1.7,69.0,0,None
2023-06-23 21:00:00,Maharashtra,Western Region,448.77,446.24,8284.7,8176.9,0.0,101.05,48.81,31.0,0.0,79.1,0,None
2023-06-23 22:00:00,Maharashtra,Western Region,428.34,427.76,7980.1,7897.0,0.0,90.27,41.55,32.8,6.1,76.1,0,None
2023-06-23 23:00:00,Maharashtra,Western Region,368.62,364.3,6836.4,6665.5,0.0,103.95,42.77,29.2,0.0,83.0,0,None
2023-06-24 00:00:00,Maharashtra,Western Region,337.22,332.87,6220.1,6108.9,0.0,95.3,57.77,30.1,0.0,84.6,0,None
2023-06-24 01:00:00,Maharashtra,Western Region,318.62,317.54,5932.0,5818.2,0.0,96.59,58.11,30.3,0.0,59.1,0,None
2023-06-24 02:00:00,Maharashtra,Western Region,262.28,259.07,4721.6,4687.8,0.0,79.66,53.57,25.9,0.0,83.9,0,None
2023-06-24 03:00:00,Maharashtra,Western Region,305.49,304.44,5565.6,5518.9,0.0,86.79,54.0,31.6,0.0,65.3,0,None
2023-06-24 04:00:00,Maharashtra,Western Region,262.56,258.31,4856.4,4828.0,0.0,90.32,52.27,30.1,0.0,75.5,0,None
2023-06-24 05:00:00,Maharashtra,Western Region,300.93,297.73,5612.3,5410.6,0.0,76.99,49.68,29.8,1.1,84.7,0,None
2023-06-24 06:00:00,Maharashtra,Western Region,392.77,381.2,7211.9,7148.6,0.0,83.83,47.05,32.1,0.0,81.3,0,None
2023-06-24 07:00:00,Maharashtra,Western Region,468.94,465.02,8666.8,8651.5,10.89,67.73,40.38,33.1,8.3,57.2,0,None
2023-06-24 08:00:00,Maharashtra,Western Region,533.96,526.19,9878.7,9498.7,62.0,78.87,53.14,34.5,0.0,80.2,0,None
2023-06-24 09:00:00,Maharashtra,Western Region,630.44,630.43,11641.4,11580.5,83.84,68.63,50.29,35.9,0.0,78.6,0,None
2023-06-24 10:00:00,Maharashtra,Western Region,676.88,663.26,12608.1,12190.3,108.29,77.06,47.63,36.8,0.0,81.2,0,None
2023-06-24 11:00:00,Maharashtra,Western Region,694.2,685.32,12864.1,12399.6,53.32,64.33,55.34,36.1,1.6,72.3,0,None
2023-06-24 12:00:00,Maharashtra,Western Region,729.86,722.11,13438.0,13177.8,51.23,59.86,54.16,38.9,1.3,70.6,0,None
2023-06-24 13:00:00,Maharashtra,Western Region,664.84,660.79,12194.5,12077.7,122.27,72.64,53.08,37.9,0.0,78.0,0,None
2023-06-24 14:00:00,Maharashtra,Western Region,601.53,595.81,11099.1,10975.5,103.41,72.78,54.66,37.1,0.0,63.3,0,None
2023-06-24 15:00:00,Maharashtra,Western Region,614.37,601.03,11357.2,10939.7,83.85,60.14,42.4,38.6,0.0,69.1,0,None
2023-06-24 16:00:00,Maharashtra,Western Region,528.98,516.8,9750.9,9398.8,60.55,75.06,45.1,37.4,0.0,73.9,0,None
2023-06-24 17:00:00,Maharashtra,Western Region,486.12,473.17,8970.8,8920.4,31.86,70.33,38.94,36.0,0.0,68.9,0,None
2023-06-24 18:00:00,Maharashtra,Western Region,458.86,453.55,8459.7,8278.1,0.49,76.38,53.43,34.7,0.0,69.0,0,None
2023-06-24 19:00:00,Maharashtra,Western Region,533.2,528.37,9884.6,9653.7,0.0,89.37,54.49,36.3,0.0,60.4,0,None
2023-06-24 20:00:00,Maharashtra,Western Region,524.23,512.67,9689.8,9686.5,0.0,95.72,43.25,37.6,0.0,77.6,0,None
2023-06-24 21:00:00,Maharashtra,Western Region,422.13,415.29,7871.0,7630.7,0.0,95.19,46.28,30.5,0.0,73.0,0,None
2023-06-24 22:00:00,Maharashtra,Western Region,429.87,419.24,7904.4,7770.4,0.0,101.02,58.45,30.3,0.0,66.0,0,None
2023-06-24 23:00:00,Maharashtra,Western Region,398.97,390.36,7452.3,7230.1,0.0,88.03,45.21,29.2,0.6,75.3,0,None
2023-06-25 00:00:00,Maharashtra,Western Region,305.91,305.05,5562.3,5488.2,0.0,83.92,53.74,30.7,0.0,84.7,1,None
2023-06-25 01:00:00,Maharashtra,Western Region,257.31,256.96,4734.3,4681.1,0.0,92.2,53.4,28.6,0.4,74.1,1,None
2023-06-25 02:00:00,Maharashtra,Western Region,231.83,228.29,4272.5,4226.3,0.0,95.39,47.12,28.8,0.0,92.5,1,None
2023-06-25 03:00:00,Maharashtra,Western Region,256.84,255.46,4808.2,4727.9,0.0,89.2,52.94,29.8,0.2,81.5,1,None
2023-06-25 04:00:00,Maharashtra,Western Region,277.49,271.03,5079.7,4911.0,0.0,99.18,46.1,31.7,1.2,70.3,1,None
2023-06-25 05:00:00,Maharashtra,Western Region,296.86,293.82,5423.8,5316.0,0.0,68.84,54.24,31.8,0.0,66.4,1,None
2023-06-25 06:00:00,Maharashtra,Western Region,306.52,304.72,5674.3,5557.7,0.0,77.06,52.16,29.5,0.0,82.2,1,None
2023-06-25 07:00:00,Maharashtra,Western Region,396.94,396.33,7261.9,7018.6,30.55,68.08,55.99,33.4,0.0,67.3,1,None
2023-06-25 08:00:00,Maharashtra,Western Region,484.51,483.63,8998.5,8927.3,54.38,91.38,59.37,32.2,0.0,68.3,1,None
2023-06-25 09:00:00,Maharashtra,Western Region,569.89,553.81,10437.8,10032.8,79.21,65.1,55.72,36.0,0.0,78.9,1,None
2023-06-25 10:00:00,Maharashtra,Western Region,634.12,623.47,11700.8,11457.4,52.79,72.73,52.35,37.3,0.5,79.7,1,None
2023-06-25 11:00:00,Maharashtra,Western Region,656.65,651.82,12047.0,11876.0,53.57,63.11,46.87,37.4,0.4,63.6,1,None
2023-06-25 12:00:00,Maharashtra,Western Region,573.27,564.99,10528.4,10151.4,111.18,67.94,48.63,34.4,0.0,66.5,1,None
2023-06-25 13:00:00,Maharashtra,Western Region,624.48,621.15,11558.3,11231.9,112.46,70.22,50.54,39.3,0.0,73.4,1,None
2023-06-25 14:00:00,Maharashtra,Western Region,632.97,619.57,11728.1,11495.0,48.26,75.29,51.82,40.4,2.8,78.2,1,None
2023-06-25 15:00:00,Maharashtra,Western Region,548.48,546.88,10213.9,9995.4,88.95,76.71,46.73,38.9,0.0,72.6,1,None
2023-06-25 16:00:00,Maharashtra,Western Region,515.28,504.36,9490.0,9216.2,66.99,79.38,44.22,38.2,0.0,62.0,1,None
2023-06-25 17:00:00,Maharashtra,Western Region,473.58,469.28,8714.6,8564.9,26.44,67.85,43.57,38.3,0.0,79.9,1,None
2023-06-25 18:00:00,Maharashtra,Western Region,420.22,410.05,7782.6,7687.6,0.0,86.89,47.3,35.0,4.6,69.9,1,None
2023-06-25 19:00:00,Maharashtra,Western Region,468.87,464.19,8618.2,8292.9,0.0,82.76,58.31,34.9,0.0,66.0,1,None
2023-06-25 20:00:00,Maharashtra,Western Region,451.89,438.43,8406.3,8357.5,0.0,80.49,53.55,34.5,0.0,65.3,1,None
2023-06-25 21:00:00,Maharashtra,Western Region,484.47,474.18,8978.0,8975.3,0.0,83.54,41.93,34.6,0.0,64.6,1,None
2023-06-25 22:00:00,Maharashtra,Western Region,355.27,345.1,6544.5,6540.4,0.0,101.78,48.82,30.2,0.0,84.4,1,None
2023-06-25 23:00:00,Maharashtra,Western Region,317.09,312.42,5875.5,5731.5,0.0,86.62,45.39,28.6,0.0,68.8,1,None
2023-06-26 00:00:00,Maharashtra,Western Region,306.16,300.63,5587.5,5505.1,0.0,93.32,45.75,26.7,0.0,78.6,0,None
2023-06-26 01:00:00,Maharashtra,Western Region,262.39,261.09,4816.3,4718.6,0.0,93.46,48.59,27.4,1.3,92.9,0,None
2023-06-26 02:00:00,Maharashtra,Western Region,263.08,259.28,4905.6,4811.3,0.0,101.96,44.52,28.7,0.0,73.9,0,None
2023-06-26 03:00:00,Maharashtra,Western Region,297.07,292.8,5489.0,5382.7,0.0,76.68,54.1,30.3,0.2,71.5,0,None
2023-06-26 04:00:00,Maharashtra,Western Region,283.37,278.3,5301.9,5167.1,0.0,81.53,43.39,31.0,0.0,68.3,0,None
2023-06-26 05:00:00,Maharashtra,Western Region,305.86,297.08,5640.7,5418.2,0.0,59.34,46.07,29.8,0.0,65.2,0,None
2023-06-26 06:00:00,Maharashtra,Western Region,320.84,316.69,5916.2,5804.5,6.6,76.27,45.95,27.6,6.9,71.6,0,None
2023-06-26 07:00:00,Maharashtra,Western Region,434.02,427.3,7981.7,7736.2,21.14,80.01,44.48,32.0,2.6,63.7,0,None
2023-06-26 08:00:00,Maharashtra,Western Region,601.32,593.23,11150.0,10802.6,61.56,72.6,47.77,37.0,0.0,55.0,0,None
2023-06-26 09:00:00,Maharashtra,Western Region,602.19,597.54,11143.3,11021.9,90.36,79.06,48.83,34.1,0.0,66.7,0,None
2023-06-26 10:00:00,Maharashtra,Western Region,668.74,652.68,12361.9,11907.8,99.03,73.25,40.68,36.6,0.0,57.6,0,None
2023-06-26 11:00:00,Maharashtra,Western Region,694.52,686.4,12891.1,12837.4,116.07,61.7,48.27,36.7,0.0,71.2,0,None
2023-06-26 12:00:00,Maharashtra,Western Region,740.26,727.87,13642.7,13548.1,121.28,64.43,44.67,39.0,0.0,78.1,0,None
2023-06-26 13:00:00,Maharashtra,Western Region,721.33,704.43,13335.9,12839.6,113.57,70.42,47.21,40.9,0.0,66.8,0,None
2023-06-26 14:00:00,Maharashtra,Western Region,607.47,592.37,11201.7,11179.1,57.61,53.54,55.34,38.8,0.6,66.8,0,None
2023-06-26 15:00:00,Maharashtra,Western Region,618.53,608.36,11364.5,11086.5,91.65,72.74,52.83,41.2,0.0,60.7,0,None
2023-06-26 16:00:00,Maharashtra,Western Region,582.5,570.95,10763.0,10525.5,34.65,66.16,50.09,40.0,0.5,66.9,0,None
2023-06-26 17:00:00,Maharashtra,Western Region,499.08,491.81,9177.2,9029.8,31.99,74.68,54.27,36.5,0.9,70.4,0,None
2023-06-26 18:00:00,Maharashtra,Western Region,543.33,537.19,10014.8,9951.8,4.33,83.15,48.15,38.8,0.0,71.0,0,None
2023-06-26 19:00:00,Maharashtra,Western Region,488.58,476.03,9028.0,8911.3,0.0,79.63,47.88,36.0,2.0,80.0,0,None
2023-06-26 20:00:00,Maharashtra,Western Region,462.39,452.75,8461.7,8139.3,0.0,79.92,53.04,32.6,0.0,78.8,0,None
2023-06-26 21:00:00,Maharashtra,Western Region,429.13,424.77,7885.8,7693.7,0.0,103.03,51.66,30.6,0.5,68.7,0,None
2023-06-26 22:00:00,Maharashtra,Western Region,410.87,407.96,7620.6,7539.5,0.0,83.8,58.36,31.7,0.0,78.2,0,None
2023-06-26 23:00:00,Maharashtra,Western Region,361.37,351.43,6675.0,6540.2,0.0,91.01,45.21,28.6,4.1,64.7,0,None
2023-06-27 00:00:00,Maharashtra,Western Region,342.05,336.41,6276.5,6038.6,0.0,91.48,55.98,29.4,0.0,84.8,0,None
2023-06-27 01:00:00,Maharashtra,Western Region,310.53,309.86,5731.1,5523.6,0.0,89.12,48.93,29.8,0.0,70.1,0,None
2023-06-27 02:00:00,Maharashtra,Western Region,324.84,321.05,6011.4,5962.6,0.0,101.42,51.32,31.9,0.0,90.9,0,None
2023-06-27 03:00:00,Maharashtra,Western Region,247.83,247.17,4557.1,4394.7,0.0,87.36,48.92,29.5,0.0,78.6,0,None
2023-06-27 04:00:00,Maharashtra,Western Region,308.9,305.5,5714.3,5697.9,0.0,77.87,46.02,32.9,0.0,88.4,0,None
2023-06-27 05:00:00,Maharashtra,Western Region,326.25,323.02,6096.8,6003.7,0.0,81.41,53.97,31.7,0.0,83.2,0,None
2023-06-27 06:00:00,Maharashtra,Western Region,380.88,375.19,6963.0,6720.7,0.04,78.72,42.76,30.6,0.0,73.5,0,None
2023-06-27 07:00:00,Maharashtra,Western Region,449.08,440.79,8336.0,8285.5,25.5,80.37,46.14,32.7,0.0,76.9,0,None
2023-06-27 08:00:00,Maharashtra,Western Region,571.14,556.69,10639.3,10363.7,64.03,70.25,48.56,34.5,0.0,64.8,0,None
2023-06-27 09:00:00,Maharashtra,Western Region,622.88,617.77,11490.3,11353.8,88.29,73.23,44.5,35.5,0.0,71.8,0,None
2023-06-27 10:00:00,Maharashtra,Western Region,654.21,645.14,12105.8,11983.7,108.51,58.56,50.33,34.3,0.0,74.7,0,None
2023-06-27 11:00:00,Maharashtra,Western Region,769.96,750.64,14136.6,13894.0,55.67,51.85,52.78,40.5,0.3,95.5,0,None
2023-06-27 12:00:00,Maharashtra,Western Region,758.35,755.41,14052.0,13501.5,124.43,56.4,57.16,40.4,0.0,61.8,0,None
2023-06-27 13:00:00,Maharashtra,Western Region,663.55,660.86,12274.7,12169.4,110.92,65.1,49.65,39.3,0.0,78.0,0,None
2023-06-27 14:00:00,Maharashtra,Western Region,669.83,669.54,12370.7,12269.4,59.32,67.99,48.82,41.1,0.6,79.4,0,None
2023-06-27 15:00:00,Maharashtra,Western Region,534.27,534.08,9829.0,9612.2,96.67,69.2,57.28,37.6,0.0,84.3,0,None
2023-06-27 16:00:00,Maharashtra,Western Region,553.75,553.52,10278.4,9938.6,60.25,58.14,40.33,37.3,0.0,66.4,0,None
2023-06-27 17:00:00,Maharashtra,Western Region,506.22,492.83,9347.9,9291.6,36.84,77.39,50.19,36.0,0.0,70.3,0,None
2023-06-27 18:00:00,Maharashtra,Western Region,505.76,500.78,9322.1,9310.8,0.0,82.78,40.21,36.3,0.0,75.5,0,None
2023-06-27 19:00:00,Maharashtra,Western Region,471.58,467.73,8674.0,8430.0,0.0,92.94,39.19,35.5,0.0,84.1,0,None
2023-06-27 20:00:00,Maharashtra,Western Region,475.55,475.42,8749.0,8593.2,0.0,84.27,43.26,31.7,0.0,61.4,0,None
2023-06-27 21:00:00,Maharashtra,Western Region,475.04,464.1,8772.5,8568.8,0.0,97.49,44.86,32.1,0.0,69.0,0,None
2023-06-27 22:00:00,Maharashtra,Western Region,371.85,366.31,6979.0,6977.9,0.0,95.26,49.34,29.8,0.0,66.9,0,None
2023-06-27 23:00:00,Maharashtra,Western Region,397.87,394.87,7425.9,7192.2,0.0,83.74,49.27,32.4,0.0,84.9,0,None
2023-06-28 00:00:00,Maharashtra,Western Region,320.04,315.24,6014.0,5904.1,0.0,98.77,38.49,28.6,0.1,50.7,0,None
2023-06-28 01:00:00,Maharashtra,Western Region,298.83,291.85,5603.4,5425.8,0.0,95.8,41.41,27.8,0.0,75.3,0,None
2023-06-28 02:00:00,Maharashtra,Western Region,300.15,296.91,5500.1,5413.1,0.0,99.12,45.42,28.9,0.0,70.0,0,None
2023-06-28 03:00:00,Maharashtra,Western Region,255.31,254.71,4660.0,4478.5,0.0,93.39,42.51,29.4,0.0,72.0,0,None
2023-06-28 04:00:00,Maharashtra,Western Region,268.04,260.52,4992.2,4795.5,0.0,82.95,47.64,26.6,0.0,78.9,0,None
2023-06-28 05:00:00,Maharashtra,Western Region,349.02,340.8,6425.6,6252.0,0.0,71.67,41.1,32.8,0.0,81.9,0,None
2023-06-28 06:00:00,Maharashtra,Western Region,408.93,404.55,7535.6,7438.3,0.0,78.7,55.8,32.0,1.3,77.3,0,None
2023-06-28 07:00:00,Maharashtra,Western Region,476.39,463.94,8895.5,8637.8,33.68,86.26,44.3,34.0,0.0,67.9,0,None
2023-06-28 08:00:00,Maharashtra,Western Region,534.75,526.88,9909.2,9895.9,36.33,59.53,55.1,34.2,1.2,59.2,0,None
2023-06-28 09:00:00,Maharashtra,Western Region,606.56,592.21,11210.2,10931.3,88.31,60.65,41.72,34.0,0.0,78.4,0,None
2023-06-28 10:00:00,Maharashtra,Western Region,641.88,635.43,11815.4,11391.8,60.04,66.94,38.23,33.6,0.5,60.4,0,None
2023-06-28 11:00:00,Maharashtra,Western Region,728.69,707.97,13514.3,13352.4,64.96,71.08,57.26,38.7,0.5,76.4,0,None
2023-06-28 12:00:00,Maharashtra,Western Region,669.97,662.6,12425.0,12269.4,61.42,74.74,51.22,37.1,0.6,63.5,0,None
2023-06-28 13:00:00,Maharashtra,Western Region,704.03,696.25,13028.5,12597.6,61.55,74.32,47.21,40.3,1.5,73.2,0,None
2023-06-28 14:00:00,Maharashtra,Western Region,655.07,639.52,12135.9,11923.7,110.51,69.41,47.78,40.5,0.0,73.6,0,None
2023-06-28 15:00:00,Maharashtra,Western Region,593.94,592.58,11012.5,10812.9,90.63,73.43,48.21,39.2,0.0,95.2,0,None
2023-06-28 16:00:00,Maharashtra,Western Region,573.78,567.28,10705.2,10702.2,58.33,72.25,50.91,40.2,0.0,74.0,0,None
2023-06-28 17:00:00,Maharashtra,Western Region,512.8,505.41,9447.1,9229.1,23.17,98.06,56.6,37.0,0.0,78.5,0,None
2023-06-28 18:00:00,Maharashtra,Western Region,528.9,520.67,9732.9,9669.1,8.56,75.04,56.38,38.0,0.0,82.5,0,None
2023-06-28 19:00:00,Maharashtra,Western Region,482.35,472.53,8907.5,8810.8,0.0,79.2,48.15,35.6,0.0,91.5,0,None
2023-06-28 20:00:00,Maharashtra,Western Region,467.29,457.16,8657.1,8599.4,0.0,94.62,37.19,33.6,0.0,66.8,0,None
2023-06-28 21:00:00,Maharashtra,Western Region,441.32,435.06,8149.8,8052.8,0.0,85.75,54.27,32.4,0.0,91.2,0,None
2023-06-28 22:00:00,Maharashtra,Western Region,436.62,430.52,8118.2,8062.8,0.0,96.45,38.07,34.4,0.0,77.7,0,None
2023-06-28 23:00:00,Maharashtra,Western Region,382.32,380.8,7113.2,6854.0,0.0,101.72,53.12,29.1,0.0,75.4,0,None
2023-06-29 00:00:00,Maharashtra,Western Region,356.91,347.73,6600.1,6366.6,0.0,97.11,43.59,30.2,0.0,69.0,0,None
2023-06-29 01:00:00,Maharashtra,Western Region,312.27,311.98,5699.4,5550.9,0.0,89.99,58.43,27.4,0.5,71.3,0,None
2023-06-29 02:00:00,Maharashtra,Western Region,275.46,271.31,5114.4,4942.8,0.0,84.46,53.28,26.8,0.0,74.4,0,None
2023-06-29 03:00:00,Maharashtra,Western Region,285.67,285.14,5266.5,5201.5,0.0,105.13,51.71,30.0,0.0,68.1,0,None
2023-06-29 04:00:00,Maharashtra,Western Region,262.82,257.22,4835.5,4769.9,0.0,86.2,51.78,30.4,0.4,91.7,0,None
2023-06-29 05:00:00,Maharashtra,Western Region,327.99,324.09,5963.3,5795.0,0.0,88.31,42.59,32.1,2.7,76.3,0,None
2023-06-29 06:00:00,Maharashtra,Western Region,405.92,396.93,7504.0,7417.6,0.0,93.3,56.88,33.4,0.6,57.7,0,None
2023-06-29 07:00:00,Maharashtra,Western Region,457.78,454.58,8434.0,8097.9,24.61,78.37,59.02,33.1,0.0,68.9,0,None
2023-06-29 08:00:00,Maharashtra,Western Region,512.12,511.06,9606.4,9440.9,56.0,77.79,54.55,32.1,0.0,85.0,0,None
2023-06-29 09:00:00,Maharashtra,Western Region,658.6,648.39,12177.3,12124.7,42.52,81.1,56.98,36.9,1.6,74.5,0,None
2023-06-29 10:00:00,Maharashtra,Western Region,696.69,681.77,12754.3,12494.9,61.12,65.38,56.33,37.8,0.5,58.7,0,None
2023-06-29 11:00:00,Maharashtra,Western Region,724.63,704.79,13327.7,13081.2,118.43,72.73,52.48,38.7,0.0,72.7,0,None
2023-06-29 12:00:00,Maharashtra,Western Region,712.16,696.56,13186.7,12721.6,115.22,57.51,58.11,37.9,0.0,85.7,0,None
2023-06-29 13:00:00,Maharashtra,Western Region,699.6,691.8,12911.0,12572.4,112.94,81.73,54.82,38.8,0.0,64.0,0,None
2023-06-29 14:00:00,Maharashtra,Western Region,606.87,588.9,11213.6,10956.9,55.22,63.15,58.59,37.5,0.1,80.8,0,None
2023-06-29 15:00:00,Maharashtra,Western Region,588.33,582.99,10845.7,10728.7,81.57,63.39,47.42,40.7,0.0,64.6,0,None
2023-06-29 16:00:00,Maharashtra,Western Region,534.42,531.31,9921.0,9791.6,33.83,68.23,42.58,37.9,1.1,68.4,0,None
2023-06-29 17:00:00,Maharashtra,Western Region,529.82,521.32,9848.2,9707.8,28.99,73.32,61.46,37.7,0.0,59.9,0,None
2023-06-29 18:00:00,Maharashtra,Western Region,543.59,542.57,10142.1,10106.6,0.0,87.84,48.78,38.7,2.0,77.0,0,None
2023-06-29 19:00:00,Maharashtra,Western Region,508.91,499.52,9346.6,9181.4,0.0,84.75,47.9,36.1,0.0,77.3,0,None
2023-06-29 20:00:00,Maharashtra,Western Region,506.17,504.79,9353.7,9115.1,0.0,96.3,45.87,34.0,1.3,82.6,0,None
2023-06-29 21:00:00,Maharashtra,Western Region,452.82,447.74,8359.3,8159.5,0.0,95.51,39.84,32.2,1.5,76.0,0,None
2023-06-29 22:00:00,Maharashtra,Western Region,442.9,431.76,8141.1,7943.3,0.0,108.58,50.37,31.8,0.0,68.5,0,None
2023-06-29 23:00:00,Maharashtra,Western Region,370.2,359.63,6865.1,6784.8,0.0,82.7,60.2,31.2,0.0,75.4,0,None
2023-06-30 00:00:00,Maharashtra,Western Region,376.57,373.18,6982.8,6882.6,0.0,93.61,53.37,29.7,0.0,80.2,0,None
2023-06-30 01:00:00,Maharashtra,Western Region,307.95,303.2,5761.3,5537.2,0.0,81.37,52.25,29.9,1.9,66.3,0,None
2023-06-30 02:00:00,Maharashtra,Western Region,300.68,295.83,5604.4,5575.2,0.0,92.57,46.36,27.3,0.4,71.6,0,None
2023-06-30 03:00:00,Maharashtra,Western Region,248.96,243.38,4624.1,4584.4,0.0,90.57,46.49,29.3,0.0,70.7,0,None
2023-06-30 04:00:00,Maharashtra,Western Region,285.06,279.44,5266.4,5188.2,0.0,81.25,57.48,26.9,0.0,81.6,0,None
2023-06-30 05:00:00,Maharashtra,Western Region,307.04,300.85,5656.0,5568.3,0.0,98.49,61.18,29.2,0.0,64.9,0,None
2023-06-30 06:00:00,Maharashtra,Western Region,386.53,386.51,7206.5,7009.9,7.62,82.5,49.16,33.3,1.6,95.2,0,None
2023-06-30 07:00:00,Maharashtra,Western Region,480.49,466.37,8901.5,8765.0,30.63,87.89,50.38,34.4,0.0,74.2,0,None
2023-06-30 08:00:00,Maharashtra,Western Region,535.59,533.05,9885.6,9724.0,29.6,89.76,45.07,32.9,0.5,90.7,0,None
2023-06-30 09:00:00,Maharashtra,Western Region,609.68,605.16,11333.2,11295.1,89.39,61.66,54.23,33.9,0.0,66.0,0,None
2023-06-30 10:00:00,Maharashtra,Western Region,648.64,639.16,11939.9,11835.2,107.23,80.96,53.84,35.1,0.0,88.3,0,None
2023-06-30 11:00:00,Maharashtra,Western Region,743.03,731.37,13750.8,13731.3,55.22,80.72,48.67,40.3,1.9,85.7,0,None
2023-06-30 12:00:00,Maharashtra,Western Region,712.45,693.14,13153.8,12868.6,116.98,74.95,41.88,37.1,0.0,85.4,0,None
2023-06-30 13:00:00,Maharashtra,Western Region,685.71,683.54,12705.5,12276.1,58.87,76.02,53.24,39.6,0.7,78.9,0,None
2023-06-30 14:00:00,Maharashtra,Western Region,612.46,594.18,11335.5,11205.6,97.5,70.81,46.22,37.8,0.0,84.8,0,None
2023-06-30 15:00:00,Maharashtra,Western Region,542.01,541.12,10076.7,10031.6,81.06,66.15,42.82,36.4,0.0,84.0,0,None
2023-06-30 16:00:00,Maharashtra,Western Region,521.08,515.0,9649.5,9506.5,33.74,70.33,52.23,36.9,1.0,87.0,0,None
2023-06-30 17:00:00,Maharashtra,Western Region,572.51,563.73,10544.0,10380.4,26.74,85.9,49.68,39.6,0.0,72.7,0,None
2023-06-30 18:00:00,Maharashtra,Western Region,486.62,476.53,8958.5,8768.0,0.0,87.13,59.43,35.5,0.0,72.9,0,None
2023-06-30 19:00:00,Maharashtra,Western Region,449.24,448.74,8335.5,8074.6,0.0,89.08,44.68,32.7,2.1,72.7,0,None
2023-06-30 20:00:00,Maharashtra,Western Region,535.92,524.51,10022.3,9650.4,0.0,79.95,44.35,37.3,0.0,77.7,0,None
2023-06-30 21:00:00,Maharashtra,Western Region,440.53,436.89,8108.7,7996.6,0.0,96.19,54.79,33.9,0.4,89.5,0,None
2023-06-30 22:00:00,Maharashtra,Western Region,426.21,415.71,7980.6,7734.8,0.0,99.71,52.24,31.1,1.6,63.0,0,None
2023-06-30 23:00:00,Maharashtra,Western Region,384.48,377.71,7075.5,7049.7,0.0,97.55,54.73,30.8,0.0,80.6,0,None
2023-07-01 00:00:00,Maharashtra,Western Region,335.65,333.83,6327.0,6233.3,0.0,93.3,96.24,28.9,2.2,85.6,0,None
2023-07-01 01:00:00,Maharashtra,Western Region,285.53,279.12,5219.2,5112.1,0.0,89.73,81.38,28.3,0.0,71.7,0,None
2023-07-01 02:00:00,Maharashtra,Western Region,250.27,248.19,4652.6,4596.9,0.0,88.54,86.87,26.7,0.0,79.9,0,None
2023-07-01 03:00:00,Maharashtra,Western Region,276.98,274.22,5146.5,4953.8,0.0,82.12,85.73,31.5,0.0,82.4,0,None
2023-07-01 04:00:00,Maharashtra,Western Region,320.23,316.03,5914.9,5881.2,0.0,74.76,84.32,31.9,1.9,67.9,0,None
2023-07-01 05:00:00,Maharashtra,Western Region,332.37,329.3,6158.6,6064.5,0.0,86.26,87.01,29.1,0.0,67.7,0,None
2023-07-01 06:00:00,Maharashtra,Western Region,352.78,343.59,6484.5,6283.1,0.0,89.02,85.66,29.6,2.5,80.9,0,None
2023-07-01 07:00:00,Maharashtra,Western Region,413.39,405.68,7681.2,7581.9,12.11,79.01,79.36,29.7,0.8,75.3,0,None
2023-07-01 08:00:00,Maharashtra,Western Region,493.79,488.78,9209.6,9030.7,59.88,97.33,92.87,32.0,0.0,78.6,0,None
2023-07-01 09:00:00,Maharashtra,Western Region,605.88,600.13,11293.8,11278.0,99.94,69.39,97.07,34.5,0.0,87.8,0,None
2023-07-01 10:00:00,Maharashtra,Western Region,664.28,656.25,12315.7,11848.6,100.3,68.22,90.5,35.3,0.0,73.1,0,None
2023-07-01 11:00:00,Maharashtra,Western Region,617.06,600.09,11449.9,11243.7,118.92,77.57,94.57,34.0,0.0,84.9,0,None
2023-07-01 12:00:00,Maharashtra,Western Region,719.43,702.29,13240.6,12807.3,120.69,68.62,83.23,39.1,0.0,68.8,0,None
2023-07-01 13:00:00,Maharashtra,Western Region,627.41,625.87,11613.3,11497.2,113.2,67.05,93.85,37.4,0.0,86.0,0,None
2023-07-01 14:00:00,Maharashtra,Western Region,596.78,592.0,11089.3,10731.6,103.86,65.25,83.95,35.2,0.0,61.0,0,None
2023-07-01 15:00:00,Maharashtra,Western Region,597.06,591.35,11073.7,10713.5,95.23,79.72,86.5,39.2,0.0,68.1,0,None
2023-07-01 16:00:00,Maharashtra,Western Region,552.07,542.94,10197.2,10023.0,50.38,59.4,84.72,38.1,0.0,75.5,0,None
2023-07-01 17:00:00,Maharashtra,Western Region,574.77,567.68,10606.8,10493.9,24.05,82.53,80.53,40.9,0.0,88.8,0,None
2023-07-01 18:00:00,Maharashtra,Western Region,493.45,485.13,9112.4,8881.1,0.0,76.39,89.79,36.4,8.5,78.8,0,None
2023-07-01 19:00:00,Maharashtra,Western Region,471.44,462.5,8694.6,8668.2,0.0,102.58,91.81,33.6,0.0,80.2,0,None
2023-07-01 20:00:00,Maharashtra,Western Region,490.6,480.79,8978.1,8868.2,0.0,80.46,93.32,34.5,0.0,83.4,0,None
2023-07-01 21:00:00,Maharashtra,Western Region,485.37,476.54,8938.4,8626.9,0.0,96.82,93.08,33.6,0.0,75.3,0,None
2023-07-01 22:00:00,Maharashtra,Western Region,389.07,387.93,7258.9,7031.8,0.0,97.24,75.02,28.2,0.0,74.6,0,None
2023-07-01 23:00:00,Maharashtra,Western Region,437.03,426.24,8066.5,7755.8,0.0,94.34,91.73,33.0,0.0,85.6,0,None
2023-07-02 00:00:00,Maharashtra,Western Region,267.84,264.4,4914.9,4762.8,0.0,86.93,95.04,27.3,0.0,71.5,1,None
2023-07-02 01:00:00,Maharashtra,Western Region,270.13,269.17,5098.1,4934.3,0.0,104.35,90.72,30.6,0.0,86.6,1,None
2023-07-02 02:00:00,Maharashtra,Western Region,264.16,260.59,4821.8,4818.7,0.0,87.87,89.59,30.4,9.1,55.4,1,None
2023-07-02 03:00:00,Maharashtra,Western Region,242.05,238.99,4582.6,4485.2,0.0,98.72,91.7,31.7,0.2,85.0,1,None
2023-07-02 04:00:00,Maharashtra,Western Region,250.96,248.12,4566.8,4425.4,0.0,97.33,77.56,30.3,0.0,68.6,1,None
2023-07-02 05:00:00,Maharashtra,Western Region,298.33,293.13,5478.9,5390.1,0.0,83.73,97.24,30.7,0.0,91.6,1,None
2023-07-02 06:00:00,Maharashtra,Western Region,352.03,349.37,6564.5,6461.5,9.19,74.42,85.1,31.9,0.0,66.8,1,None
2023-07-02 07:00:00,Maharashtra,Western Region,409.71,401.36,7553.8,7438.9,24.18,91.8,93.5,31.8,0.0,64.2,1,None
2023-07-02 08:00:00,Maharashtra,Western Region,492.19,483.26,9109.4,8868.6,63.01,69.64,95.08,33.5,0.0,67.7,1,None
2023-07-02 09:00:00,Maharashtra,Western Region,545.17,540.43,10000.6,9911.3,82.14,92.81,87.99,34.6,0.0,94.0,1,None
2023-07-02 10:00:00,Maharashtra,Western Region,663.01,651.66,12188.6,11804.5,58.68,71.3,80.67,38.8,2.7,65.8,1,None
2023-07-02 11:00:00,Maharashtra,Western Region,608.54,593.24,11265.8,11244.8,116.73,65.36,90.55,35.9,0.0,72.4,1,None
2023-07-02 12:00:00,Maharashtra,Western Region,677.87,675.12,12555.0,12471.2,64.59,61.98,91.59,39.7,4.3,75.4,1,None
2023-07-02 13:00:00,Maharashtra,Western Region,672.52,658.74,12433.0,12198.7,118.35,56.14,87.88,40.1,0.0,68.6,1,None
2023-07-02 14:00:00,Maharashtra,Western Region,581.93,574.26,10798.6,10390.9,38.59,69.34,80.09,39.3,0.3,75.9,1,None
2023-07-02 15:00:00,Maharashtra,Western Region,553.62,538.18,10307.2,10189.0,90.47,55.61,83.51,37.2,0.0,63.0,1,None
2023-07-02 16:00:00,Maharashtra,Western Region,487.16,478.19,8928.9,8652.5,32.43,64.42,75.12,37.5,0.3,76.1,1,None
2023-07-02 17:00:00,Maharashtra,Western Region,503.79,492.05,9318.2,8981.4,38.58,76.9,79.33,39.3,0.0,59.0,1,None
2023-07-02 18:00:00,Maharashtra,Western Region,464.12,460.04,8611.6,8413.1,1.87,68.02,90.36,36.3,1.6,78.1,1,None
2023-07-02 19:00:00,Maharashtra,Western Region,432.33,424.32,8005.5,7884.7,0.0,81.45,94.47,35.2,1.3,70.5,1,None
2023-07-02 20:00:00,Maharashtra,Western Region,471.09,463.09,8649.2,8384.3,0.0,88.66,96.06,35.5,0.1,84.9,1,None
2023-07-02 21:00:00,Maharashtra,Western Region,396.74,393.12,7314.5,7086.1,0.0,94.74,89.6,31.4,0.0,72.4,1,None
2023-07-02 22:00:00,Maharashtra,Western Region,364.53,360.15,6765.5,6717.4,0.0,90.03,94.84,31.1,0.0,66.8,1,None
2023-07-02 23:00:00,Maharashtra,Western Region,342.65,342.25,6366.6,6219.9,0.0,93.98,91.21,30.0,0.0,74.2,1,None
2023-07-03 00:00:00,Maharashtra,Western Region,336.09,328.31,6197.3,6161.7,0.0,105.77,85.29,29.0,1.9,70.7,0,None
2023-07-03 01:00:00,Maharashtra,Western Region,315.75,314.9,5920.3,5882.9,0.0,84.2,89.4,30.4,0.0,73.8,0,None
2023-07-03 02:00:00,Maharashtra,Western Region,294.95,294.41,5423.9,5332.8,0.0,93.65,84.83,30.1,0.0,87.1,0,None
2023-07-03 03:00:00,Maharashtra,Western Region,266.51,262.37,4954.1,4921.2,0.0,81.32,89.57,30.4,0.0,90.1,0,None
2023-07-03 04:00:00,Maharashtra,Western Region,254.75,254.47,4752.5,4711.6,0.0,85.98,80.46,27.2,0.0,71.0,0,None
2023-07-03 05:00:00,Maharashtra,Western Region,292.9,292.27,5429.2,5305.0,0.0,78.65,93.59,29.1,0.0,92.9,0,None
2023-07-03 06:00:00,Maharashtra,Western Region,393.09,389.32,7285.2,7142.9,0.0,82.58,91.56,31.5,3.5,95.4,0,None
2023-07-03 07:00:00,Maharashtra,Western Region,442.44,432.8,8141.7,8050.8,27.78,71.21,89.35,32.6,0.0,82.3,0,None
2023-07-03 08:00:00,Maharashtra,Western Region,562.06,546.81,10348.9,9999.4,56.6,65.7,88.31,35.6,0.0,69.0,0,None
2023-07-03 09:00:00,Maharashtra,Western Region,614.55,603.99,11395.2,11088.2,36.47,67.83,86.85,34.9,3.2,78.1,0,None
2023-07-03 10:00:00,Maharashtra,Western Region,686.52,684.82,12697.8,12485.6,105.76,66.68,80.78,36.7,0.0,69.9,0,None
2023-07-03 11:00:00,Maharashtra,Western Region,710.43,709.83,13224.0,12868.2,115.54,61.35,88.32,37.9,0.0,62.2,0,None
2023-07-03 12:00:00,Maharashtra,Western Region,729.77,718.86,13478.7,13282.5,120.07,70.97,107.11,38.5,0.0,72.9,0,None
2023-07-03 13:00:00,Maharashtra,Western Region,675.83,657.64,12563.0,12155.8,104.98,63.39,94.37,39.3,0.0,72.3,0,None
2023-07-03 14:00:00,Maharashtra,Western Region,642.39,629.16,11916.8,11558.8,104.79,67.71,87.46,39.6,0.0,82.4,0,None
2023-07-03 15:00:00,Maharashtra,Western Region,557.98,553.79,10405.0,10015.7,79.07,82.9,86.93,36.4,0.0,75.3,0,None
2023-07-03 16:00:00,Maharashtra,Western Region,607.49,594.73,11173.8,10847.2,71.99,57.68,81.32,40.3,0.0,73.8,0,None
2023-07-03 17:00:00,Maharashtra,Western Region,567.35,557.44,10516.0,10287.5,32.56,79.53,90.53,41.4,0.0,74.4,0,None
2023-07-03 18:00:00,Maharashtra,Western Region,494.16,488.16,9162.6,8852.7,0.0,80.35,90.64,36.3,7.2,72.7,0,None
2023-07-03 19:00:00,Maharashtra,Western Region,448.22,446.69,8271.2,7957.9,0.0,96.64,97.73,33.0,0.0,63.1,0,None
2023-07-03 20:00:00,Maharashtra,Western Region,461.09,458.48,8527.1,8337.5,0.0,96.07,93.46,32.9,0.0,79.3,0,None
2023-07-03 21:00:00,Maharashtra,Western Region,508.67,505.6,9437.8,9276.1,0.0,99.07,97.35,33.4,0.0,80.4,0,None
2023-07-03 22:00:00,Maharashtra,Western Region,475.21,474.82,8835.8,8496.5,0.0,91.38,83.89,34.5,0.2,68.9,0,None
2023-07-03 23:00:00,Maharashtra,Western Region,387.79,383.42,7142.9,6932.9,0.0,90.86,86.79,29.0,2.6,86.3,0,None
2023-07-04 00:00:00,Maharashtra,Western Region,369.81,366.47,6872.4,6621.5,0.0,109.36,98.38,29.5,0.0,87.0,0,None
2023-07-04 01:00:00,Maharashtra,Western Region,307.96,301.27,5622.8,5593.9,0.0,101.65,87.37,30.1,0.0,71.7,0,None
2023-07-04 02:00:00,Maharashtra,Western Region,277.52,274.42,5162.7,5043.1,0.0,94.53,92.34,28.5,0.0,92.3,0,None
2023-07-04 03:00:00,Maharashtra,Western Region,260.46,255.11,4741.0,4708.7,0.0,88.75,84.13,28.9,0.0,74.1,0,None
2023-07-04 04:00:00,Maharashtra,Western Region,301.61,297.95,5603.0,5396.5,0.0,74.01,90.94,30.0,0.0,75.5,0,None
2023-07-04 05:00:00,Maharashtra,Western Region,366.12,364.93,6727.6,6710.9,0.0,80.98,89.59,32.5,2.0,80.7,0,None
2023-07-04 06:00:00,Maharashtra,Western Region,383.04,374.38,7132.7,6874.7,1.39,84.76,84.26,31.9,0.0,81.7,0,None
2023-07-04 07:00:00,Maharashtra,Western Region,473.45,466.77,8767.7,8659.4,10.73,75.87,82.03,32.9,0.3,79.3,0,None
2023-07-04 08:00:00,Maharashtra,Western Region,536.68,531.35,9957.1,9936.3,63.3,63.66,92.62,34.9,0.0,66.5,0,None
2023-07-04 09:00:00,Maharashtra,Western Region,660.08,647.46,12220.1,12026.0,43.35,77.14,88.13,35.7,0.7,77.2,0,None
2023-07-04 10:00:00,Maharashtra,Western Region,663.36,654.5,12214.4,11752.2,104.13,63.3,90.19,35.6,0.0,84.2,0,None
2023-07-04 11:00:00,Maharashtra,Western Region,728.33,710.84,13500.6,13375.1,113.17,61.97,95.13,39.0,0.0,67.9,0,None
2023-07-04 12:00:00,Maharashtra,Western Region,672.15,665.07,12467.7,12422.2,120.15,66.74,85.52,37.6,0.0,73.1,0,None
2023-07-04 13:00:00,Maharashtra,Western Region,688.36,672.01,12659.0,12607.9,120.51,74.72,97.43,39.3,0.0,78.8,0,None
2023-07-04 14:00:00,Maharashtra,Western Region,669.62,659.39,12391.6,12302.7,100.19,72.66,86.0,40.5,0.0,69.1,0,None
2023-07-04 15:00:00,Maharashtra,Western Region,548.52,543.29,10158.5,10010.1,84.72,68.03,87.42,37.3,0.0,86.8,0,None
2023-07-04 16:00:00,Maharashtra,Western Region,559.25,556.44,10445.0,10385.4,53.22,67.14,87.49,38.7,0.0,61.0,0,None
2023-07-04 17:00:00,Maharashtra,Western Region,490.71,484.25,9083.4,8955.5,29.71,91.5,91.82,35.9,0.0,84.0,0,None
2023-07-04 18:00:00,Maharashtra,Western Region,534.93,532.25,9852.8,9589.5,0.0,87.46,99.09,38.5,0.0,83.3,0,None
2023-07-04 19:00:00,Maharashtra,Western Region,510.63,508.58,9529.4,9239.9,0.0,86.34,100.1,35.8,0.0,88.3,0,None
2023-07-04 20:00:00,Maharashtra,Western Region,480.87,472.82,8957.4,8920.7,0.0,97.04,90.84,33.7,0.0,74.7,0,None
2023-07-04 21:00:00,Maharashtra,Western Region,463.58,460.93,8638.0,8331.0,0.0,90.94,103.01,33.3,0.0,80.0,0,None
2023-07-04 22:00:00,Maharashtra,Western Region,432.84,424.1,7985.8,7932.4,0.0,72.72,88.22,31.1,0.0,51.6,0,None
2023-07-04 23:00:00,Maharashtra,Western Region,423.96,415.85,7806.1,7660.0,0.0,90.16,88.88,32.6,0.0,89.3,0,None
2023-07-05 00:00:00,Maharashtra,Western Region,352.1,349.9,6393.4,6353.5,0.0,88.08,85.22,31.2,0.0,63.9,0,None
2023-07-05 01:00:00,Maharashtra,Western Region,296.27,292.04,5453.6,5271.7,0.0,82.02,87.73,29.5,0.2,66.7,0,None
2023-07-05 02:00:00,Maharashtra,Western Region,282.2,279.09,5250.1,5079.1,0.0,97.13,97.41,27.9,0.0,89.4,0,None
2023-07-05 03:00:00,Maharashtra,Western Region,268.27,263.54,4871.6,4796.1,0.0,88.52,95.29,29.5,0.0,70.3,0,None
2023-07-05 04:00:00,Maharashtra,Western Region,229.68,226.56,4226.7,4200.4,0.0,97.32,91.54,26.6,0.0,68.1,0,None
2023-07-05 05:00:00,Maharashtra,Western Region,338.72,337.98,6334.7,6176.2,0.0,83.61,81.86,30.4,0.7,75.0,0,None
2023-07-05 06:00:00,Maharashtra,Western Region,417.73,416.52,7791.9,7670.3,9.02,93.17,91.53,33.5,0.0,77.5,0,None
2023-07-05 07:00:00,Maharashtra,Western Region,472.46,470.94,8814.3,8568.8,30.45,70.3,97.94,32.7,0.0,74.5,0,None
2023-07-05 08:00:00,Maharashtra,Western Region,593.03,578.06,10924.0,10497.6,27.32,68.86,85.93,36.5,2.5,69.9,0,None
2023-07-05 09:00:00,Maharashtra,Western Region,593.11,585.65,10946.5,10778.6,93.01,67.08,106.26,33.1,0.0,65.5,0,None
2023-07-05 10:00:00,Maharashtra,Western Region,703.11,683.08,12958.5,12680.7,109.52,76.32,97.5,36.8,0.0,65.2,0,None
2023-07-05 11:00:00,Maharashtra,Western Region,723.62,711.41,13398.6,13375.6,51.64,53.35,100.99,37.4,1.3,77.2,0,None
2023-07-05 12:00:00,Maharashtra,Western Region,705.66,702.73,13085.2,12580.3,122.51,63.44,95.85,38.3,0.0,66.8,0,None
2023-07-05 13:00:00,Maharashtra,Western Region,740.7,720.88,13796.6,13493.6,110.13,68.62,91.12,41.5,0.0,69.2,0,None
2023-07-05 14:00:00,Maharashtra,Western Region,618.22,604.86,11401.7,10965.8,109.09,67.53,81.13,38.5,0.0,72.9,0,None
2023-07-05 15:00:00,Maharashtra,Western Region,574.63,566.23,10554.6,10298.7,42.07,73.08,80.81,38.4,0.2,63.1,0,None
2023-07-05 16:00:00,Maharashtra,Western Region,577.64,570.5,10529.6,10421.2,60.5,75.13,85.06,41.0,0.0,77.3,0,None
2023-07-05 17:00:00,Maharashtra,Western Region,566.87,566.5,10480.1,10222.7,15.36,87.84,90.14,38.6,0.6,80.3,0,None
2023-07-05 18:00:00,Maharashtra,Western Region,511.48,499.3,9536.5,9345.3,0.0,84.38,92.6,36.9,0.0,65.8,0,None
2023-07-05 19:00:00,Maharashtra,Western Region,509.7,502.31,9523.1,9347.0,0.0,82.2,104.4,35.0,0.0,86.7,0,None
2023-07-05 20:00:00,Maharashtra,Western Region,473.42,459.97,8772.7,8725.4,0.0,79.1,93.91,33.3,0.0,83.8,0,None
2023-07-05 21:00:00,Maharashtra,Western Region,452.16,451.27,8424.8,8211.9,0.0,88.78,82.54,32.8,1.2,74.9,0,None
2023-07-05 22:00:00,Maharashtra,Western Region,421.76,409.49,7809.0,7777.9,0.0,97.32,91.01,31.7,0.0,71.2,0,None
2023-07-05 23:00:00,Maharashtra,Western Region,413.86,410.17,7670.4,7470.5,0.0,87.2,96.67,30.6,1.7,70.6,0,None
2023-07-06 00:00:00,Maharashtra,Western Region,343.68,343.59,6407.5,6158.5,0.0,100.89,92.46,30.0,0.0,76.2,0,None
2023-07-06 01:00:00,Maharashtra,Western Region,322.05,317.11,5948.0,5774.8,0.0,105.41,95.7,30.7,0.4,73.5,0,None
2023-07-06 02:00:00,Maharashtra,Western Region,249.28,246.88,4619.4,4600.5,0.0,98.37,92.3,27.2,0.0,76.6,0,None
2023-07-06 03:00:00,Maharashtra,Western Region,210.71,206.18,3929.7,3877.2,0.0,99.86,93.09,24.1,0.0,98.1,0,None
2023-07-06 04:00:00,Maharashtra,Western Region,234.52,231.03,4366.4,4268.4,0.0,86.68,96.06,26.3,3.2,64.6,0,None
2023-07-06 05:00:00,Maharashtra,Western Region,305.65,299.41,5567.6,5467.8,0.0,82.52,89.54,29.9,0.0,96.0,0,None
2023-07-06 06:00:00,Maharashtra,Western Region,339.21,337.09,6321.3,6242.1,6.06,79.62,91.79,29.0,0.2,72.4,0,None
2023-07-06 07:00:00,Maharashtra,Western Region,429.86,428.35,7928.3,7779.9,32.7,78.3,80.44,30.9,0.0,81.2,0,None
2023-07-06 08:00:00,Maharashtra,Western Region,507.83,506.78,9401.1,9258.4,25.88,73.05,93.14,31.5,0.4,70.6,0,None
2023-07-06 09:00:00,Maharashtra,Western Region,703.1,689.24,13045.8,13003.7,89.67,77.13,98.36,38.8,0.0,85.2,0,None
2023-07-06 10:00:00,Maharashtra,Western Region,703.45,684.29,13022.1,13002.9,105.09,72.39,101.75,39.5,0.0,75.3,0,None
2023-07-06 11:00:00,Maharashtra,Western Region,666.04,655.29,12302.4,12279.5,104.09,65.76,93.97,35.5,0.0,73.2,0,None
2023-07-06 12:00:00,Maharashtra,Western Region,747.26,735.4,13802.5,13287.5,64.07,65.6,101.28,41.0,3.1,81.2,0,None
2023-07-06 13:00:00,Maharashtra,Western Region,663.67,651.01,12210.8,11862.1,54.0,80.66,76.06,37.8,1.0,94.8,0,None
2023-07-06 14:00:00,Maharashtra,Western Region,587.1,580.08,10784.8,10426.1,104.88,71.14,95.64,37.3,0.0,77.7,0,None
2023-07-06 15:00:00,Maharashtra,Western Region,573.01,559.82,10592.1,10305.1,79.01,61.97,88.31,37.7,0.0,81.3,0,None
2023-07-06 16:00:00,Maharashtra,Western Region,557.72,544.02,10278.5,9886.8,61.29,76.76,93.03,39.5,0.0,63.2,0,None
2023-07-06 17:00:00,Maharashtra,Western Region,524.14,520.56,9592.1,9287.0,30.62,85.48,85.8,37.7,0.0,65.4,0,None
2023-07-06 18:00:00,Maharashtra,Western Region,517.55,502.64,9636.0,9295.4,0.0,72.85,88.15,37.2,0.0,79.4,0,None
2023-07-06 19:00:00,Maharashtra,Western Region,474.32,463.61,8746.8,8560.8,0.0,90.3,83.97,34.0,0.0,61.4,0,None
2023-07-06 20:00:00,Maharashtra,Western Region,476.59,465.7,8827.1,8812.6,0.0,90.45,90.19,33.3,0.0,76.3,0,None
2023-07-06 21:00:00,Maharashtra,Western Region,493.01,485.2,9147.1,8915.3,0.0,95.86,92.23,33.4,0.0,87.0,0,None
2023-07-06 22:00:00,Maharashtra,Western Region,436.57,427.81,8139.3,7898.3,0.0,92.76,93.0,32.4,0.4,97.9,0,None
2023-07-06 23:00:00,Maharashtra,Western Region,399.33,390.66,7480.0,7297.7,0.0,98.93,93.18,30.7,0.0,66.3,0,None
2023-07-07 00:00:00,Maharashtra,Western Region,325.64,322.84,6117.6,5876.1,0.0,105.54,79.63,28.9,2.2,58.1,0,None
2023-07-07 01:00:00,Maharashtra,Western Region,282.1,275.09,5193.2,5168.4,0.0,92.78,95.51,28.5,0.0,75.3,0,None
2023-07-07 02:00:00,Maharashtra,Western Region,263.75,256.66,4787.6,4694.4,0.0,87.05,86.24,28.7,0.0,64.4,0,None
2023-07-07 03:00:00,Maharashtra,Western Region,278.23,272.45,5131.7,5041.8,0.0,79.81,81.7,30.7,0.0,82.6,0,None
2023-07-07 04:00:00,Maharashtra,Western Region,275.45,270.44,5079.7,4953.9,0.0,91.09,94.73,31.1,0.0,76.5,0,None
2023-07-07 05:00:00,Maharashtra,Western Region,319.56,313.25,5811.5,5811.3,0.0,82.5,85.76,30.2,0.0,76.7,0,None
2023-07-07 06:00:00,Maharashtra,Western Region,403.68,401.91,7356.8,7348.8,6.03,80.45,84.22,32.7,0.0,64.7,0,None
2023-07-07 07:00:00,Maharashtra,Western Region,465.48,461.4,8546.5,8468.6,32.48,70.64,87.37,33.9,0.0,82.6,0,None
2023-07-07 08:00:00,Maharashtra,Western Region,570.73,567.5,10576.0,10346.7,63.5,77.05,88.01,35.6,0.0,75.7,0,None
2023-07-07 09:00:00,Maharashtra,Western Region,627.26,624.16,11586.1,11407.1,85.08,65.22,90.77,35.6,0.0,78.1,0,None
2023-07-07 10:00:00,Maharashtra,Western Region,654.65,638.29,12193.4,12132.1,110.1,78.57,101.8,34.4,0.0,62.8,0,None
2023-07-07 11:00:00,Maharashtra,Western Region,736.43,716.79,13620.9,13227.6,54.97,68.04,91.09,38.7,1.6,66.5,0,None
2023-07-07 12:00:00,Maharashtra,Western Region,721.26,720.66,13245.0,13117.8,123.74,68.39,88.16,40.0,0.0,80.5,0,None
2023-07-07 13:00:00,Maharashtra,Western Region,713.41,710.93,13184.7,12988.6,118.54,70.39,81.21,40.5,0.0,61.5,0,None
2023-07-07 14:00:00,Maharashtra,Western Region,598.84,597.9,11080.4,10727.7,107.34,75.61,93.24,36.7,0.0,84.5,0,None
2023-07-07 15:00:00,Maharashtra,Western Region,558.3,545.83,10319.7,9994.7,41.44,77.92,94.4,36.6,0.2,85.7,0,None
2023-07-07 16:00:00,Maharashtra,Western Region,590.87,578.56,10956.3,10740.2,34.3,82.93,87.85,40.7,1.2,79.4,0,None
2023-07-07 17:00:00,Maharashtra,Western Region,497.34,490.5,9253.6,8977.2,34.74,79.83,88.04,36.5,0.0,79.7,0,None
2023-07-07 18:00:00,Maharashtra,Western Region,526.86,517.23,9777.6,9403.9,0.29,77.55,90.09,37.9,0.0,77.3,0,None
2023-07-07 19:00:00,Maharashtra,Western Region,480.5,478.57,8903.7,8826.8,0.0,88.29,86.35,35.8,1.2,73.7,0,None
2023-07-07 20:00:00,Maharashtra,Western Region,494.92,492.18,9127.0,8776.8,0.0,94.63,93.73,34.7,0.0,79.2,0,None
2023-07-07 21:00:00,Maharashtra,Western Region,435.79,434.15,8130.9,7881.8,0.0,95.8,96.98,31.2,0.0,63.1,0,None
2023-07-07 22:00:00,Maharashtra,Western Region,388.79,388.71,7194.5,6984.4,0.0,102.79,89.85,30.0,0.5,83.0,0,None
2023-07-07 23:00:00,Maharashtra,Western Region,382.87,377.64,7052.2,6825.9,0.0,93.0,97.08,29.1,0.0,75.9,0,None
2023-07-08 00:00:00,Maharashtra,Western Region,355.16,345.21,6531.6,6366.9,0.0,91.37,88.85,28.8,0.0,73.2,0,None
2023-07-08 01:00:00,Maharashtra,Western Region,314.77,305.96,5890.1,5693.5,0.0,80.49,91.11,31.1,0.0,78.8,0,None
2023-07-08 02:00:00,Maharashtra,Western Region,316.27,316.13,5745.5,5530.8,0.0,91.27,92.1,28.7,2.5,64.5,0,None
2023-07-08 03:00:00,Maharashtra,Western Region,249.97,244.56,4622.9,4565.6,0.0,86.3,87.31,27.4,0.0,88.1,0,None
2023-07-08 04:00:00,Maharashtra,Western Region,311.79,310.41,5838.4,5699.5,0.0,83.6,94.4,30.8,0.2,95.0,0,None
2023-07-08 05:00:00,Maharashtra,Western Region,336.24,328.41,6213.3,6082.1,0.0,79.0,91.4,31.8,0.0,87.1,0,None
2023-07-08 06:00:00,Maharashtra,Western Region,370.69,364.31,6876.3,6626.2,5.31,79.17,103.0,30.5,0.5,72.6,0,None
2023-07-08 07:00:00,Maharashtra,Western Region,475.91,463.21,8771.8,8660.0,30.61,74.74,91.53,34.0,0.0,88.0,0,None
2023-07-08 08:00:00,Maharashtra,Western Region,567.07,550.29,10545.8,10476.7,63.68,73.59,88.58,35.1,0.0,98.2,0,None
2023-07-08 09:00:00,Maharashtra,Western Region,607.36,602.54,11375.2,11079.3,44.09,84.17,84.12,35.0,4.6,64.0,0,None
2023-07-08 10:00:00,Maharashtra,Western Region,656.87,646.18,12208.1,11824.9,106.34,49.56,85.36,36.2,0.0,75.6,0,None
2023-07-08 11:00:00,Maharashtra,Western Region,637.18,618.84,11752.6,11369.3,111.85,54.62,98.03,34.4,0.0,75.8,0,None
2023-07-08 12:00:00,Maharashtra,Western Region,637.52,623.97,11900.4,11671.5,56.27,71.55,97.0,35.6,0.2,66.4,0,None
2023-07-08 13:00:00,Maharashtra,Western Region,710.59,709.69,13116.6,12953.4,110.84,72.55,96.43,39.5,0.0,57.2,0,None
2023-07-08 14:00:00,Maharashtra,Western Region,686.73,668.02,12670.0,12390.0,105.78,72.27,94.26,41.0,0.0,70.9,0,None
2023-07-08 15:00:00,Maharashtra,Western Region,606.33,596.29,11248.0,11043.9,50.7,74.38,93.46,38.8,0.7,69.0,0,None
2023-07-08 16:00:00,Maharashtra,Western Region,529.76,514.94,9845.7,9474.4,62.94,64.7,82.91,36.8,0.0,68.0,0,None
2023-07-08 17:00:00,Maharashtra,Western Region,499.14,487.36,9224.0,8961.0,27.39,77.26,90.53,36.8,0.0,71.1,0,None
2023-07-08 18:00:00,Maharashtra,Western Region,506.51,497.84,9350.6,9211.0,0.0,76.74,88.68,37.5,2.7,85.3,0,None
2023-07-08 19:00:00,Maharashtra,Western Region,511.74,507.02,9475.6,9451.1,0.0,90.76,91.82,36.2,1.7,68.1,0,None
2023-07-08 20:00:00,Maharashtra,Western Region,485.45,482.37,9020.4,8708.1,0.0,80.08,95.3,33.7,0.0,59.2,0,None
2023-07-08 21:00:00,Maharashtra,Western Region,451.51,443.59,8300.6,8012.4,0.0,82.08,93.01,32.9,0.7,66.9,0,None
2023-07-08 22:00:00,Maharashtra,Western Region,458.56,449.52,8464.3,8254.2,0.0,90.04,80.67,33.1,0.4,72.0,0,None
2023-07-08 23:00:00,Maharashtra,Western Region,396.57,385.6,7203.2,6958.3,0.0,106.93,94.84,29.1,0.0,74.1,0,None
2023-07-09 00:00:00,Maharashtra,Western Region,300.4,292.54,5485.8,5420.4,0.0,95.37,92.03,28.8,0.9,74.5,1,None
2023-07-09 01:00:00,Maharashtra,Western Region,311.79,305.94,5655.1,5611.2,0.0,85.05,82.78,29.1,0.0,91.2,1,None
2023-07-09 02:00:00,Maharashtra,Western Region,252.72,248.12,4694.7,4613.6,0.0,92.9,82.97,30.1,0.2,84.3,1,None
2023-07-09 03:00:00,Maharashtra,Western Region,234.39,233.12,4450.8,4431.9,0.0,90.51,83.24,28.7,2.9,89.9,1,None
2023-07-09 04:00:00,Maharashtra,Western Region,208.38,207.7,3805.0,3791.4,0.0,83.45,87.17,28.4,2.7,90.2,1,None
2023-07-09 05:00:00,Maharashtra,Western Region,293.3,291.65,5517.2,5454.6,0.0,83.74,92.1,29.9,0.0,85.0,1,None
2023-07-09 06:00:00,Maharashtra,Western Region,363.1,362.02,6733.1,6472.3,0.0,67.66,98.93,31.9,0.0,87.1,1,None
2023-07-09 07:00:00,Maharashtra,Western Region,336.08,326.09,6197.6,6104.1,25.82,87.58,87.18,28.4,0.0,71.6,1,None
2023-07-09 08:00:00,Maharashtra,Western Region,521.04,516.66,9589.7,9416.7,52.2,76.76,82.56,35.7,0.0,85.2,1,None
2023-07-09 09:00:00,Maharashtra,Western Region,548.12,545.48,10122.2,9824.4,39.33,56.99,99.59,34.0,0.1,84.3,1,None
2023-07-09 10:00:00,Maharashtra,Western Region,681.75,677.93,12600.0,12304.2,101.31,67.62,98.04,39.3,0.0,58.6,1,None
2023-07-09 11:00:00,Maharashtra,Western Region,609.72,592.3,11255.8,11227.6,109.61,70.5,88.47,35.7,0.0,82.8,1,None
2023-07-09 12:00:00,Maharashtra,Western Region,634.87,622.25,11750.6,11720.6,128.65,45.49,99.78,37.4,0.0,57.3,1,None
2023-07-09 13:00:00,Maharashtra,Western Region,680.86,672.92,12618.9,12457.9,57.24,59.29,100.14,41.8,0.2,79.9,1,None
2023-07-09 14:00:00,Maharashtra,Western Region,548.24,543.17,10205.2,10177.8,98.38,59.2,91.61,37.3,0.0,67.4,1,None
2023-07-09 15:00:00,Maharashtra,Western Region,565.32,559.29,10414.4,10214.7,48.73,74.42,87.63,39.4,2.0,81.0,1,None
2023-07-09 16:00:00,Maharashtra,Western Region,480.95,472.45,8982.3,8887.3,53.46,75.54,90.51,36.4,0.0,95.0,1,None
2023-07-09 17:00:00,Maharashtra,Western Region,523.27,512.17,9625.5,9517.0,29.38,79.79,102.07,39.2,0.0,87.3,1,None
2023-07-09 18:00:00,Maharashtra,Western Region,447.83,446.67,8265.3,8117.3,0.0,82.99,92.73,34.4,0.0,74.8,1,None
2023-07-09 19:00:00,Maharashtra,Western Region,426.13,422.12,7883.5,7581.0,0.0,78.99,90.22,36.0,0.0,69.2,1,None
2023-07-09 20:00:00,Maharashtra,Western Region,498.81,488.89,9136.1,8860.4,0.0,90.67,85.57,36.0,2.1,81.0,1,None
2023-07-09 21:00:00,Maharashtra,Western Region,422.76,420.94,7769.4,7605.4,0.0,92.73,96.01,33.0,0.0,75.4,1,None
2023-07-09 22:00:00,Maharashtra,Western Region,380.72,369.35,6998.1,6793.9,0.0,86.45,81.61,30.9,0.0,64.2,1,None
2023-07-09 23:00:00,Maharashtra,Western Region,319.45,313.09,5899.6,5804.9,0.0,97.05,97.23,30.0,0.4,79.2,1,None
2023-07-10 00:00:00,Maharashtra,Western Region,347.64,338.93,6369.1,6235.0,0.0,93.94,87.93,29.4,0.0,77.0,0,None
2023-07-10 01:00:00,Maharashtra,Western Region,274.77,272.87,5148.1,5084.8,0.0,88.73,95.45,28.4,0.0,74.0,0,None
2023-07-10 02:00:00,Maharashtra,Western Region,286.14,279.07,5270.3,5131.0,0.0,91.52,89.08,28.4,0.0,70.8,0,None
2023-07-10 03:00:00,Maharashtra,Western Region,234.04,230.05,4398.3,4346.2,0.0,102.19,86.84,27.8,0.0,61.5,0,None
2023-07-10 04:00:00,Maharashtra,Western Region,271.46,266.03,5023.4,4920.9,0.0,83.62,90.61,31.3,0.0,76.0,0,None
2023-07-10 05:00:00,Maharashtra,Western Region,293.22,291.74,5494.2,5468.4,0.0,77.3,86.81,28.9,0.0,63.8,0,None
2023-07-10 06:00:00,Maharashtra,Western Region,352.96,350.36,6628.6,6420.1,2.21,72.43,100.33,30.6,0.0,89.5,0,None
2023-07-10 07:00:00,Maharashtra,Western Region,492.41,485.88,9056.3,8704.9,42.7,62.63,85.2,34.0,0.0,65.1,0,None
2023-07-10 08:00:00,Maharashtra,Western Region,540.96,526.05,10016.3,9676.4,60.05,67.65,92.35,34.1,0.0,69.1,0,None
2023-07-10 09:00:00,Maharashtra,Western Region,653.84,647.26,12130.1,11738.0,81.87,73.77,84.47,39.0,0.0,75.0,0,None
2023-07-10 10:00:00,Maharashtra,Western Region,758.3,755.84,14029.4,13663.7,111.32,61.97,97.46,39.7,0.0,56.2,0,None
2023-07-10 11:00:00,Maharashtra,Western Region,749.43,734.14,13790.6,13696.7,117.83,68.38,90.11,37.7,0.0,70.1,0,None
2023-07-10 12:00:00,Maharashtra,Western Region,726.4,725.5,13471.5,13043.0,54.72,65.84,85.66,39.6,0.8,82.5,0,None
2023-07-10 13:00:00,Maharashtra,Western Region,724.45,719.08,13418.1,13163.1,113.83,63.7,88.01,40.9,0.0,66.1,0,None
2023-07-10 14:00:00,Maharashtra,Western Region,632.66,616.94,11708.8,11470.4,46.87,55.89,96.81,39.4,0.6,70.8,0,None
2023-07-10 15:00:00,Maharashtra,Western Region,586.09,576.4,10868.7,10479.0,80.24,75.88,86.97,39.0,0.0,76.8,0,None
2023-07-10 16:00:00,Maharashtra,Western Region,540.79,538.15,10141.5,10048.4,61.4,61.45,86.16,38.6,0.0,71.1,0,None
2023-07-10 17:00:00,Maharashtra,Western Region,493.98,487.7,9173.5,9063.6,12.82,70.31,96.06,36.4,2.4,81.7,0,None
2023-07-10 18:00:00,Maharashtra,Western Region,499.72,497.77,9229.0,8924.3,5.14,81.34,98.3,36.4,0.0,61.6,0,None
2023-07-10 19:00:00,Maharashtra,Western Region,467.62,466.74,8692.8,8366.6,0.0,73.19,96.5,33.1,0.0,74.5,0,None
2023-07-10 20:00:00,Maharashtra,Western Region,480.41,467.81,8786.2,8556.3,0.0,78.89,84.56,31.8,0.0,71.3,0,None
2023-07-10 21:00:00,Maharashtra,Western Region,499.51,491.03,9272.9,9183.9,0.0,98.4,82.99,33.9,0.0,65.5,0,None
2023-07-10 22:00:00,Maharashtra,Western Region,446.27,434.62,8212.1,8123.4,0.0,81.31,83.81,31.4,0.0,83.7,0,None
2023-07-10 23:00:00,Maharashtra,Western Region,399.63,388.36,7405.5,7130.2,0.0,101.72,92.26,32.3,0.0,68.7,0,None
2023-07-11 00:00:00,Maharashtra,Western Region,319.97,319.41,5906.8,5815.2,0.0,102.43,83.38,28.2,0.0,62.9,0,None
2023-07-11 01:00:00,Maharashtra,Western Region,303.92,302.84,5630.7,5537.2,0.0,97.49,88.34,28.6,0.0,75.8,0,None
2023-07-11 02:00:00,Maharashtra,Western Region,244.32,237.43,4462.6,4402.2,0.0,82.01,82.71,27.3,0.0,77.1,0,None
2023-07-11 03:00:00,Maharashtra,Western Region,271.41,267.32,5087.1,5029.5,0.0,93.44,85.16,29.8,0.0,85.3,0,None
2023-07-11 04:00:00,Maharashtra,Western Region,278.25,276.82,5266.5,5177.4,0.0,84.28,85.63,29.8,0.1,76.9,0,None
2023-07-11 05:00:00,Maharashtra,Western Region,297.67,289.61,5604.2,5520.2,0.0,92.28,81.1,29.0,1.3,71.5,0,None
2023-07-11 06:00:00,Maharashtra,Western Region,365.51,358.16,6731.6,6490.7,7.65,83.49,90.21,30.3,0.0,73.1,0,None
2023-07-11 07:00:00,Maharashtra,Western Region,480.63,470.71,8834.9,8700.2,31.41,72.73,85.8,35.6,0.0,65.9,0,None
2023-07-11 08:00:00,Maharashtra,Western Region,517.82,504.24,9661.6,9646.1,64.35,71.16,89.82,31.5,0.0,81.9,0,None
2023-07-11 09:00:00,Maharashtra,Western Region,592.85,586.37,10985.0,10793.8,87.78,83.4,96.29,33.4,0.0,100.0,0,None
2023-07-11 10:00:00,Maharashtra,Western Region,675.15,658.08,12514.4,12367.1,102.03,59.31,93.21,35.5,0.0,66.1,0,None
2023-07-11 11:00:00,Maharashtra,Western Region,700.65,679.7,12929.0,12566.6,112.16,72.14,91.09,37.7,0.0,71.7,0,None
2023-07-11 12:00:00,Maharashtra,Western Region,729.35,711.51,13448.7,13133.3,56.43,49.09,103.22,39.5,0.5,87.0,0,None
2023-07-11 13:00:00,Maharashtra,Western Region,682.63,678.36,12673.1,12585.6,116.11,71.16,82.83,39.1,0.0,73.5,0,None
2023-07-11 14:00:00,Maharashtra,Western Region,638.13,630.28,11789.3,11358.2,99.72,61.19,90.74,39.4,0.0,63.6,0,None
2023-07-11 15:00:00,Maharashtra,Western Region,590.77,577.48,10840.6,10733.1,43.81,73.97,94.34,39.2,0.4,60.7,0,None
2023-07-11 16:00:00,Maharashtra,Western Region,567.46,563.98,10580.9,10405.3,56.56,74.46,99.94,40.1,0.0,61.5,0,None
2023-07-11 17:00:00,Maharashtra,Western Region,532.64,517.5,9842.1,9470.9,31.43,80.12,94.99,37.8,0.0,73.8,0,None
2023-07-11 18:00:00,Maharashtra,Western Region,506.9,495.96,9411.5,9064.2,0.0,74.38,102.59,37.1,0.0,79.8,0,None
2023-07-11 19:00:00,Maharashtra,Western Region,448.87,438.05,8255.8,7995.7,0.0,93.28,89.15,32.0,0.0,81.2,0,None
2023-07-11 20:00:00,Maharashtra,Western Region,482.97,480.04,8962.9,8610.3,0.0,74.58,93.84,33.6,0.0,58.4,0,None
2023-07-11 21:00:00,Maharashtra,Western Region,493.19,490.12,9125.4,9094.8,0.0,97.0,94.36,33.6,0.0,79.4,0,None
2023-07-11 22:00:00,Maharashtra,Western Region,422.15,412.85,7695.8,7569.7,0.0,91.56,92.89,31.6,0.0,83.2,0,None
2023-07-11 23:00:00,Maharashtra,Western Region,387.94,380.99,7158.2,6979.1,0.0,96.91,102.2,29.4,0.0,83.2,0,None
2023-07-12 00:00:00,Maharashtra,Western Region,352.22,343.09,6501.1,6246.6,0.0,92.3,100.47,30.7,0.0,77.2,0,None
2023-07-12 01:00:00,Maharashtra,Western Region,259.4,256.58,4765.3,4690.6,0.0,94.46,92.24,27.6,0.0,76.5,0,None
2023-07-12 02:00:00,Maharashtra,Western Region,275.06,270.52,5049.0,5004.1,0.0,106.85,92.59,27.1,0.0,62.3,0,None
2023-07-12 03:00:00,Maharashtra,Western Region,251.09,247.06,4707.2,4630.1,0.0,91.66,88.09,28.7,0.9,79.8,0,None
2023-07-12 04:00:00,Maharashtra,Western Region,273.01,271.23,5064.8,4985.8,0.0,98.95,94.77,30.0,0.0,71.0,0,None
2023-07-12 05:00:00,Maharashtra,Western Region,335.1,325.75,6265.2,6090.4,0.0,94.31,78.62,29.0,2.6,83.9,0,None
2023-07-12 06:00:00,Maharashtra,Western Region,371.54,365.07,6941.6,6806.3,6.58,75.87,94.45,31.4,0.0,67.5,0,None
2023-07-12 07:00:00,Maharashtra,Western Region,430.25,426.84,7870.5,7569.6,14.68,72.25,90.43,31.2,2.2,70.4,0,None
2023-07-12 08:00:00,Maharashtra,Western Region,538.33,525.73,9951.5,9592.3,52.54,81.84,84.44,33.0,0.0,81.1,0,None
2023-07-12 09:00:00,Maharashtra,Western Region,618.5,603.23,11503.3,11213.9,42.3,64.25,94.32,34.4,4.0,73.4,0,None
2023-07-12 10:00:00,Maharashtra,Western Region,684.48,678.99,12667.3,12479.7,113.42,72.87,100.24,36.8,0.0,78.7,0,None
2023-07-12 11:00:00,Maharashtra,Western Region,707.01,702.2,13026.3,12965.7,112.47,62.55,83.81,37.1,0.0,73.6,0,None
2023-07-12 12:00:00,Maharashtra,Western Region,679.88,672.12,12598.9,12374.2,130.79,74.44,86.5,38.1,0.0,87.1,0,None
2023-07-12 13:00:00,Maharashtra,Western Region,627.09,625.69,11585.5,11446.4,114.43,63.78,85.31,36.2,0.0,59.2,0,None
2023-07-12 14:00:00,Maharashtra,Western Region,613.91,607.49,11352.9,11206.0,48.67,67.85,90.18,38.0,2.0,67.6,0,None
2023-07-12 15:00:00,Maharashtra,Western Region,610.59,601.34,11325.0,11052.0,92.14,72.26,84.64,40.8,0.0,82.1,0,None
2023-07-12 16:00:00,Maharashtra,Western Region,523.47,508.11,9684.9,9563.6,35.26,55.48,91.02,37.3,0.8,67.4,0,None
2023-07-12 17:00:00,Maharashtra,Western Region,507.34,507.1,9409.0,9374.6,33.79,83.95,84.79,35.0,0.0,53.8,0,None
2023-07-12 18:00:00,Maharashtra,Western Region,540.16,534.79,9991.1,9686.3,2.23,80.25,83.9,37.8,0.1,77.1,0,None
2023-07-12 19:00:00,Maharashtra,Western Region,472.09,463.78,8684.5,8655.2,0.0,97.69,86.05,34.4,0.8,79.0,0,None
2023-07-12 20:00:00,Maharashtra,Western Region,507.06,504.93,9411.6,9075.4,0.0,98.89,103.91,34.6,0.0,70.9,0,None
2023-07-12 21:00:00,Maharashtra,Western Region,427.59,422.74,7898.1,7628.3,0.0,85.44,88.61,31.2,0.2,96.5,0,None
2023-07-12 22:00:00,Maharashtra,Western Region,389.67,382.28,7206.5,6924.0,0.0,89.77,89.82,29.9,0.0,75.5,0,None
2023-07-12 23:00:00,Maharashtra,Western Region,445.3,440.98,8264.5,8193.9,0.0,92.18,87.45,33.3,0.0,80.4,0,None
2023-07-13 00:00:00,Maharashtra,Western Region,348.17,343.01,6433.8,6219.3,0.0,90.33,97.36,28.6,0.0,96.6,0,None
2023-07-13 01:00:00,Maharashtra,Western Region,333.04,325.86,6150.1,6051.2,0.0,94.41,89.37,29.2,0.0,91.9,0,None
2023-07-13 02:00:00,Maharashtra,Western Region,292.18,291.19,5422.4,5229.2,0.0,101.08,85.38,29.0,0.0,94.0,0,None
2023-07-13 03:00:00,Maharashtra,Western Region,260.68,260.08,4780.9,4592.6,0.0,88.68,83.71,27.3,0.0,84.4,0,None
2023-07-13 04:00:00,Maharashtra,Western Region,276.15,268.63,5120.1,4996.6,0.0,93.13,81.28,30.1,0.8,72.6,0,None
2023-07-13 05:00:00,Maharashtra,Western Region,315.36,310.65,5903.8,5760.3,0.0,91.24,90.02,29.1,0.0,74.2,0,None
2023-07-13 06:00:00,Maharashtra,Western Region,368.31,367.62,6739.8,6657.1,10.81,77.45,97.25,30.1,0.0,62.1,0,None
2023-07-13 07:00:00,Maharashtra,Western Region,461.37,452.48,8603.2,8326.2,36.46,81.71,85.98,33.0,0.0,70.9,0,None
2023-07-13 08:00:00,Maharashtra,Western Region,594.24,587.39,11100.6,10880.1,51.62,72.53,88.49,36.0,0.0,74.1,0,None
2023-07-13 09:00:00,Maharashtra,Western Region,579.98,577.69,10699.3,10693.1,45.73,65.25,80.74,34.5,2.0,72.2,0,None
2023-07-13 10:00:00,Maharashtra,Western Region,660.99,660.78,12277.4,11924.7,52.85,59.6,91.44,35.7,3.0,61.4,0,None
2023-07-13 11:00:00,Maharashtra,Western Region,656.27,655.68,12140.8,11960.7,113.18,58.19,84.43,35.6,0.0,76.1,0,None
2023-07-13 12:00:00,Maharashtra,Western Region,686.74,671.83,12810.7,12458.9,123.8,66.04,97.83,37.5,0.0,87.0,0,None
2023-07-13 13:00:00,Maharashtra,Western Region,653.9,638.65,12139.2,12110.9,116.45,52.33,88.95,36.7,0.0,62.8,0,None
2023-07-13 14:00:00,Maharashtra,Western Region,627.44,626.2,11631.5,11214.7,107.02,63.63,85.78,38.5,0.0,71.6,0,None
2023-07-13 15:00:00,Maharashtra,Western Region,567.12,565.36,10483.5,10376.8,51.86,63.46,93.1,38.4,1.4,76.8,0,None
2023-07-13 16:00:00,Maharashtra,Western Region,597.54,588.19,11056.4,10617.5,61.45,57.53,99.99,40.5,0.0,88.0,0,None
2023-07-13 17:00:00,Maharashtra,Western Region,534.7,524.2,9915.6,9809.9,29.61,80.48,105.1,38.3,0.0,87.3,0,None
2023-07-13 18:00:00,Maharashtra,Western Region,542.21,527.54,9849.9,9791.6,3.89,84.53,92.72,37.7,0.0,68.9,0,None
2023-07-13 19:00:00,Maharashtra,Western Region,569.66,566.3,10615.0,10511.8,0.0,81.55,92.08,38.9,1.4,83.5,0,None
2023-07-13 20:00:00,Maharashtra,Western Region,494.52,482.7,9185.9,9137.9,0.0,79.78,85.3,34.3,0.0,64.8,0,None
2023-07-13 21:00:00,Maharashtra,Western Region,487.9,487.72,9104.9,9019.5,0.0,81.79,87.97,33.9,0.0,71.9,0,None
2023-07-13 22:00:00,Maharashtra,Western Region,434.07,426.87,7922.4,7751.5,0.0,86.35,89.99,31.9,4.9,69.9,0,None
2023-07-13 23:00:00,Maharashtra,Western Region,370.78,363.52,6905.7,6878.4,0.0,90.84,85.61,30.5,0.0,85.5,0,None
2023-07-14 00:00:00,Maharashtra,Western Region,310.75,303.52,5717.2,5576.2,0.0,95.88,85.53,26.6,0.0,79.7,0,None
2023-07-14 01:00:00,Maharashtra,Western Region,261.74,257.47,4860.4,4694.0,0.0,92.41,93.21,24.7,0.0,71.2,0,None
2023-07-14 02:00:00,Maharashtra,Western Region,226.42,222.85,4247.3,4242.8,0.0,89.39,82.99,26.1,0.0,72.6,0,None
2023-07-14 03:00:00,Maharashtra,Western Region,304.93,302.44,5590.7,5575.5,0.0,87.58,99.95,30.5,0.2,75.2,0,None
2023-07-14 04:00:00,Maharashtra,Western Region,272.26,266.84,5027.9,4970.7,0.0,81.75,92.62,31.0,0.0,64.4,0,None
2023-07-14 05:00:00,Maharashtra,Western Region,321.77,313.37,5945.0,5894.6,0.0,82.14,85.29,31.6,0.0,64.2,0,None
2023-07-14 06:00:00,Maharashtra,Western Region,371.73,368.66,6995.7,6883.4,0.0,90.18,85.12,29.6,0.0,84.3,0,None
2023-07-14 07:00:00,Maharashtra,Western Region,428.92,424.07,7898.8,7678.7,3.51,76.61,95.44,30.1,6.4,58.5,0,None
2023-07-14 08:00:00,Maharashtra,Western Region,584.63,572.26,10806.3,10717.0,34.13,93.32,88.86,36.8,0.3,68.3,0,None
2023-07-14 09:00:00,Maharashtra,Western Region,657.71,655.45,12124.1,11699.7,35.21,72.16,80.01,36.6,0.8,74.7,0,None
2023-07-14 10:00:00,Maharashtra,Western Region,714.69,708.43,13188.9,12871.9,106.6,54.71,86.23,39.2,0.0,88.7,0,None
2023-07-14 11:00:00,Maharashtra,Western Region,677.06,657.24,12454.7,11957.8,55.3,66.3,92.54,37.3,1.3,67.5,0,None
2023-07-14 12:00:00,Maharashtra,Western Region,701.1,693.4,12941.6,12842.9,66.01,60.13,98.46,38.3,0.5,89.4,0,None
2023-07-14 13:00:00,Maharashtra,Western Region,674.65,662.59,12506.6,12292.3,109.67,54.28,95.84,37.6,0.0,71.0,0,None
2023-07-14 14:00:00,Maharashtra,Western Region,600.6,589.2,11069.9,11040.6,108.33,57.39,97.93,37.6,0.0,75.2,0,None
2023-07-14 15:00:00,Maharashtra,Western Region,538.6,538.39,10033.3,9951.8,47.33,62.95,76.44,35.3,1.7,92.5,0,None
2023-07-14 16:00:00,Maharashtra,Western Region,592.16,584.69,10988.4,10952.9,65.94,64.13,98.71,39.2,0.0,90.7,0,None
2023-07-14 17:00:00,Maharashtra,Western Region,522.88,507.35,9578.3,9573.2,17.35,85.48,91.2,37.0,0.2,84.2,0,None
2023-07-14 18:00:00,Maharashtra,Western Region,485.02,473.66,8989.8,8783.8,0.0,72.86,88.97,35.5,0.0,87.7,0,None
2023-07-14 19:00:00,Maharashtra,Western Region,496.44,492.75,9127.8,8919.6,0.0,72.73,90.19,35.1,0.0,86.2,0,None
2023-07-14 20:00:00,Maharashtra,Western Region,470.75,470.51,8842.6,8633.1,0.0,73.57,93.22,33.4,0.0,58.0,0,None
2023-07-14 21:00:00,Maharashtra,Western Region,480.07,471.06,8911.1,8608.1,0.0,86.57,91.25,34.3,1.9,74.0,0,None
2023-07-14 22:00:00,Maharashtra,Western Region,443.62,439.25,8224.9,8152.2,0.0,78.42,92.07,33.5,1.6,72.3,0,None
2023-07-14 23:00:00,Maharashtra,Western Region,394.46,388.51,7312.5,7179.6,0.0,94.44,84.95,30.3,0.0,83.4,0,None
2023-07-15 00:00:00,Maharashtra,Western Region,384.29,380.34,7125.8,7020.3,0.0,92.96,96.27,31.2,0.0,74.1,0,None
2023-07-15 01:00:00,Maharashtra,Western Region,272.32,267.55,4973.0,4786.8,0.0,89.31,94.95,26.2,0.0,84.8,0,None
2023-07-15 02:00:00,Maharashtra,Western Region,296.29,293.93,5463.5,5332.7,0.0,98.6,87.77,29.3,0.0,84.3,0,None
2023-07-15 03:00:00,Maharashtra,Western Region,247.94,246.43,4581.4,4577.2,0.0,100.03,101.77,29.3,0.1,72.9,0,None
2023-07-15 04:00:00,Maharashtra,Western Region,284.23,279.21,5313.1,5119.9,0.0,79.87,92.97,28.8,0.2,72.5,0,None
2023-07-15 05:00:00,Maharashtra,Western Region,308.36,303.66,5662.1,5439.4,0.0,88.94,92.09,29.8,0.0,80.5,0,None
2023-07-15 06:00:00,Maharashtra,Western Region,348.45,344.1,6379.6,6206.7,0.0,77.44,88.68,29.4,0.0,67.4,0,None
2023-07-15 07:00:00,Maharashtra,Western Region,511.41,506.36,9432.9,9061.2,33.47,62.28,80.01,35.3,0.0,76.0,0,None
2023-07-15 08:00:00,Maharashtra,Western Region,563.79,547.65,10495.0,10421.8,28.39,74.57,102.93,35.8,0.7,66.8,0,None
2023-07-15 09:00:00,Maharashtra,Western Region,608.21,607.89,11315.4,11227.5,83.66,77.74,87.79,34.0,0.0,59.6,0,None
2023-07-15 10:00:00,Maharashtra,Western Region,680.38,676.17,12586.5,12228.9,49.84,75.74,92.27,38.7,0.6,58.9,0,None
2023-07-15 11:00:00,Maharashtra,Western Region,688.77,681.17,12654.9,12468.1,52.92,81.73,92.35,36.5,1.5,78.2,0,None
2023-07-15 12:00:00,Maharashtra,Western Region,723.33,712.44,13289.5,13161.4,58.61,80.16,94.27,40.3,0.4,75.3,0,None
2023-07-15 13:00:00,Maharashtra,Western Region,678.58,672.17,12573.7,12521.6,53.8,65.83,94.84,38.8,0.6,71.6,0,None
2023-07-15 14:00:00,Maharashtra,Western Region,669.29,665.97,12245.7,11975.2,98.17,63.95,94.46,41.1,0.0,73.4,0,None
2023-07-15 15:00:00,Maharashtra,Western Region,562.38,548.53,10383.1,10090.1,81.19,67.18,93.75,36.7,0.0,77.2,0,None
2023-07-15 16:00:00,Maharashtra,Western Region,551.91,544.25,10288.3,10097.1,65.95,76.5,84.23,36.1,0.0,67.6,0,None
2023-07-15 17:00:00,Maharashtra,Western Region,517.67,506.39,9478.4,9171.6,25.22,83.4,93.16,36.6,0.0,66.2,0,None
2023-07-15 18:00:00,Maharashtra,Western Region,519.28,510.59,9600.1,9431.6,0.66,73.48,106.19,37.7,0.0,83.3,0,None
2023-07-15 19:00:00,Maharashtra,Western Region,538.97,524.29,10002.1,9887.2,0.0,73.73,87.95,38.2,0.7,75.9,0,None
2023-07-15 20:00:00,Maharashtra,Western Region,508.83,505.31,9404.3,9338.2,0.0,94.16,91.49,36.0,0.0,100.0,0,None
2023-07-15 21:00:00,Maharashtra,Western Region,460.51,456.05,8464.0,8317.7,0.0,82.89,96.8,32.3,0.0,89.4,0,None
2023-07-15 22:00:00,Maharashtra,Western Region,438.15,425.08,8099.4,8056.8,0.0,101.08,90.31,30.5,0.0,66.1,0,None
2023-07-15 23:00:00,Maharashtra,Western Region,368.03,365.99,6707.7,6702.9,0.0,91.77,81.92,28.3,0.0,80.3,0,None
2023-07-16 00:00:00,Maharashtra,Western Region,339.24,330.6,6277.1,6214.2,0.0,96.66,88.67,29.0,0.0,72.1,1,None
2023-07-16 01:00:00,Maharashtra,Western Region,302.53,301.1,5600.4,5394.9,0.0,90.5,83.17,29.1,0.0,79.6,1,None
2023-07-16 02:00:00,Maharashtra,Western Region,241.98,236.1,4404.5,4236.2,0.0,69.07,93.1,28.5,0.0,96.2,1,None
2023-07-16 03:00:00,Maharashtra,Western Region,257.72,251.22,4712.4,4629.6,0.0,89.72,85.47,28.8,0.0,74.3,1,None
2023-07-16 04:00:00,Maharashtra,Western Region,231.42,226.51,4240.6,4126.4,0.0,83.41,82.63,28.4,0.0,67.7,1,None
2023-07-16 05:00:00,Maharashtra,Western Region,306.44,304.44,5706.0,5608.6,0.0,93.53,92.55,32.4,0.0,82.6,1,None
2023-07-16 06:00:00,Maharashtra,Western Region,340.08,331.32,6295.4,6143.1,5.74,79.13,84.98,31.3,0.0,85.0,1,None
2023-07-16 07:00:00,Maharashtra,Western Region,426.37,424.6,7846.6,7544.3,25.02,66.01,92.19,33.9,0.4,81.7,1,None
2023-07-16 08:00:00,Maharashtra,Western Region,511.9,508.59,9414.3,9110.3,35.86,70.47,88.39,34.6,1.4,86.0,1,None
2023-07-16 09:00:00,Maharashtra,Western Region,536.59,529.94,9936.6,9902.8,89.17,73.72,93.47,33.7,0.0,63.5,1,None
2023-07-16 10:00:00,Maharashtra,Western Region,614.25,605.74,11389.2,10969.4,104.01,73.43,80.78,37.7,0.0,63.3,1,None
2023-07-16 11:00:00,Maharashtra,Western Region,644.65,631.75,11954.1,11748.2,49.97,75.87,93.93,37.5,0.5,95.8,1,None
2023-07-16 12:00:00,Maharashtra,Western Region,667.22,649.0,12304.0,12062.4,54.27,60.27,91.7,39.1,0.2,74.8,1,None
2023-07-16 13:00:00,Maharashtra,Western Region,602.24,584.4,11196.9,10844.4,114.1,80.59,99.04,37.7,0.0,92.2,1,None
2023-07-16 14:00:00,Maharashtra,Western Region,590.62,586.35,10874.3,10866.9,105.12,63.99,81.01,38.9,0.0,70.7,1,None
2023-07-16 15:00:00,Maharashtra,Western Region,554.27,542.25,10277.5,10130.0,81.7,76.61,97.36,39.7,0.0,80.3,1,None
2023-07-16 16:00:00,Maharashtra,Western Region,524.36,523.76,9831.2,9460.4,63.01,68.41,89.24,38.7,0.0,84.0,1,None
2023-07-16 17:00:00,Maharashtra,Western Region,517.42,506.77,9606.5,9462.8,39.81,86.29,82.4,40.4,0.0,49.1,1,None
2023-07-16 18:00:00,Maharashtra,Western Region,445.16,435.33,8232.5,8134.0,2.7,81.83,89.08,35.1,0.6,58.2,1,None
2023-07-16 19:00:00,Maharashtra,Western Region,425.49,417.91,7951.0,7805.7,0.0,89.57,93.32,35.5,0.7,55.7,1,None
2023-07-16 20:00:00,Maharashtra,Western Region,463.47,458.19,8585.5,8577.7,0.0,81.17,90.49,33.7,0.0,69.3,1,None
2023-07-16 21:00:00,Maharashtra,Western Region,437.53,437.04,8139.7,8075.9,0.0,89.85,77.01,34.9,1.1,76.5,1,None
2023-07-16 22:00:00,Maharashtra,Western Region,382.96,380.32,7087.5,6813.1,0.0,93.75,82.08,29.7,0.0,83.5,1,None
2023-07-16 23:00:00,Maharashtra,Western Region,359.55,357.94,6621.9,6520.6,0.0,92.19,98.85,29.8,0.0,69.0,1,None
2023-07-17 00:00:00,Maharashtra,Western Region,358.65,348.9,6571.3,6552.4,0.0,111.14,89.21,30.2,0.0,85.7,0,None
2023-07-17 01:00:00,Maharashtra,Western Region,314.2,311.8,5837.5,5696.9,0.0,80.56,92.24,27.8,8.0,77.9,0,None
2023-07-17 02:00:00,Maharashtra,Western Region,303.5,301.67,5674.9,5587.9,0.0,89.53,96.27,29.6,0.0,87.3,0,None
2023-07-17 03:00:00,Maharashtra,Western Region,239.41,234.49,4418.5,4321.2,0.0,87.49,96.88,27.5,0.0,91.0,0,None
2023-07-17 04:00:00,Maharashtra,Western Region,314.85,311.51,5819.7,5600.7,0.0,99.99,99.13,31.4,8.1,74.8,0,None
2023-07-17 05:00:00,Maharashtra,Western Region,329.64,322.7,6127.8,6082.2,0.0,67.8,84.52,30.6,1.8,86.5,0,None
2023-07-17 06:00:00,Maharashtra,Western Region,395.04,384.15,7327.2,7301.8,0.77,72.14,92.93,32.5,0.0,71.9,0,None
2023-07-17 07:00:00,Maharashtra,Western Region,408.43,403.27,7621.3,7504.6,26.77,91.92,90.72,31.0,0.0,52.7,0,None
2023-07-17 08:00:00,Maharashtra,Western Region,573.45,562.63,10549.3,10176.6,24.82,68.33,90.74,36.4,0.3,100.0,0,None
2023-07-17 09:00:00,Maharashtra,Western Region,636.81,618.29,11748.9,11382.1,26.43,68.33,86.34,37.0,1.5,69.2,0,None
2023-07-17 10:00:00,Maharashtra,Western Region,670.85,666.4,12533.8,12277.3,99.44,56.14,77.22,37.9,0.0,65.1,0,None
2023-07-17 11:00:00,Maharashtra,Western Region,688.75,679.04,12806.7,12523.6,111.78,78.73,86.52,37.3,0.0,73.6,0,None
2023-07-17 12:00:00,Maharashtra,Western Region,758.28,746.85,13996.3,13787.7,116.93,65.84,95.05,39.9,0.0,88.1,0,None
2023-07-17 13:00:00,Maharashtra,Western Region,677.46,662.96,12564.1,12430.7,59.51,67.55,101.98,38.5,2.7,80.6,0,None
2023-07-17 14:00:00,Maharashtra,Western Region,608.01,589.94,11295.0,10976.9,95.9,69.64,90.07,36.9,0.0,59.4,0,None
2023-07-17 15:00:00,Maharashtra,Western Region,621.93,608.93,11559.7,11403.4,87.34,77.39,96.99,41.5,0.0,65.2,0,None
2023-07-17 16:00:00,Maharashtra,Western Region,582.89,573.34,10813.2,10741.8,69.63,83.34,88.42,41.2,0.0,83.2,0,None
2023-07-17 17:00:00,Maharashtra,Western Region,508.0,496.48,9470.8,9401.8,11.42,70.55,97.36,36.9,0.5,60.6,0,None
2023-07-17 18:00:00,Maharashtra,Western Region,541.22,527.2,9986.5,9691.8,0.0,83.22,96.61,39.6,0.0,61.5,0,None
2023-07-17 19:00:00,Maharashtra,Western Region,506.0,491.93,9400.3,9182.9,0.0,78.56,92.99,37.1,0.0,67.4,0,None
2023-07-17 20:00:00,Maharashtra,Western Region,445.94,438.79,8152.1,7856.1,0.0,85.06,82.06,32.5,0.0,85.9,0,None
2023-07-17 21:00:00,Maharashtra,Western Region,458.54,456.59,8472.9,8235.8,0.0,90.33,89.34,32.3,0.4,70.9,0,None
2023-07-17 22:00:00,Maharashtra,Western Region,439.15,426.55,8141.7,7849.9,0.0,95.34,91.88,32.4,0.0,74.7,0,None
2023-07-17 23:00:00,Maharashtra,Western Region,433.8,426.39,8063.4,7803.2,0.0,86.72,97.65,32.1,0.4,100.0,0,None
2023-07-18 00:00:00,Maharashtra,Western Region,345.06,340.5,6419.0,6162.7,0.0,83.44,97.91,30.2,0.0,78.4,0,None
2023-07-18 01:00:00,Maharashtra,Western Region,313.92,307.45,5812.2,5779.6,0.0,98.25,97.81,28.2,1.0,91.8,0,None
2023-07-18 02:00:00,Maharashtra,Western Region,301.93,300.33,5499.8,5396.8,0.0,103.98,88.78,29.9,0.0,78.6,0,None
2023-07-18 03:00:00,Maharashtra,Western Region,295.04,288.94,5477.5,5471.0,0.0,78.09,98.54,32.7,0.0,62.4,0,None
2023-07-18 04:00:00,Maharashtra,Western Region,270.1,265.12,4976.0,4961.4,0.0,91.29,99.45,26.7,0.0,82.3,0,None
2023-07-18 05:00:00,Maharashtra,Western Region,306.31,301.56,5697.0,5580.5,0.0,75.98,93.64,29.8,0.0,65.7,0,None
2023-07-18 06:00:00,Maharashtra,Western Region,356.61,355.01,6642.3,6614.5,0.67,86.72,89.93,31.9,0.0,85.0,0,None
2023-07-18 07:00:00,Maharashtra,Western Region,464.33,463.53,8582.3,8287.6,20.53,75.42,84.06,33.0,0.0,66.4,0,None
2023-07-18 08:00:00,Maharashtra,Western Region,561.9,560.57,10417.0,10187.5,54.97,78.07,85.04,35.7,0.0,89.2,0,None
2023-07-18 09:00:00,Maharashtra,Western Region,615.08,606.62,11296.9,11081.1,86.16,63.3,84.19,35.3,0.0,89.3,0,None
2023-07-18 10:00:00,Maharashtra,Western Region,634.86,625.97,11699.8,11596.8,109.13,61.63,89.27,36.0,0.0,68.6,0,None
2023-07-18 11:00:00,Maharashtra,Western Region,671.98,667.59,12395.9,12319.8,122.34,71.28,92.22,35.8,0.0,91.3,0,None
2023-07-18 12:00:00,Maharashtra,Western Region,757.8,740.95,14141.6,14041.8,55.61,70.83,91.06,39.2,2.9,59.4,0,None
2023-07-18 13:00:00,Maharashtra,Western Region,646.19,630.36,11960.8,11610.5,52.63,71.74,84.39,37.4,2.6,78.3,0,None
2023-07-18 14:00:00,Maharashtra,Western Region,651.6,643.65,12076.3,11624.8,102.04,63.7,87.04,38.9,0.0,85.1,0,None
2023-07-18 15:00:00,Maharashtra,Western Region,616.72,616.36,11428.7,11040.9,84.39,73.51,95.67,40.1,0.0,67.6,0,None
2023-07-18 16:00:00,Maharashtra,Western Region,568.84,565.25,10522.7,10464.0,31.39,79.9,80.51,39.5,0.7,83.8,0,None
2023-07-18 17:00:00,Maharashtra,Western Region,500.64,493.11,9193.9,8959.4,22.2,73.32,90.81,37.2,0.5,90.2,0,None
2023-07-18 18:00:00,Maharashtra,Western Region,519.5,506.64,9615.6,9369.0,0.0,90.05,84.67,39.6,0.3,55.1,0,None
2023-07-18 19:00:00,Maharashtra,Western Region,456.38,443.15,8531.3,8509.2,0.0,83.22,95.34,32.9,0.7,63.1,0,None
2023-07-18 20:00:00,Maharashtra,Western Region,486.03,474.44,9042.9,8825.8,0.0,78.6,94.77,34.5,1.2,66.8,0,None
2023-07-18 21:00:00,Maharashtra,Western Region,483.94,474.7,8965.7,8834.8,0.0,97.91,81.53,34.7,5.7,73.5,0,None
2023-07-18 22:00:00,Maharashtra,Western Region,497.15,483.55,9220.4,9169.5,0.0,95.81,94.57,35.1,0.0,66.8,0,None
2023-07-18 23:00:00,Maharashtra,Western Region,412.53,400.2,7682.5,7555.2,0.0,96.2,89.87,30.2,0.0,69.6,0,None
2023-07-19 00:00:00,Maharashtra,Western Region,371.82,368.31,6936.3,6709.6,0.0,97.1,80.58,30.5,0.0,69.9,0,None
2023-07-19 01:00:00,Maharashtra,Western Region,315.05,308.23,5823.2,5755.4,0.0,93.67,87.9,31.7,0.0,68.3,0,None
2023-07-19 02:00:00,Maharashtra,Western Region,287.83,281.9,5334.3,5255.6,0.0,93.86,92.09,29.6,0.0,69.9,0,None
2023-07-19 03:00:00,Maharashtra,Western Region,273.72,270.67,5069.9,4900.0,0.0,95.14,94.04,26.1,0.0,83.0,0,None
2023-07-19 04:00:00,Maharashtra,Western Region,280.48,274.22,5167.1,5051.5,0.0,86.58,93.92,31.2,0.0,82.7,0,None
2023-07-19 05:00:00,Maharashtra,Western Region,283.7,282.65,5198.5,5043.5,0.0,93.49,89.62,27.3,0.4,76.1,0,None
2023-07-19 06:00:00,Maharashtra,Western Region,373.48,367.25,6916.5,6888.7,3.26,72.01,90.4,31.4,0.0,75.1,0,None
2023-07-19 07:00:00,Maharashtra,Western Region,430.89,428.13,7877.6,7847.7,26.68,87.74,83.39,31.6,0.0,86.6,0,None
2023-07-19 08:00:00,Maharashtra,Western Region,516.13,502.88,9555.1,9248.8,56.59,76.9,80.72,32.9,0.0,70.4,0,None
2023-07-19 09:00:00,Maharashtra,Western Region,593.77,590.11,10920.9,10628.4,88.19,60.54,91.01,34.2,0.0,62.8,0,None
2023-07-19 10:00:00,Maharashtra,Western Region,725.8,708.16,13372.7,13104.2,58.65,76.24,93.11,37.2,4.0,72.0,0,None
2023-07-19 11:00:00,Maharashtra,Western Region,663.3,647.86,12281.3,12065.3,112.67,46.79,92.22,35.9,0.0,88.1,0,None
2023-07-19 12:00:00,Maharashtra,Western Region,731.28,709.98,13492.5,13297.4,122.96,70.27,94.49,40.2,0.0,52.0,0,None
2023-07-19 13:00:00,Maharashtra,Western Region,640.32,629.98,11844.1,11662.4,115.0,66.81,94.32,36.6,0.0,65.0,0,None
2023-07-19 14:00:00,Maharashtra,Western Region,655.78,645.32,12128.3,11970.6,109.67,71.42,93.18,39.1,0.0,74.7,0,None
2023-07-19 15:00:00,Maharashtra,Western Region,578.62,571.98,10710.2,10459.3,89.74,83.18,90.63,38.2,0.0,83.4,0,None
2023-07-19 16:00:00,Maharashtra,Western Region,576.9,570.14,10743.1,10575.6,29.94,72.88,95.36,40.1,0.4,61.6,0,None
2023-07-19 17:00:00,Maharashtra,Western Region,530.17,522.46,9807.2,9497.3,17.0,72.33,76.09,37.5,0.0,70.2,0,None
2023-07-19 18:00:00,Maharashtra,Western Region,484.95,478.14,8971.1,8647.9,0.0,73.3,95.1,35.7,0.0,76.7,0,None
2023-07-19 19:00:00,Maharashtra,Western Region,537.27,533.9,9959.6,9924.3,0.0,82.82,93.24,36.7,0.0,66.2,0,None
2023-07-19 20:00:00,Maharashtra,Western Region,509.42,503.27,9529.8,9256.1,0.0,85.05,96.99,35.1,0.0,66.4,0,None
2023-07-19 21:00:00,Maharashtra,Western Region,479.53,474.53,8974.6,8710.0,0.0,102.92,87.11,34.4,0.9,85.1,0,None
2023-07-19 22:00:00,Maharashtra,Western Region,428.46,418.55,7980.6,7767.6,0.0,94.33,94.06,30.4,1.8,67.2,0,None
2023-07-19 23:00:00,Maharashtra,Western Region,368.71,365.76,6778.4,6582.0,0.0,67.33,89.24,30.0,0.0,78.5,0,None
2023-07-20 00:00:00,Maharashtra,Western Region,342.03,335.79,6363.9,6181.9,0.0,98.75,83.95,31.3,0.0,78.4,0,None
2023-07-20 01:00:00,Maharashtra,Western Region,329.81,324.65,6129.1,6094.0,0.0,93.43,100.74,31.3,0.0,76.7,0,None
2023-07-20 02:00:00,Maharashtra,Western Region,260.68,260.47,4843.2,4820.2,0.0,89.58,98.93,28.4,0.0,71.4,0,None
2023-07-20 03:00:00,Maharashtra,Western Region,276.15,271.92,5083.7,4899.2,0.0,95.86,89.66,30.5,0.0,72.9,0,None
2023-07-20 04:00:00,Maharashtra,Western Region,290.7,283.81,5312.1,5133.7,0.0,99.53,84.15,30.5,0.0,78.7,0,None
2023-07-20 05:00:00,Maharashtra,Western Region,319.58,318.73,6011.3,5810.8,0.0,83.93,83.65,30.7,0.0,66.2,0,None
2023-07-20 06:00:00,Maharashtra,Western Region,385.97,379.52,7146.6,7003.0,0.0,75.83,86.82,31.4,0.0,72.2,0,None
2023-07-20 07:00:00,Maharashtra,Western Region,477.53,470.88,8816.4,8632.5,19.93,80.05,96.35,33.5,0.0,78.2,0,None
2023-07-20 08:00:00,Maharashtra,Western Region,551.27,549.47,10247.8,10113.3,60.79,88.16,96.27,35.1,0.0,83.4,0,None
2023-07-20 09:00:00,Maharashtra,Western Region,715.37,698.96,13247.0,13140.5,48.75,75.02,87.73,38.4,0.8,77.9,0,None
2023-07-20 10:00:00,Maharashtra,Western Region,690.09,677.75,12748.7,12747.1,45.5,65.01,93.28,38.4,0.2,74.7,0,None
2023-07-20 11:00:00,Maharashtra,Western Region,708.72,706.29,13103.1,12778.9,46.79,62.7,80.6,38.3,1.3,77.4,0,None
2023-07-20 12:00:00,Maharashtra,Western Region,670.82,659.67,12414.0,12294.0,59.5,61.34,84.52,35.5,3.5,74.5,0,None
2023-07-20 13:00:00,Maharashtra,Western Region,702.02,696.46,12994.3,12665.6,110.89,50.11,83.57,38.8,0.0,65.8,0,None
2023-07-20 14:00:00,Maharashtra,Western Region,624.57,619.29,11502.7,11211.7,108.88,68.92,93.34,38.7,0.0,75.1,0,None
2023-07-20 15:00:00,Maharashtra,Western Region,637.77,634.56,11823.5,11721.7,83.99,66.74,92.59,41.3,0.0,82.6,0,None
2023-07-20 16:00:00,Maharashtra,Western Region,576.32,562.56,10606.4,10267.7,24.63,64.58,96.22,38.7,0.6,55.8,0,None
2023-07-20 17:00:00,Maharashtra,Western Region,536.87,526.99,9909.2,9826.0,37.66,79.9,82.52,39.1,0.0,67.7,0,None
2023-07-20 18:00:00,Maharashtra,Western Region,500.72,499.4,9197.2,8986.8,1.54,79.79,94.58,36.4,0.5,70.6,0,None
2023-07-20 19:00:00,Maharashtra,Western Region,454.52,447.33,8516.4,8413.1,0.0,78.47,84.16,34.5,1.2,83.5,0,None
2023-07-20 20:00:00,Maharashtra,Western Region,478.22,473.2,8840.6,8709.0,0.0,100.21,102.36,34.1,0.1,65.9,0,None
2023-07-20 21:00:00,Maharashtra,Western Region,483.23,480.32,8945.4,8626.7,0.0,97.96,90.57,33.5,0.0,72.7,0,None
2023-07-20 22:00:00,Maharashtra,Western Region,442.14,432.52,8275.0,8115.2,0.0,96.6,97.24,32.5,1.2,79.5,0,None
2023-07-20 23:00:00,Maharashtra,Western Region,395.58,384.51,7293.6,7151.0,0.0,90.59,87.79,28.5,0.8,72.6,0,None
2023-07-21 00:00:00,Maharashtra,Western Region,348.87,342.81,6451.6,6391.5,0.0,104.11,87.39,29.0,2.4,63.2,0,None
2023-07-21 01:00:00,Maharashtra,Western Region,331.55,325.25,6163.5,5944.7,0.0,81.39,87.84,29.1,0.0,87.7,0,None
2023-07-21 02:00:00,Maharashtra,Western Region,256.23,249.56,4748.9,4731.2,0.0,82.3,87.3,27.9,0.0,81.6,0,None
2023-07-21 03:00:00,Maharashtra,Western Region,252.85,250.74,4577.4,4411.4,0.0,95.55,94.35,27.7,0.0,85.1,0,None
2023-07-21 04:00:00,Maharashtra,Western Region,283.58,275.78,5180.6,5176.9,0.0,90.68,97.96,28.9,0.0,70.9,0,None
2023-07-21 05:00:00,Maharashtra,Western Region,330.23,326.92,6185.6,6008.1,0.0,94.86,97.39,30.2,0.0,78.7,0,None
2023-07-21 06:00:00,Maharashtra,Western Region,335.91,333.51,6153.5,6016.8,0.0,89.96,76.95,28.0,2.3,54.4,0,None
2023-07-21 07:00:00,Maharashtra,Western Region,505.57,499.22,9303.9,8991.1,27.67,74.2,100.03,35.4,0.0,80.1,0,None
2023-07-21 08:00:00,Maharashtra,Western Region,520.76,519.3,9637.5,9621.3,27.11,74.93,94.54,32.7,1.8,74.1,0,None
2023-07-21 09:00:00,Maharashtra,Western Region,619.73,612.82,11491.3,11441.8,41.82,70.88,87.41,35.4,0.4,76.3,0,None
2023-07-21 10:00:00,Maharashtra,Western Region,682.85,670.55,12606.5,12230.2,104.59,49.53,98.7,36.6,0.0,99.6,0,None
2023-07-21 11:00:00,Maharashtra,Western Region,692.15,674.85,12822.6,12333.8,118.18,68.59,79.37,37.3,0.0,76.9,0,None
2023-07-21 12:00:00,Maharashtra,Western Region,679.42,675.92,12550.1,12299.9,122.39,60.64,94.55,36.7,0.0,88.9,0,None
2023-07-21 13:00:00,Maharashtra,Western Region,670.16,667.81,12384.2,12382.0,57.22,53.59,88.09,38.6,1.0,88.1,0,None
2023-07-21 14:00:00,Maharashtra,Western Region,649.87,647.38,11999.5,11650.7,111.97,54.85,90.8,38.4,0.0,93.2,0,None
2023-07-21 15:00:00,Maharashtra,Western Region,585.29,572.35,10821.6,10731.4,87.64,66.88,93.36,37.5,0.0,63.2,0,None
2023-07-21 16:00:00,Maharashtra,Western Region,487.14,486.41,9037.7,8861.6,64.55,79.67,84.73,35.3,0.0,78.3,0,None
2023-07-21 17:00:00,Maharashtra,Western Region,498.29,495.6,9341.6,9313.2,31.78,67.09,88.65,37.7,0.0,89.4,0,None
2023-07-21 18:00:00,Maharashtra,Western Region,500.0,498.39,9163.9,9157.8,0.0,75.23,81.51,34.5,0.0,73.0,0,None
2023-07-21 19:00:00,Maharashtra,Western Region,496.05,496.0,9263.2,8910.8,0.0,86.23,102.35,35.5,0.0,100.0,0,None
2023-07-21 20:00:00,Maharashtra,Western Region,448.09,441.98,8369.3,8180.1,0.0,85.24,82.05,30.8,0.0,63.4,0,None
2023-07-21 21:00:00,Maharashtra,Western Region,468.41,459.8,8671.8,8467.8,0.0,85.33,92.56,33.8,0.0,87.7,0,None
2023-07-21 22:00:00,Maharashtra,Western Region,403.44,402.24,7514.2,7402.2,0.0,107.73,91.57,31.1,0.0,78.2,0,None
2023-07-21 23:00:00,Maharashtra,Western Region,432.31,421.99,8083.1,7957.5,0.0,93.28,86.41,35.2,0.0,86.5,0,None
2023-07-22 00:00:00,Maharashtra,Western Region,337.56,329.26,6214.9,6123.2,0.0,97.85,93.95,29.5,0.5,87.7,0,None
2023-07-22 01:00:00,Maharashtra,Western Region,290.6,290.03,5537.2,5317.7,0.0,99.0,97.0,28.4,3.0,73.8,0,None
2023-07-22 02:00:00,Maharashtra,Western Region,276.02,268.26,5020.8,4858.1,0.0,106.28,91.26,31.1,0.7,77.7,0,None
2023-07-22 03:00:00,Maharashtra,Western Region,287.43,278.92,5253.0,5227.8,0.0,82.31,77.65,29.3,0.0,76.3,0,None
2023-07-22 04:00:00,Maharashtra,Western Region,304.98,301.39,5572.8,5456.0,0.0,92.34,93.08,30.8,0.0,71.1,0,None
2023-07-22 05:00:00,Maharashtra,Western Region,290.78,285.92,5407.1,5204.2,0.0,79.94,90.3,27.6,0.0,72.0,0,None
2023-07-22 06:00:00,Maharashtra,Western Region,363.32,353.93,6705.2,6547.4,1.05,75.39,100.28,31.4,0.0,75.2,0,None
2023-07-22 07:00:00,Maharashtra,Western Region,446.94,437.99,8294.0,8192.4,30.19,81.52,100.03,32.0,0.0,72.0,0,None
2023-07-22 08:00:00,Maharashtra,Western Region,597.31,588.64,10975.1,10967.0,38.52,57.23,94.37,36.7,0.0,61.8,0,None
2023-07-22 09:00:00,Maharashtra,Western Region,616.62,611.31,11426.5,11314.8,88.93,62.0,97.4,33.8,0.0,71.3,0,None
2023-07-22 10:00:00,Maharashtra,Western Region,675.48,656.99,12487.9,12398.8,106.87,69.57,88.96,36.5,0.0,84.3,0,None
2023-07-22 11:00:00,Maharashtra,Western Region,662.83,647.31,12271.2,11983.6,54.27,68.89,86.93,34.9,0.1,71.5,0,None
2023-07-22 12:00:00,Maharashtra,Western Region,683.54,668.3,12688.4,12188.0,119.35,55.04,84.66,36.8,0.0,66.3,0,None
2023-07-22 13:00:00,Maharashtra,Western Region,708.14,705.43,13127.8,12763.5,57.01,64.4,97.68,39.5,0.1,100.0,0,None
2023-07-22 14:00:00,Maharashtra,Western Region,618.42,605.62,11459.0,11197.5,116.24,71.46,89.66,38.1,0.0,68.4,0,None
2023-07-22 15:00:00,Maharashtra,Western Region,574.88,564.03,10667.4,10279.1,85.53,71.67,86.79,39.5,0.0,70.3,0,None
2023-07-22 16:00:00,Maharashtra,Western Region,548.43,534.27,10213.2,10181.8,71.33,68.89,76.74,38.4,0.0,74.7,0,None
2023-07-22 17:00:00,Maharashtra,Western Region,524.02,514.25,9674.4,9293.1,35.01,60.89,80.52,38.6,0.0,77.6,0,None
2023-07-22 18:00:00,Maharashtra,Western Region,541.98,539.4,9930.3,9877.0,0.42,71.33,86.38,38.3,0.0,75.3,0,None
2023-07-22 19:00:00,Maharashtra,Western Region,491.89,478.43,9059.2,8718.1,0.0,96.02,84.35,36.3,0.0,89.4,0,None
2023-07-22 20:00:00,Maharashtra,Western Region,440.86,434.35,8174.4,8147.3,0.0,83.14,90.56,32.6,0.0,71.8,0,None
2023-07-22 21:00:00,Maharashtra,Western Region,512.41,503.48,9419.1,9384.8,0.0,91.15,88.58,34.4,0.0,72.5,0,None
2023-07-22 22:00:00,Maharashtra,Western Region,471.83,469.84,8636.1,8592.4,0.0,83.49,90.98,33.0,0.0,92.9,0,None
2023-07-22 23:00:00,Maharashtra,Western Region,445.35,433.3,8181.6,8071.0,0.0,91.47,82.54,33.3,0.0,74.3,0,None
2023-07-23 00:00:00,Maharashtra,Western Region,305.76,302.36,5704.0,5498.1,0.0,97.92,102.49,28.8,0.0,79.7,1,None
2023-07-23 01:00:00,Maharashtra,Western Region,252.62,247.86,4588.1,4521.4,0.0,88.53,81.69,30.3,0.0,80.3,1,None
2023-07-23 02:00:00,Maharashtra,Western Region,278.08,269.86,5102.6,5101.1,0.0,87.07,78.79,30.3,0.0,81.4,1,None
2023-07-23 03:00:00,Maharashtra,Western Region,239.62,233.99,4407.8,4298.8,0.0,96.96,89.61,31.7,0.0,93.3,1,None
2023-07-23 04:00:00,Maharashtra,Western Region,246.8,245.58,4546.7,4496.0,0.0,80.42,97.67,29.7,2.2,60.6,1,None
2023-07-23 05:00:00,Maharashtra,Western Region,273.35,266.15,5016.9,4868.5,0.0,83.87,97.44,28.4,0.0,86.7,1,None
2023-07-23 06:00:00,Maharashtra,Western Region,341.03,340.18,6291.3,6042.1,0.0,82.91,87.02,31.7,0.0,78.3,1,None
2023-07-23 07:00:00,Maharashtra,Western Region,383.13,381.61,7108.9,6930.1,15.15,68.5,99.96,31.8,0.7,68.7,1,None
2023-07-23 08:00:00,Maharashtra,Western Region,446.15,443.61,8199.6,8020.0,54.59,68.0,98.47,31.3,0.0,66.8,1,None
2023-07-23 09:00:00,Maharashtra,Western Region,566.71,560.08,10446.2,10431.2,88.0,66.44,81.36,33.9,0.0,70.7,1,None
2023-07-23 10:00:00,Maharashtra,Western Region,623.61,611.4,11564.1,11343.2,104.03,63.08,85.85,35.8,0.0,73.4,1,None
2023-07-23 11:00:00,Maharashtra,Western Region,671.98,661.7,12468.5,12086.8,54.79,58.38,78.01,39.3,0.8,76.8,1,None
2023-07-23 12:00:00,Maharashtra,Western Region,627.95,622.79,11707.1,11695.4,65.97,64.25,84.87,36.6,1.8,58.4,1,None
2023-07-23 13:00:00,Maharashtra,Western Region,673.15,664.11,12374.8,12014.4,58.53,77.69,93.15,40.6,3.1,68.1,1,None
2023-07-23 14:00:00,Maharashtra,Western Region,590.39,584.58,10948.5,10574.7,104.42,59.24,84.36,38.8,0.0,71.5,1,None
2023-07-23 15:00:00,Maharashtra,Western Region,553.94,549.23,10219.4,9951.9,89.59,73.25,93.71,37.9,0.0,87.6,1,None
2023-07-23 16:00:00,Maharashtra,Western Region,487.76,473.31,9030.3,8726.7,55.07,81.08,92.05,38.5,0.0,86.5,1,None
2023-07-23 17:00:00,Maharashtra,Western Region,461.01,460.63,8501.4,8303.8,8.91,77.42,86.9,36.0,5.3,78.9,1,None
2023-07-23 18:00:00,Maharashtra,Western Region,479.49,476.57,8863.5,8604.2,0.0,78.27,92.77,37.6,0.0,85.2,1,None
2023-07-23 19:00:00,Maharashtra,Western Region,447.09,443.91,8258.1,7989.6,0.0,80.51,99.12,33.4,0.0,72.7,1,None
2023-07-23 20:00:00,Maharashtra,Western Region,437.08,435.71,8029.1,7883.2,0.0,77.35,96.35,35.7,0.0,72.3,1,None
2023-07-23 21:00:00,Maharashtra,Western Region,438.78,438.6,8105.5,7989.6,0.0,96.35,94.1,34.9,0.0,84.9,1,None
2023-07-23 22:00:00,Maharashtra,Western Region,419.64,412.59,7787.2,7757.5,0.0,95.73,89.88,33.0,0.0,83.1,1,None
2023-07-23 23:00:00,Maharashtra,Western Region,353.92,348.93,6555.9,6412.0,0.0,104.41,82.74,31.8,1.4,83.6,1,None
2023-07-24 00:00:00,Maharashtra,Western Region,333.06,331.11,6187.1,6134.2,0.0,102.5,97.32,29.7,0.0,90.4,0,None
2023-07-24 01:00:00,Maharashtra,Western Region,311.32,306.6,5768.8,5676.3,0.0,93.21,93.27,28.3,0.0,78.6,0,None
2023-07-24 02:00:00,Maharashtra,Western Region,294.69,292.8,5523.1,5387.9,0.0,100.8,76.05,31.5,0.0,86.5,0,None
2023-07-24 03:00:00,Maharashtra,Western Region,243.29,239.56,4426.3,4422.2,0.0,100.68,88.92,30.3,0.0,93.8,0,None
2023-07-24 04:00:00,Maharashtra,Western Region,316.63,307.84,5893.3,5714.5,0.0,90.08,86.12,31.6,0.0,75.7,0,None
2023-07-24 05:00:00,Maharashtra,Western Region,309.67,303.33,5824.6,5596.4,0.0,83.28,90.02,29.5,0.0,87.9,0,None
2023-07-24 06:00:00,Maharashtra,Western Region,375.45,371.19,6912.1,6656.3,0.0,86.02,93.63,30.8,0.0,70.8,0,None
2023-07-24 07:00:00,Maharashtra,Western Region,490.27,477.81,9050.2,8982.5,26.53,77.15,92.7,33.6,0.0,89.1,0,None
2023-07-24 08:00:00,Maharashtra,Western Region,497.61,483.52,9219.4,9140.8,24.38,75.9,85.37,32.5,6.2,71.1,0,None
2023-07-24 09:00:00,Maharashtra,Western Region,622.78,619.11,11466.2,11396.5,88.37,62.09,91.99,34.7,0.0,71.7,0,None
2023-07-24 10:00:00,Maharashtra,Western Region,748.62,734.78,13857.3,13354.8,100.97,70.99,85.08,39.3,0.0,98.2,0,None
2023-07-24 11:00:00,Maharashtra,Western Region,689.93,676.81,12725.5,12355.5,119.62,71.86,83.25,36.4,0.0,77.2,0,None
2023-07-24 12:00:00,Maharashtra,Western Region,689.82,683.64,12770.4,12617.9,55.99,35.15,87.72,37.4,0.5,74.8,0,None
2023-07-24 13:00:00,Maharashtra,Western Region,679.3,674.49,12582.6,12236.9,54.88,58.08,86.63,38.3,3.5,84.8,0,None
2023-07-24 14:00:00,Maharashtra,Western Region,623.41,610.4,11481.0,11234.9,111.48,80.78,92.83,37.3,0.0,69.8,0,None
2023-07-24 15:00:00,Maharashtra,Western Region,573.53,556.47,10541.9,10493.8,38.51,74.49,91.96,38.1,3.0,78.1,0,None
2023-07-24 16:00:00,Maharashtra,Western Region,560.18,555.21,10370.8,9975.2,56.65,78.75,86.26,38.6,0.0,57.6,0,None
2023-07-24 17:00:00,Maharashtra,Western Region,527.74,526.88,9771.2,9577.2,28.52,74.84,80.13,36.0,0.0,70.0,0,None
2023-07-24 18:00:00,Maharashtra,Western Region,485.13,480.95,8971.1,8720.0,1.08,78.71,86.39,34.6,0.0,67.2,0,None
2023-07-24 19:00:00,Maharashtra,Western Region,443.39,435.81,8168.5,7929.8,0.0,82.55,85.49,32.5,0.0,76.1,0,None
2023-07-24 20:00:00,Maharashtra,Western Region,479.38,472.43,8850.5,8772.0,0.0,83.43,89.43,34.1,0.0,71.8,0,None
2023-07-24 21:00:00,Maharashtra,Western Region,464.45,460.93,8562.0,8505.5,0.0,97.25,90.17,33.5,0.0,92.5,0,None
2023-07-24 22:00:00,Maharashtra,Western Region,425.53,423.47,7853.9,7849.3,0.0,102.24,90.66,31.2,0.2,74.5,0,None
2023-07-24 23:00:00,Maharashtra,Western Region,403.65,403.29,7505.5,7382.5,0.0,102.53,101.36,32.5,0.0,69.9,0,None
2023-07-25 00:00:00,Maharashtra,Western Region,327.26,321.6,6120.2,6064.5,0.0,85.98,87.26,28.7,0.0,67.0,0,None
2023-07-25 01:00:00,Maharashtra,Western Region,312.43,308.76,5771.3,5728.9,0.0,96.69,79.57,29.5,0.0,81.9,0,None
2023-07-25 02:00:00,Maharashtra,Western Region,245.31,244.67,4553.5,4429.8,0.0,97.59,89.23,26.3,0.0,74.3,0,None
2023-07-25 03:00:00,Maharashtra,Western Region,242.06,241.05,4486.6,4413.0,0.0,94.52,87.34,27.3,0.0,67.9,0,None
2023-07-25 04:00:00,Maharashtra,Western Region,295.91,295.67,5590.4,5429.5,0.0,80.2,85.64,30.1,0.0,67.4,0,None
2023-07-25 05:00:00,Maharashtra,Western Region,297.11,290.64,5494.6,5328.1,0.0,84.48,91.48,28.9,0.5,78.4,0,None
2023-07-25 06:00:00,Maharashtra,Western Region,388.99,379.1,7148.7,6979.0,2.46,73.17,93.44,33.2,0.0,83.0,0,None
2023-07-25 07:00:00,Maharashtra,Western Region,454.38,443.25,8453.9,8234.9,18.13,80.24,87.26,34.6,0.4,46.7,0,None
2023-07-25 08:00:00,Maharashtra,Western Region,487.59,477.31,8998.6,8868.2,57.46,71.79,93.84,32.9,0.0,89.7,0,None
2023-07-25 09:00:00,Maharashtra,Western Region,612.82,595.75,11356.5,10976.0,90.14,74.95,90.0,34.8,0.0,78.2,0,None
2023-07-25 10:00:00,Maharashtra,Western Region,690.92,689.96,12753.7,12305.0,50.85,69.55,92.17,37.0,2.4,80.4,0,None
2023-07-25 11:00:00,Maharashtra,Western Region,741.52,726.04,13635.8,13589.9,113.28,76.6,83.26,39.5,0.0,88.2,0,None
2023-07-25 12:00:00,Maharashtra,Western Region,708.25,693.99,13094.4,12963.5,119.11,71.55,97.94,37.8,0.0,75.3,0,None
2023-07-25 13:00:00,Maharashtra,Western Region,649.35,633.81,11958.2,11520.8,115.49,61.0,94.29,36.6,0.0,89.0,0,None
2023-07-25 14:00:00,Maharashtra,Western Region,632.64,623.02,11668.1,11591.1,113.04,65.92,95.9,38.6,0.0,85.7,0,None
2023-07-25 15:00:00,Maharashtra,Western Region,511.6,509.01,9502.2,9180.7,85.13,73.58,97.55,33.8,0.0,77.8,0,None
2023-07-25 16:00:00,Maharashtra,Western Region,499.66,488.31,9300.7,9187.5,32.15,82.0,88.95,35.7,0.6,85.6,0,None
2023-07-25 17:00:00,Maharashtra,Western Region,558.77,549.37,10380.5,10177.4,41.44,84.74,91.64,41.3,0.0,69.6,0,None
2023-07-25 18:00:00,Maharashtra,Western Region,469.22,462.23,8686.9,8522.5,0.76,81.37,94.85,34.4,0.0,72.7,0,None
2023-07-25 19:00:00,Maharashtra,Western Region,535.89,529.4,9847.8,9732.5,0.0,89.4,82.16,36.7,0.0,65.4,0,None
2023-07-25 20:00:00,Maharashtra,Western Region,544.83,528.99,10070.4,9810.7,0.0,95.76,85.87,37.4,0.0,49.6,0,None
2023-07-25 21:00:00,Maharashtra,Western Region,503.39,501.51,9275.1,9174.5,0.0,87.66,91.17,35.1,0.5,70.5,0,None
2023-07-25 22:00:00,Maharashtra,Western Region,411.25,405.12,7600.0,7571.9,0.0,90.7,84.37,30.1,0.0,75.6,0,None
2023-07-25 23:00:00,Maharashtra,Western Region,389.49,380.53,7276.4,7251.9,0.0,105.8,82.09,30.8,0.0,72.1,0,None
2023-07-26 00:00:00,Maharashtra,Western Region,353.7,343.88,6493.1,6308.9,0.0,76.09,90.28,30.8,0.9,85.7,0,None
2023-07-26 01:00:00,Maharashtra,Western Region,314.99,311.65,5895.8,5789.1,0.0,93.21,93.51,29.4,0.0,72.2,0,None
2023-07-26 02:00:00,Maharashtra,Western Region,274.7,266.54,5098.2,5035.9,0.0,84.93,95.87,30.0,0.0,58.8,0,None
2023-07-26 03:00:00,Maharashtra,Western Region,289.99,285.31,5364.0,5250.5,0.0,90.96,96.4,30.4,3.9,89.6,0,None
2023-07-26 04:00:00,Maharashtra,Western Region,300.71,299.24,5606.0,5489.8,0.0,87.65,85.1,30.0,0.0,63.2,0,None
2023-07-26 05:00:00,Maharashtra,Western Region,331.52,325.57,6113.8,5944.6,0.0,74.96,76.61,32.8,1.5,65.6,0,None
2023-07-26 06:00:00,Maharashtra,Western Region,376.95,366.15,6988.6,6725.4,5.56,66.8,94.2,32.6,0.0,77.6,0,None
2023-07-26 07:00:00,Maharashtra,Western Region,468.81,459.78,8607.6,8458.0,33.7,67.98,88.27,34.5,0.0,79.1,0,None
2023-07-26 08:00:00,Maharashtra,Western Region,532.08,523.03,9830.4,9693.0,54.29,70.81,90.58,33.1,0.0,69.5,0,None
2023-07-26 09:00:00,Maharashtra,Western Region,586.55,577.91,10820.1,10478.9,87.35,73.29,82.8,34.0,0.0,74.7,0,None
2023-07-26 10:00:00,Maharashtra,Western Region,654.37,642.06,12181.4,11741.8,99.1,62.78,96.76,36.9,0.0,76.3,0,None
2023-07-26 11:00:00,Maharashtra,Western Region,758.43,747.96,14009.9,13678.7,59.45,78.0,94.64,39.3,1.2,81.0,0,None
2023-07-26 12:00:00,Maharashtra,Western Region,701.53,681.42,12921.5,12639.5,119.33,66.98,90.56,38.9,0.0,76.8,0,None
2023-07-26 13:00:00,Maharashtra,Western Region,689.21,676.31,12834.7,12403.5,68.67,69.82,98.45,40.0,3.2,72.7,0,None
2023-07-26 14:00:00,Maharashtra,Western Region,613.05,609.51,11405.3,11189.1,108.73,61.81,91.57,38.3,0.0,87.2,0,None
2023-07-26 15:00:00,Maharashtra,Western Region,628.52,628.51,11684.7,11588.9,42.92,69.89,93.98,40.4,1.9,67.8,0,None
2023-07-26 16:00:00,Maharashtra,Western Region,495.95,495.43,9197.5,8881.9,63.11,69.0,99.42,37.0,0.0,77.9,0,None
2023-07-26 17:00:00,Maharashtra,Western Region,543.34,543.24,10124.6,9895.4,23.19,79.13,82.25,38.3,2.0,69.3,0,None
2023-07-26 18:00:00,Maharashtra,Western Region,512.24,504.03,9411.0,9368.3,0.16,83.75,98.45,35.0,0.0,68.7,0,None
2023-07-26 19:00:00,Maharashtra,Western Region,519.24,513.91,9626.6,9423.8,0.0,94.74,83.85,34.9,1.5,81.1,0,None
2023-07-26 20:00:00,Maharashtra,Western Region,500.97,494.52,9281.4,9060.1,0.0,73.8,86.58,34.9,0.0,73.4,0,None
2023-07-26 21:00:00,Maharashtra,Western Region,494.44,483.8,9150.7,8933.6,0.0,81.98,92.49,34.7,0.0,63.2,0,None
2023-07-26 22:00:00,Maharashtra,Western Region,373.09,372.3,6951.6,6791.1,0.0,100.47,94.14,29.3,0.8,59.3,0,None
2023-07-26 23:00:00,Maharashtra,Western Region,413.74,411.24,7596.9,7474.7,0.0,89.18,94.5,31.7,0.0,84.1,0,None
2023-07-27 00:00:00,Maharashtra,Western Region,399.23,388.25,7390.6,7287.6,0.0,100.65,95.04,31.9,0.6,71.4,0,None
2023-07-27 01:00:00,Maharashtra,Western Region,312.98,304.83,5812.0,5776.1,0.0,101.76,92.76,29.7,0.0,70.8,0,None
2023-07-27 02:00:00,Maharashtra,Western Region,299.05,298.39,5583.0,5432.1,0.0,88.44,96.13,31.3,0.0,67.6,0,None
2023-07-27 03:00:00,Maharashtra,Western Region,262.42,255.44,4819.9,4809.1,0.0,90.32,77.04,29.9,0.0,74.2,0,None
2023-07-27 04:00:00,Maharashtra,Western Region,266.79,265.27,4902.2,4749.1,0.0,69.62,87.68,28.7,0.0,82.2,0,None
2023-07-27 05:00:00,Maharashtra,Western Region,295.73,288.45,5495.1,5466.2,0.0,82.61,86.79,28.6,0.1,75.8,0,None
2023-07-27 06:00:00,Maharashtra,Western Region,384.51,382.51,7074.7,6879.7,4.69,77.43,89.26,32.1,1.6,75.6,0,None
2023-07-27 07:00:00,Maharashtra,Western Region,435.45,433.28,8176.2,7995.6,30.93,76.65,89.98,31.2,0.0,72.2,0,None
2023-07-27 08:00:00,Maharashtra,Western Region,558.32,541.95,10387.7,10344.4,59.61,78.25,93.96,36.4,0.0,71.5,0,None
2023-07-27 09:00:00,Maharashtra,Western Region,664.26,652.77,12376.0,12325.4,48.7,81.52,87.41,38.2,0.2,61.4,0,None
2023-07-27 10:00:00,Maharashtra,Western Region,695.68,684.63,12793.4,12356.0,106.93,72.1,97.62,38.0,0.0,61.9,0,None
2023-07-27 11:00:00,Maharashtra,Western Region,677.98,670.42,12542.3,12402.5,114.86,52.52,85.95,35.7,0.0,73.3,0,None
2023-07-27 12:00:00,Maharashtra,Western Region,709.02,689.97,13161.1,13129.0,123.99,59.98,95.58,38.2,0.0,74.9,0,None
2023-07-27 13:00:00,Maharashtra,Western Region,657.05,640.19,12161.7,12040.4,123.39,74.59,85.92,38.6,0.0,61.9,0,None
2023-07-27 14:00:00,Maharashtra,Western Region,632.0,624.25,11646.8,11640.1,103.29,74.83,85.66,38.8,0.0,66.1,0,None
2023-07-27 15:00:00,Maharashtra,Western Region,576.88,572.8,10696.9,10457.8,81.44,77.75,85.81,38.8,0.0,76.5,0,None
2023-07-27 16:00:00,Maharashtra,Western Region,585.8,575.72,10803.4,10618.8,52.03,69.27,94.99,39.6,0.0,70.0,0,None
2023-07-27 17:00:00,Maharashtra,Western Region,482.93,475.98,8926.1,8580.1,12.86,70.31,88.68,35.3,0.2,70.5,0,None
2023-07-27 18:00:00,Maharashtra,Western Region,523.04,516.74,9722.0,9420.5,0.0,83.69,88.62,37.2,0.0,86.1,0,None
2023-07-27 19:00:00,Maharashtra,Western Region,441.3,432.61,8269.4,8094.7,0.0,81.39,86.37,34.0,0.0,87.8,0,None
2023-07-27 20:00:00,Maharashtra,Western Region,485.07,475.66,8975.8,8707.4,0.0,94.14,92.93,33.6,0.0,91.5,0,None
2023-07-27 21:00:00,Maharashtra,Western Region,430.84,427.08,7975.5,7908.5,0.0,102.9,84.72,31.3,0.0,80.4,0,None
2023-07-27 22:00:00,Maharashtra,Western Region,423.33,423.05,7818.9,7590.7,0.0,90.0,93.65,31.4,0.0,77.8,0,None
2023-07-27 23:00:00,Maharashtra,Western Region,373.22,370.39,6849.8,6669.8,0.0,113.79,82.06,30.0,3.7,90.8,0,None
2023-07-28 00:00:00,Maharashtra,Western Region,327.61,318.05,5994.4,5830.2,0.0,101.99,94.77,28.1,0.0,75.2,0,None
2023-07-28 01:00:00,Maharashtra,Western Region,311.98,310.11,5769.5,5693.8,0.0,97.19,104.24,30.2,0.0,72.6,0,None
2023-07-28 02:00:00,Maharashtra,Western Region,287.62,281.73,5346.9,5216.8,0.0,82.77,78.5,30.7,0.0,80.3,0,None
2023-07-28 03:00:00,Maharashtra,Western Region,286.27,279.24,5235.2,5105.7,0.0,89.68,91.77,30.3,0.0,71.5,0,None
2023-07-28 04:00:00,Maharashtra,Western Region,281.64,275.26,5218.1,5080.7,0.0,91.86,91.58,29.2,1.2,77.7,0,None
2023-07-28 05:00:00,Maharashtra,Western Region,311.86,302.98,5744.8,5693.3,0.0,80.85,90.03,31.0,0.0,79.2,0,None
2023-07-28 06:00:00,Maharashtra,Western Region,382.22,373.95,7040.6,6954.2,0.0,77.84,95.78,31.0,0.0,66.0,0,None
2023-07-28 07:00:00,Maharashtra,Western Region,469.97,465.19,8711.7,8407.7,25.97,83.07,97.82,33.9,0.0,73.0,0,None
2023-07-28 08:00:00,Maharashtra,Western Region,580.8,567.22,10728.1,10324.3,27.5,78.87,97.57,37.7,0.1,53.0,0,None
2023-07-28 09:00:00,Maharashtra,Western Region,588.08,575.3,10858.5,10650.3,83.58,67.66,84.91,33.3,0.0,60.7,0,None
2023-07-28 10:00:00,Maharashtra,Western Region,676.03,666.52,12502.8,12155.5,47.24,67.03,87.77,36.5,3.9,71.8,0,None
2023-07-28 11:00:00,Maharashtra,Western Region,649.09,646.52,11925.7,11518.2,123.93,72.36,85.4,36.0,0.0,73.9,0,None
2023-07-28 12:00:00,Maharashtra,Western Region,781.16,778.49,14450.8,14199.3,65.48,54.62,91.07,42.1,3.0,69.0,0,None
2023-07-28 13:00:00,Maharashtra,Western Region,660.19,652.1,12216.9,11833.1,117.67,84.63,85.62,37.7,0.0,67.9,0,None
2023-07-28 14:00:00,Maharashtra,Western Region,652.53,639.71,12107.2,11730.8,50.33,60.74,93.62,39.5,1.8,64.2,0,None
2023-07-28 15:00:00,Maharashtra,Western Region,600.52,585.11,11127.8,10791.0,41.8,83.16,85.94,39.7,0.4,67.9,0,None
2023-07-28 16:00:00,Maharashtra,Western Region,534.9,531.53,9854.7,9647.3,57.25,77.85,92.36,38.8,0.0,82.8,0,None
2023-07-28 17:00:00,Maharashtra,Western Region,498.11,489.45,9238.0,8987.2,28.15,84.79,90.22,36.5,0.0,78.9,0,None
2023-07-28 18:00:00,Maharashtra,Western Region,511.3,497.72,9516.2,9387.6,0.0,89.72,92.32,37.5,0.0,83.8,0,None
2023-07-28 19:00:00,Maharashtra,Western Region,555.61,547.43,10269.7,10144.4,0.0,94.62,91.89,36.7,0.0,75.5,0,None
2023-07-28 20:00:00,Maharashtra,Western Region,474.95,466.75,8810.3,8508.6,0.0,85.88,92.34,34.4,0.0,71.8,0,None
2023-07-28 21:00:00,Maharashtra,Western Region,484.1,481.34,8907.2,8906.0,0.0,90.35,83.9,33.6,0.0,70.3,0,None
2023-07-28 22:00:00,Maharashtra,Western Region,419.96,410.27,7827.0,7738.4,0.0,93.14,92.77,31.4,0.0,75.0,0,None
2023-07-28 23:00:00,Maharashtra,Western Region,355.32,349.74,6566.9,6554.0,0.0,96.12,97.51,26.7,0.0,76.8,0,None
2023-07-29 00:00:00,Maharashtra,Western Region,342.04,332.92,6287.3,6188.3,0.0,104.9,82.89,27.1,3.3,73.7,0,None
2023-07-29 01:00:00,Maharashtra,Western Region,326.64,323.36,6020.9,5903.5,0.0,99.38,85.84,30.8,0.0,92.5,0,None
2023-07-29 02:00:00,Maharashtra,Western Region,247.29,241.95,4658.3,4507.9,0.0,99.83,88.66,27.1,0.0,86.1,0,None
2023-07-29 03:00:00,Maharashtra,Western Region,257.74,253.09,4760.1,4607.2,0.0,90.65,94.34,27.4,0.0,85.2,0,None
2023-07-29 04:00:00,Maharashtra,Western Region,238.7,233.26,4476.7,4386.9,0.0,88.13,89.78,29.0,0.0,61.5,0,None
2023-07-29 05:00:00,Maharashtra,Western Region,324.8,324.05,6013.1,5971.1,0.0,68.73,95.59,31.3,1.9,75.7,0,None
2023-07-29 06:00:00,Maharashtra,Western Region,392.86,389.31,7260.3,7213.9,0.0,76.86,98.26,32.0,0.0,83.7,0,None
2023-07-29 07:00:00,Maharashtra,Western Region,494.34,489.48,9131.9,8966.5,35.96,62.7,94.34,33.9,0.0,75.9,0,None
2023-07-29 08:00:00,Maharashtra,Western Region,543.94,535.64,10015.7,9685.3,23.51,79.3,87.5,35.3,1.5,73.7,0,None
2023-07-29 09:00:00,Maharashtra,Western Region,624.82,613.51,11554.8,11212.6,93.22,67.54,82.44,36.2,0.0,68.6,0,None
2023-07-29 10:00:00,Maharashtra,Western Region,694.97,684.89,12895.5,12876.8,53.42,63.33,93.26,37.3,1.2,88.1,0,None
2023-07-29 11:00:00,Maharashtra,Western Region,719.44,710.0,13320.7,13124.0,114.78,65.47,82.77,38.1,0.0,69.1,0,None
2023-07-29 12:00:00,Maharashtra,Western Region,754.85,746.65,13876.6,13854.7,119.31,56.22,94.13,40.9,0.0,77.8,0,None
2023-07-29 13:00:00,Maharashtra,Western Region,657.13,643.12,12160.9,11801.8,111.85,58.75,77.99,37.5,0.0,76.6,0,None
2023-07-29 14:00:00,Maharashtra,Western Region,651.1,648.15,12036.8,11731.8,100.91,61.41,100.97,39.7,0.0,83.4,0,None
2023-07-29 15:00:00,Maharashtra,Western Region,601.22,592.28,11079.6,10799.9,42.37,74.41,83.58,39.6,0.2,57.6,0,None
2023-07-29 16:00:00,Maharashtra,Western Region,586.48,569.55,10780.5,10496.1,54.61,91.73,96.57,39.6,0.0,70.1,0,None
2023-07-29 17:00:00,Maharashtra,Western Region,503.81,494.8,9293.7,9189.6,26.52,76.0,91.79,36.9,0.0,69.6,0,None
2023-07-29 18:00:00,Maharashtra,Western Region,477.8,472.51,8916.4,8787.9,0.0,84.39,93.53,35.5,0.0,75.1,0,None
2023-07-29 19:00:00,Maharashtra,Western Region,462.45,453.94,8559.4,8317.0,0.0,91.89,86.3,36.5,0.0,71.5,0,None
2023-07-29 20:00:00,Maharashtra,Western Region,473.56,471.23,8733.1,8667.2,0.0,94.18,95.77,34.3,0.0,78.2,0,None
2023-07-29 21:00:00,Maharashtra,Western Region,476.49,474.69,8761.4,8440.2,0.0,84.8,92.53,35.5,0.0,78.7,0,None
2023-07-29 22:00:00,Maharashtra,Western Region,441.1,437.18,8183.7,8019.7,0.0,89.75,85.72,32.3,0.0,74.3,0,None
2023-07-29 23:00:00,Maharashtra,Western Region,380.3,380.18,7021.5,6972.7,0.0,91.55,94.54,30.6,0.0,80.2,0,None
2023-07-30 00:00:00,Maharashtra,Western Region,345.18,342.32,6469.6,6351.5,0.0,86.79,92.96,31.9,0.0,78.9,1,None
2023-07-30 01:00:00,Maharashtra,Western Region,277.72,274.26,5037.9,4880.8,0.0,91.49,96.39,29.4,0.0,79.5,1,None
2023-07-30 02:00:00,Maharashtra,Western Region,266.17,262.02,4940.3,4872.9,0.0,78.04,91.25,30.5,0.0,81.1,1,None
2023-07-30 03:00:00,Maharashtra,Western Region,242.01,235.37,4362.5,4322.4,0.0,109.55,90.95,28.5,0.1,73.3,1,None
2023-07-30 04:00:00,Maharashtra,Western Region,246.16,241.49,4623.6,4465.0,0.0,88.29,81.92,29.8,0.0,71.8,1,None
2023-07-30 05:00:00,Maharashtra,Western Region,307.16,306.07,5719.6,5510.1,0.0,87.66,84.11,32.2,0.0,78.4,1,None
2023-07-30 06:00:00,Maharashtra,Western Region,323.76,314.25,5930.0,5723.4,0.0,78.2,92.27,30.4,0.0,64.2,1,None
2023-07-30 07:00:00,Maharashtra,Western Region,396.73,391.33,7311.1,7047.9,24.57,90.24,90.85,31.6,0.0,74.8,1,None
2023-07-30 08:00:00,Maharashtra,Western Region,517.97,508.36,9584.1,9527.2,54.12,58.98,86.31,34.7,0.0,92.4,1,None
2023-07-30 09:00:00,Maharashtra,Western Region,565.04,553.13,10441.7,10366.5,83.19,53.54,89.61,34.9,0.0,75.8,1,None
2023-07-30 10:00:00,Maharashtra,Western Region,659.01,653.51,12205.7,11799.1,113.33,46.35,94.52,38.1,0.0,69.5,1,None
2023-07-30 11:00:00,Maharashtra,Western Region,656.27,644.7,12120.4,11937.7,62.09,65.31,88.88,37.8,3.6,84.1,1,None
2023-07-30 12:00:00,Maharashtra,Western Region,688.72,682.13,12705.8,12683.3,119.08,57.88,93.12,39.5,0.0,82.4,1,None
2023-07-30 13:00:00,Maharashtra,Western Region,631.11,630.49,11653.2,11595.1,117.28,42.27,87.06,37.2,0.0,72.4,1,None
2023-07-30 14:00:00,Maharashtra,Western Region,609.67,596.88,11322.8,10994.4,58.11,67.33,89.45,39.6,0.9,82.0,1,None
2023-07-30 15:00:00,Maharashtra,Western Region,520.1,510.02,9623.6,9561.0,88.98,69.25,89.87,36.1,0.0,73.4,1,None
2023-07-30 16:00:00,Maharashtra,Western Region,518.93,515.62,9563.0,9560.0,25.49,66.89,79.15,40.0,1.0,72.6,1,None
2023-07-30 17:00:00,Maharashtra,Western Region,492.39,487.89,9120.5,8887.2,39.37,92.81,95.12,39.5,0.0,58.1,1,None
2023-07-30 18:00:00,Maharashtra,Western Region,422.69,415.23,7782.1,7602.7,1.3,71.1,88.36,33.1,3.1,77.8,1,None
2023-07-30 19:00:00,Maharashtra,Western Region,450.46,448.12,8271.2,8024.4,0.0,83.72,87.09,35.0,0.0,70.4,1,None
2023-07-30 20:00:00,Maharashtra,Western Region,431.45,423.86,7998.4,7885.4,0.0,88.92,89.92,33.1,1.5,67.4,1,None
2023-07-30 21:00:00,Maharashtra,Western Region,391.73,382.3,7319.0,7046.3,0.0,87.51,85.46,32.4,0.0,76.5,1,None
2023-07-30 22:00:00,Maharashtra,Western Region,442.22,440.91,8156.3,8049.2,0.0,103.28,82.8,33.3,1.2,86.5,1,None
2023-07-30 23:00:00,Maharashtra,Western Region,363.74,361.25,6714.3,6487.4,0.0,83.42,88.5,30.2,0.0,69.6,1,None
2023-07-31 00:00:00,Maharashtra,Western Region,328.36,318.93,6053.7,5962.0,0.0,93.78,92.42,28.0,0.0,67.1,0,None
2023-07-31 01:00:00,Maharashtra,Western Region,251.09,247.85,4630.7,4546.9,0.0,86.66,91.22,27.5,1.4,87.2,0,None
2023-07-31 02:00:00,Maharashtra,Western Region,291.66,284.5,5400.1,5332.5,0.0,88.84,96.94,31.2,0.0,75.0,0,None
2023-07-31 03:00:00,Maharashtra,Western Region,247.13,242.66,4599.1,4567.5,0.0,87.37,97.55,27.2,2.1,75.4,0,None
2023-07-31 04:00:00,Maharashtra,Western Region,310.3,301.82,5725.7,5527.0,0.0,98.45,86.02,30.9,0.0,74.4,0,None
2023-07-31 05:00:00,Maharashtra,Western Region,335.49,332.44,6141.8,6117.4,0.0,86.29,84.88,32.0,0.0,83.0,0,None
2023-07-31 06:00:00,Maharashtra,Western Region,381.69,371.44,7091.0,6843.4,0.0,79.38,87.08,32.2,3.6,72.8,0,None
2023-07-31 07:00:00,Maharashtra,Western Region,429.54,429.43,7864.0,7837.3,34.98,67.97,93.3,30.5,0.0,55.8,0,None
2023-07-31 08:00:00,Maharashtra,Western Region,594.9,584.65,11032.2,10773.0,62.89,62.12,83.22,34.8,0.0,73.2,0,None
2023-07-31 09:00:00,Maharashtra,Western Region,633.9,620.04,11767.8,11545.2,87.21,68.76,93.76,35.4,0.0,76.7,0,None
2023-07-31 10:00:00,Maharashtra,Western Region,765.35,763.13,14233.3,13799.2,106.48,55.02,95.85,40.1,0.0,55.9,0,None
2023-07-31 11:00:00,Maharashtra,Western Region,707.2,687.13,13012.0,12583.5,57.16,62.38,89.57,36.8,0.6,93.4,0,None
2023-07-31 12:00:00,Maharashtra,Western Region,735.65,731.53,13618.3,13443.7,124.52,74.51,91.98,39.1,0.0,55.6,0,None
2023-07-31 13:00:00,Maharashtra,Western Region,719.58,718.37,13380.2,12999.2,45.88,64.47,85.71,41.7,1.4,85.7,0,None
2023-07-31 14:00:00,Maharashtra,Western Region,619.03,618.31,11526.2,11083.8,104.11,64.08,71.79,38.6,0.0,75.3,0,None
2023-07-31 15:00:00,Maharashtra,Western Region,642.02,629.21,11929.0,11719.3,82.08,57.07,90.75,41.2,0.0,67.8,0,None
2023-07-31 16:00:00,Maharashtra,Western Region,573.53,569.87,10569.5,10349.4,59.13,59.32,78.87,40.7,0.0,68.2,0,None
2023-07-31 17:00:00,Maharashtra,Western Region,534.29,530.78,9856.9,9637.6,30.02,67.19,92.31,37.4,0.0,59.6,0,None
2023-07-31 18:00:00,Maharashtra,Western Region,485.53,473.87,9048.2,8835.9,10.37,79.28,82.68,35.0,0.0,79.6,0,None
2023-07-31 19:00:00,Maharashtra,Western Region,484.89,471.03,8948.9,8659.5,0.0,83.09,92.32,34.5,0.0,78.9,0,None
2023-07-31 20:00:00,Maharashtra,Western Region,479.67,475.8,8869.4,8647.9,0.0,89.88,94.3,34.7,0.0,81.7,0,None
2023-07-31 21:00:00,Maharashtra,Western Region,458.72,446.2,8415.8,8168.8,0.0,91.15,83.0,31.1,2.0,64.9,0,None
2023-07-31 22:00:00,Maharashtra,Western Region,434.44,433.02,8023.1,7748.3,0.0,84.92,88.64,32.0,1.4,67.0,0,None
2023-07-31 23:00:00,Maharashtra,Western Region,371.35,366.51,6971.7,6962.3,0.0,92.87,87.19,29.9,0.0,88.6,0,None
2023-08-01 00:00:00,Maharashtra,Western Region,314.64,313.71,5859.4,5691.4,0.0,94.48,86.29,22.8,0.0,86.1,0,None
2023-08-01 01:00:00,Maharashtra,Western Region,264.52,257.63,4843.6,4827.1,0.0,77.12,87.93,23.6,0.7,82.0,0,None
2023-08-01 02:00:00,Maharashtra,Western Region,242.09,238.91,4457.2,4310.1,0.0,100.38,91.32,22.9,1.2,86.1,0,None
2023-08-01 03:00:00,Maharashtra,Western Region,250.11,249.16,4490.2,4311.7,0.0,106.26,95.44,23.7,0.0,67.8,0,None
2023-08-01 04:00:00,Maharashtra,Western Region,266.06,260.48,4905.0,4810.1,0.0,106.35,100.39,27.0,0.1,74.0,0,None
2023-08-01 05:00:00,Maharashtra,Western Region,242.84,237.26,4563.3,4546.9,0.0,70.04,87.6,25.6,0.0,49.4,0,None
2023-08-01 06:00:00,Maharashtra,Western Region,338.28,336.02,6287.6,6201.5,3.09,85.8,92.93,22.9,0.0,76.7,0,None
2023-08-01 07:00:00,Maharashtra,Western Region,408.3,403.77,7606.6,7585.4,21.74,68.94,97.39,28.5,0.7,69.5,0,None
2023-08-01 08:00:00,Maharashtra,Western Region,446.95,442.1,8378.1,8364.0,26.99,62.18,87.09,27.5,4.2,80.9,0,None
2023-08-01 09:00:00,Maharashtra,Western Region,466.06,454.7,8628.2,8501.4,47.01,59.7,91.89,26.9,5.1,68.9,0,None
2023-08-01 10:00:00,Maharashtra,Western Region,485.11,480.68,8938.3,8621.7,105.9,73.51,102.38,26.5,0.0,65.7,0,None
2023-08-01 11:00:00,Maharashtra,Western Region,606.23,600.42,11211.7,10840.2,117.71,59.8,83.13,31.4,0.0,67.5,0,None
2023-08-01 12:00:00,Maharashtra,Western Region,578.4,569.34,10663.2,10653.9,57.52,55.74,93.38,30.5,1.1,85.5,0,None
2023-08-01 13:00:00,Maharashtra,Western Region,525.19,522.18,9753.3,9651.8,108.12,67.54,86.05,29.5,0.0,86.5,0,None
2023-08-01 14:00:00,Maharashtra,Western Region,527.36,513.36,9790.9,9611.9,100.57,44.78,79.2,32.4,0.0,73.7,0,None
2023-08-01 15:00:00,Maharashtra,Western Region,469.37,462.72,8721.5,8431.8,88.1,71.61,82.21,30.1,0.0,79.5,0,None
2023-08-01 16:00:00,Maharashtra,Western Region,446.29,442.25,8339.6,8309.7,57.15,82.63,91.49,31.4,0.0,58.3,0,None
2023-08-01 17:00:00,Maharashtra,Western Region,387.62,378.21,7195.1,7064.9,33.66,78.17,91.93,28.5,0.0,66.5,0,None
2023-08-01 18:00:00,Maharashtra,Western Region,419.96,418.09,7820.5,7641.4,0.0,75.21,82.52,30.0,0.0,76.1,0,None
2023-08-01 19:00:00,Maharashtra,Western Region,417.23,412.31,7760.5,7755.2,0.0,103.56,92.52,28.4,0.0,81.5,0,None
2023-08-01 20:00:00,Maharashtra,Western Region,351.18,342.12,6544.6,6291.9,0.0,80.22,93.04,25.7,0.0,78.4,0,None
2023-08-01 21:00:00,Maharashtra,Western Region,383.34,376.42,7085.3,6979.2,0.0,93.91,85.12,26.4,0.0,66.4,0,None
2023-08-01 22:00:00,Maharashtra,Western Region,337.68,336.99,6277.4,6101.2,0.0,89.83,89.64,22.1,0.0,74.3,0,None
2023-08-01 23:00:00,Maharashtra,Western Region,297.66,297.21,5515.3,5295.0,0.0,89.72,95.37,21.8,0.0,71.8,0,None
2023-08-02 00:00:00,Maharashtra,Western Region,284.36,281.6,5283.1,5127.1,0.0,94.78,89.97,23.0,0.0,68.7,0,None
2023-08-02 01:00:00,Maharashtra,Western Region,271.63,266.38,5024.7,4900.4,0.0,90.27,86.71,20.9,0.0,80.9,0,None
2023-08-02 02:00:00,Maharashtra,Western Region,238.25,236.97,4400.3,4228.7,0.0,91.44,101.79,21.6,2.7,74.9,0,None
2023-08-02 03:00:00,Maharashtra,Western Region,213.44,211.14,3896.7,3863.7,0.0,80.85,85.12,22.5,0.5,47.8,0,None
2023-08-02 04:00:00,Maharashtra,Western Region,241.13,234.93,4544.6,4393.0,0.0,66.96,88.49,25.4,0.4,82.0,0,None
2023-08-02 05:00:00,Maharashtra,Western Region,278.47,272.19,5189.6,5162.9,0.0,96.62,102.58,23.6,0.0,78.5,0,None
2023-08-02 06:00:00,Maharashtra,Western Region,304.12,295.41,5655.1,5526.3,0.0,70.39,91.9,25.7,0.0,75.8,0,None
2023-08-02 07:00:00,Maharashtra,Western Region,399.1,394.23,7414.3,7196.2,35.12,80.02,79.72,29.4,0.0,67.6,0,None
2023-08-02 08:00:00,Maharashtra,Western Region,477.14,476.08,8764.3,8488.8,19.52,85.76,90.45,29.7,3.2,66.7,0,None
2023-08-02 09:00:00,Maharashtra,Western Region,492.7,480.25,9080.7,9051.1,76.8,81.59,88.91,26.3,0.0,59.1,0,None
2023-08-02 10:00:00,Maharashtra,Western Region,543.1,540.84,10086.8,9774.0,55.09,74.12,83.68,29.1,2.2,73.0,0,None
2023-08-02 11:00:00,Maharashtra,Western Region,574.95,560.96,10616.6,10277.2,64.88,67.54,93.3,29.6,3.2,77.0,0,None
2023-08-02 12:00:00,Maharashtra,Western Region,564.91,551.13,10459.3,10123.6,121.26,72.99,86.9,30.7,0.0,82.2,0,None
2023-08-02 13:00:00,Maharashtra,Western Region,532.23,516.47,9884.7,9527.2,117.04,79.32,89.76,30.0,0.0,73.7,0,None
2023-08-02 14:00:00,Maharashtra,Western Region,492.25,483.18,9111.7,8868.7,47.27,77.8,87.8,30.9,2.2,82.3,0,None
2023-08-02 15:00:00,Maharashtra,Western Region,469.57,463.01,8731.3,8555.8,92.18,61.58,95.74,31.6,0.0,86.8,0,None
2023-08-02 16:00:00,Maharashtra,Western Region,432.69,426.25,8037.1,7852.0,60.11,69.13,98.3,30.2,0.0,75.9,0,None
2023-08-02 17:00:00,Maharashtra,Western Region,411.4,401.04,7663.7,7388.3,33.0,90.07,92.82,29.3,0.0,75.7,0,None
2023-08-02 18:00:00,Maharashtra,Western Region,391.09,389.25,7192.3,7057.6,0.21,72.66,87.48,28.4,0.0,75.2,0,None
2023-08-02 19:00:00,Maharashtra,Western Region,330.39,328.88,6155.7,5946.4,0.0,84.84,99.39,25.2,6.9,69.8,0,None
2023-08-02 20:00:00,Maharashtra,Western Region,417.08,412.9,7720.9,7598.0,0.0,79.54,88.07,28.8,0.0,73.7,0,None
2023-08-02 21:00:00,Maharashtra,Western Region,349.19,343.64,6442.1,6209.1,0.0,79.85,86.11,27.3,0.0,59.1,0,None
2023-08-02 22:00:00,Maharashtra,Western Region,343.94,343.19,6416.5,6189.7,0.0,82.34,85.69,26.5,0.0,70.0,0,None
2023-08-02 23:00:00,Maharashtra,Western Region,331.82,327.06,6121.5,5887.1,0.0,96.08,83.27,25.9,1.3,78.6,0,None
2023-08-03 00:00:00,Maharashtra,Western Region,303.98,303.46,5626.0,5564.5,0.0,109.21,91.43,24.6,0.0,92.8,0,None
2023-08-03 01:00:00,Maharashtra,Western Region,265.52,258.9,4920.2,4796.2,0.0,105.6,93.45,23.8,0.5,75.7,0,None
2023-08-03 02:00:00,Maharashtra,Western Region,242.36,241.95,4481.3,4414.7,0.0,84.39,82.96,24.5,0.0,85.0,0,None
2023-08-03 03:00:00,Maharashtra,Western Region,240.1,238.48,4494.3,4460.8,0.0,90.89,81.68,24.0,2.4,74.2,0,None
2023-08-03 04:00:00,Maharashtra,Western Region,216.77,213.45,4061.4,4022.8,0.0,87.64,86.61,22.0,0.0,60.8,0,None
2023-08-03 05:00:00,Maharashtra,Western Region,220.83,218.56,4107.4,3948.4,0.0,90.95,96.71,23.4,0.0,85.7,0,None
2023-08-03 06:00:00,Maharashtra,Western Region,290.8,288.9,5296.4,5113.4,3.74,87.75,84.77,25.2,2.2,67.4,0,None
2023-08-03 07:00:00,Maharashtra,Western Region,385.09,375.26,7121.7,6965.5,34.34,76.39,82.04,26.2,0.0,78.2,0,None
2023-08-03 08:00:00,Maharashtra,Western Region,453.23,451.59,8468.4,8233.6,71.66,78.42,92.68,27.8,0.0,76.6,0,None
2023-08-03 09:00:00,Maharashtra,Western Region,501.44,498.37,9298.0,8946.9,76.58,60.54,88.84,26.7,0.0,65.6,0,None
2023-08-03 10:00:00,Maharashtra,Western Region,589.33,586.33,10907.0,10649.2,99.62,77.43,91.57,31.2,0.0,62.0,0,None
2023-08-03 11:00:00,Maharashtra,Western Region,545.49,539.88,10065.0,9707.6,51.07,67.53,86.82,29.2,0.2,55.6,0,None
2023-08-03 12:00:00,Maharashtra,Western Region,598.85,589.1,11061.5,10840.1,111.38,72.27,84.39,30.4,0.0,83.8,0,None
2023-08-03 13:00:00,Maharashtra,Western Region,541.86,533.88,10047.6,9960.7,53.71,69.2,89.87,31.5,1.1,92.6,0,None
2023-08-03 14:00:00,Maharashtra,Western Region,474.49,464.08,8705.4,8441.9,103.33,66.75,94.26,27.7,0.0,78.8,0,None
2023-08-03 15:00:00,Maharashtra,Western Region,493.89,482.87,9102.5,9021.5,87.89,64.73,97.39,32.3,0.0,82.8,0,None
2023-08-03 16:00:00,Maharashtra,Western Region,461.41,459.62,8555.7,8276.2,62.1,75.71,88.9,32.5,0.0,63.5,0,None
2023-08-03 17:00:00,Maharashtra,Western Region,364.98,364.34,6709.8,6487.9,32.92,71.76,83.02,26.0,0.0,58.3,0,None
2023-08-03 18:00:00,Maharashtra,Western Region,394.24,393.34,7263.9,7246.5,0.0,89.89,87.8,28.9,0.0,71.7,0,None
2023-08-03 19:00:00,Maharashtra,Western Region,408.8,403.49,7554.3,7407.4,0.0,78.34,91.16,29.5,0.0,71.9,0,None
2023-08-03 20:00:00,Maharashtra,Western Region,353.68,350.05,6525.2,6397.4,0.0,93.19,92.94,25.7,1.0,85.0,0,None
2023-08-03 21:00:00,Maharashtra,Western Region,354.86,348.91,6481.8,6321.4,0.0,96.94,86.01,26.2,0.0,80.0,0,None
2023-08-03 22:00:00,Maharashtra,Western Region,384.83,384.45,7126.2,7070.6,0.0,103.91,85.65,25.2,6.4,85.6,0,None
2023-08-03 23:00:00,Maharashtra,Western Region,307.62,301.72,5644.1,5470.6,0.0,89.36,84.77,22.5,0.0,90.0,0,None
2023-08-04 00:00:00,Maharashtra,Western Region,310.47,308.29,5826.8,5668.6,0.0,103.29,86.24,23.2,4.3,76.8,0,None
2023-08-04 01:00:00,Maharashtra,Western Region,275.12,270.55,5101.1,5063.8,0.0,88.13,92.58,24.4,1.0,68.3,0,None
2023-08-04 02:00:00,Maharashtra,Western Region,223.44,218.87,4087.3,4047.1,0.0,91.97,87.27,21.8,0.5,73.5,0,None
2023-08-04 03:00:00,Maharashtra,Western Region,262.92,257.65,4878.9,4744.1,0.0,85.48,91.18,21.5,1.4,83.2,0,None
2023-08-04 04:00:00,Maharashtra,Western Region,223.55,223.26,4139.0,3975.3,0.0,80.04,97.17,22.5,0.0,87.6,0,None
2023-08-04 05:00:00,Maharashtra,Western Region,270.74,265.87,5024.8,5002.1,0.0,90.59,96.15,22.8,0.0,69.5,0,None
2023-08-04 06:00:00,Maharashtra,Western Region,303.66,299.13,5685.1,5459.7,0.68,83.11,91.28,25.2,0.0,78.0,0,None
2023-08-04 07:00:00,Maharashtra,Western Region,399.98,395.44,7491.0,7296.5,26.75,75.32,85.22,28.3,0.0,78.3,0,None
2023-08-04 08:00:00,Maharashtra,Western Region,451.08,451.07,8320.6,8091.7,57.21,94.26,81.27,27.4,0.0,70.9,0,None
2023-08-04 09:00:00,Maharashtra,Western Region,464.36,452.84,8616.4,8567.6,94.67,59.08,93.48,26.8,0.0,80.4,0,None
2023-08-04 10:00:00,Maharashtra,Western Region,518.52,513.55,9625.7,9519.4,105.83,55.7,93.05,26.4,0.0,60.9,0,None
2023-08-04 11:00:00,Maharashtra,Western Region,553.62,544.87,10214.3,10173.5,122.79,69.89,93.9,29.2,0.0,75.9,0,None
2023-08-04 12:00:00,Maharashtra,Western Region,570.65,569.94,10452.1,10436.2,116.09,59.25,101.66,30.5,0.0,68.5,0,None
2023-08-04 13:00:00,Maharashtra,Western Region,575.78,561.98,10595.2,10547.3,111.93,68.04,99.42,32.7,0.0,63.5,0,None
2023-08-04 14:00:00,Maharashtra,Western Region,442.23,440.66,8142.3,8024.1,105.08,78.38,83.77,30.1,0.0,72.9,0,None
2023-08-04 15:00:00,Maharashtra,Western Region,460.74,457.65,8626.3,8433.6,87.22,63.79,83.12,30.3,0.0,72.2,0,None
2023-08-04 16:00:00,Maharashtra,Western Region,456.1,455.02,8446.2,8412.6,56.36,76.48,85.32,30.5,0.0,58.3,0,None
2023-08-04 17:00:00,Maharashtra,Western Region,368.58,363.39,6863.3,6604.7,37.6,83.65,91.43,27.4,0.0,84.1,0,None
2023-08-04 18:00:00,Maharashtra,Western Region,463.13,461.36,8441.5,8127.7,0.61,76.28,104.32,32.6,0.1,60.4,0,None
2023-08-04 19:00:00,Maharashtra,Western Region,452.21,447.76,8384.2,8188.7,0.0,86.55,99.95,30.8,0.0,79.0,0,None
2023-08-04 20:00:00,Maharashtra,Western Region,420.66,419.06,7713.8,7597.1,0.0,96.47,87.84,28.6,0.0,60.2,0,None
2023-08-04 21:00:00,Maharashtra,Western Region,365.34,356.32,6707.1,6676.8,0.0,86.55,103.27,25.2,0.0,74.9,0,None
2023-08-04 22:00:00,Maharashtra,Western Region,353.99,347.32,6623.4,6441.3,0.0,83.65,96.41,23.3,1.0,58.2,0,None
2023-08-04 23:00:00,Maharashtra,Western Region,315.63,315.11,5781.2,5617.7,0.0,87.64,90.09,23.2,0.0,91.4,0,None
2023-08-05 00:00:00,Maharashtra,Western Region,271.05,270.45,5033.0,4853.9,0.0,95.12,101.6,24.8,0.0,100.0,0,None
2023-08-05 01:00:00,Maharashtra,Western Region,274.98,270.01,5115.2,5113.9,0.0,103.28,86.21,24.2,0.0,78.4,0,None
2023-08-05 02:00:00,Maharashtra,Western Region,234.77,230.29,4330.9,4183.1,0.0,87.73,83.2,24.7,0.0,69.9,0,None
2023-08-05 03:00:00,Maharashtra,Western Region,222.48,221.09,4077.0,3965.1,0.0,89.64,92.36,22.3,0.0,75.0,0,None
2023-08-05 04:00:00,Maharashtra,Western Region,233.02,228.69,4364.7,4242.7,0.0,86.04,81.29,25.5,1.0,69.9,0,None
2023-08-05 05:00:00,Maharashtra,Western Region,257.76,255.06,4815.7,4735.9,0.0,84.41,88.5,22.8,0.0,58.3,0,None
2023-08-05 06:00:00,Maharashtra,Western Region,315.29,313.44,5796.6,5688.5,0.97,92.59,85.83,23.7,0.1,71.1,0,None
2023-08-05 07:00:00,Maharashtra,Western Region,349.91,344.63,6403.5,6338.1,34.13,61.06,77.08,25.4,0.0,73.8,0,None
2023-08-05 08:00:00,Maharashtra,Western Region,462.89,453.63,8579.1,8423.1,64.53,55.23,88.19,27.3,0.0,64.1,0,None
2023-08-05 09:00:00,Maharashtra,Western Region,486.19,475.81,9053.7,9040.0,84.22,62.71,81.95,27.7,0.0,84.5,0,None
2023-08-05 10:00:00,Maharashtra,Western Region,545.76,541.66,10145.2,10023.2,99.16,66.07,85.74,29.8,0.0,61.8,0,None
2023-08-05 11:00:00,Maharashtra,Western Region,575.21,569.44,10681.5,10621.1,110.43,63.8,88.6,30.8,0.0,69.7,0,None
2023-08-05 12:00:00,Maharashtra,Western Region,577.48,564.86,10585.6,10297.1,72.39,75.8,95.74,31.0,1.3,69.4,0,None
2023-08-05 13:00:00,Maharashtra,Western Region,543.41,539.39,10105.8,10047.2,114.5,59.26,94.76,31.9,0.0,75.6,0,None
2023-08-05 14:00:00,Maharashtra,Western Region,469.12,457.56,8599.7,8598.0,109.24,67.72,77.15,29.5,0.0,68.5,0,None
2023-08-05 15:00:00,Maharashtra,Western Region,471.15,465.15,8753.4,8606.7,82.98,74.7,84.24,29.3,0.0,88.4,0,None
2023-08-05 16:00:00,Maharashtra,Western Region,435.18,423.07,8025.9,7890.0,57.72,71.35,92.63,30.3,0.0,70.1,0,None
2023-08-05 17:00:00,Maharashtra,Western Region,438.52,426.38,8214.1,7899.1,25.14,75.51,91.91,30.6,0.0,59.2,0,None
2023-08-05 18:00:00,Maharashtra,Western Region,365.26,354.83,6731.7,6596.4,3.38,76.5,100.1,28.2,0.0,88.6,0,None
2023-08-05 19:00:00,Maharashtra,Western Region,384.34,382.11,7099.1,6946.3,0.0,90.2,102.48,27.4,0.8,69.2,0,None
2023-08-05 20:00:00,Maharashtra,Western Region,382.26,378.93,7126.3,7070.5,0.0,81.9,92.23,27.2,0.1,77.0,0,None
2023-08-05 21:00:00,Maharashtra,Western Region,407.28,406.73,7504.9,7475.2,0.0,96.45,91.73,27.1,0.0,72.6,0,None
2023-08-05 22:00:00,Maharashtra,Western Region,337.37,332.21,6295.2,6073.8,0.0,89.45,96.64,24.1,0.0,87.9,0,None
2023-08-05 23:00:00,Maharashtra,Western Region,336.74,335.84,6280.4,6101.2,0.0,88.56,90.85,25.4,0.6,79.8,0,None
2023-08-06 00:00:00,Maharashtra,Western Region,238.44,231.56,4435.6,4376.8,0.0,91.23,103.08,21.4,0.0,70.5,1,None
2023-08-06 01:00:00,Maharashtra,Western Region,226.58,221.67,4164.9,4101.9,0.0,91.96,74.31,21.9,0.0,80.0,1,None
2023-08-06 02:00:00,Maharashtra,Western Region,195.11,194.42,3577.9,3530.1,0.0,96.33,78.81,23.8,0.0,59.4,1,None
2023-08-06 03:00:00,Maharashtra,Western Region,199.94,196.16,3781.9,3767.9,0.0,70.13,92.16,22.0,0.0,78.8,1,None
2023-08-06 04:00:00,Maharashtra,Western Region,204.7,203.55,3678.3,3594.4,0.0,86.68,87.98,21.6,2.5,77.2,1,None
2023-08-06 05:00:00,Maharashtra,Western Region,224.63,223.44,4143.8,4071.8,0.0,89.35,90.6,22.7,1.0,60.5,1,None
2023-08-06 06:00:00,Maharashtra,Western Region,322.0,315.22,5913.2,5797.1,2.95,69.8,92.07,27.6,1.6,56.4,1,None
2023-08-06 07:00:00,Maharashtra,Western Region,335.31,330.35,6292.9,6111.1,26.77,81.69,94.66,25.7,0.0,73.9,1,None
2023-08-06 08:00:00,Maharashtra,Western Region,445.27,438.66,8296.4,8142.9,61.88,66.49,86.42,29.9,0.0,69.2,1,None
2023-08-06 09:00:00,Maharashtra,Western Region,428.24,421.67,7952.1,7736.1,76.48,67.79,82.69,26.9,0.0,70.2,1,None
2023-08-06 10:00:00,Maharashtra,Western Region,455.32,445.07,8412.5,8181.5,102.13,61.47,89.03,27.9,0.0,90.7,1,None
2023-08-06 11:00:00,Maharashtra,Western Region,550.3,539.22,10198.3,10160.6,115.5,72.94,86.64,31.9,0.0,48.6,1,None
2023-08-06 12:00:00,Maharashtra,Western Region,481.58,467.25,8887.9,8549.2,63.65,61.38,88.62,29.4,0.5,71.7,1,None
2023-08-06 13:00:00,Maharashtra,Western Region,522.46,518.91,9716.6,9596.3,109.9,48.53,83.66,32.2,0.0,90.0,1,None
2023-08-06 14:00:00,Maharashtra,Western Region,471.63,457.68,8656.9,8618.6,112.94,55.44,90.77,32.3,0.0,79.1,1,None
2023-08-06 15:00:00,Maharashtra,Western Region,459.83,457.07,8461.7,8371.1,86.44,55.98,99.06,32.8,0.0,71.9,1,None
2023-08-06 16:00:00,Maharashtra,Western Region,398.22,397.3,7344.9,7307.8,41.98,66.92,92.27,29.0,0.1,64.3,1,None
2023-08-06 17:00:00,Maharashtra,Western Region,362.42,355.99,6690.0,6432.9,34.62,78.83,97.41,29.3,0.0,84.3,1,None
2023-08-06 18:00:00,Maharashtra,Western Region,382.46,374.95,7051.5,6944.9,6.64,82.55,92.04,29.6,0.0,81.4,1,None
2023-08-06 19:00:00,Maharashtra,Western Region,366.27,357.03,6626.2,6407.4,0.0,77.69,87.68,27.1,0.0,67.0,1,None
2023-08-06 20:00:00,Maharashtra,Western Region,308.25,303.33,5706.9,5487.5,0.0,77.37,87.63,25.5,0.0,71.1,1,None
2023-08-06 21:00:00,Maharashtra,Western Region,311.11,301.97,5698.7,5658.9,0.0,94.51,91.73,24.0,0.0,61.0,1,None
2023-08-06 22:00:00,Maharashtra,Western Region,302.1,300.23,5536.4,5478.7,0.0,100.72,85.36,24.1,0.0,73.1,1,None
2023-08-06 23:00:00,Maharashtra,Western Region,294.59,288.09,5439.3,5294.5,0.0,96.8,101.64,22.2,2.5,60.6,1,None
2023-08-07 00:00:00,Maharashtra,Western Region,276.92,272.98,5123.7,4984.3,0.0,94.7,89.34,24.6,0.0,84.2,0,None
2023-08-07 01:00:00,Maharashtra,Western Region,249.71,248.43,4636.8,4606.6,0.0,91.72,72.45,24.3,0.0,60.5,0,None
2023-08-07 02:00:00,Maharashtra,Western Region,222.43,222.06,4059.0,3965.1,0.0,95.05,87.69,21.0,0.0,76.8,0,None
2023-08-07 03:00:00,Maharashtra,Western Region,219.1,214.16,4078.9,4040.8,0.0,92.62,88.09,24.0,0.0,87.1,0,None
2023-08-07 04:00:00,Maharashtra,Western Region,227.43,226.83,4269.5,4108.0,0.0,80.86,90.02,24.4,0.0,77.5,0,None
2023-08-07 05:00:00,Maharashtra,Western Region,280.79,273.02,5256.1,5171.0,0.0,66.5,88.75,23.2,1.1,90.1,0,None
2023-08-07 06:00:00,Maharashtra,Western Region,299.91,298.08,5595.3,5430.8,2.39,83.5,90.21,24.4,0.0,77.1,0,None
2023-08-07 07:00:00,Maharashtra,Western Region,368.68,360.3,6817.6,6724.8,5.69,67.86,85.3,22.6,0.7,75.2,0,None
2023-08-07 08:00:00,Maharashtra,Western Region,423.25,421.83,7867.1,7615.1,55.97,74.67,83.36,26.1,0.0,70.7,0,None
2023-08-07 09:00:00,Maharashtra,Western Region,485.45,475.93,9059.1,8952.4,43.03,59.28,91.22,27.1,0.1,83.5,0,None
2023-08-07 10:00:00,Maharashtra,Western Region,540.14,531.25,9894.3,9886.8,100.0,73.85,86.73,29.3,0.0,73.7,0,None
2023-08-07 11:00:00,Maharashtra,Western Region,515.61,512.72,9596.5,9584.4,112.58,56.81,86.37,28.5,0.0,82.6,0,None
2023-08-07 12:00:00,Maharashtra,Western Region,554.61,543.04,10291.1,10184.7,110.6,62.51,89.42,29.8,0.0,71.6,0,None
2023-08-07 13:00:00,Maharashtra,Western Region,452.66,450.97,8370.9,8297.6,63.1,70.37,100.62,27.1,0.6,74.0,0,None
2023-08-07 14:00:00,Maharashtra,Western Region,499.22,491.3,9217.4,9020.1,92.75,59.03,89.08,30.5,0.0,65.3,0,None
2023-08-07 15:00:00,Maharashtra,Western Region,448.82,437.52,8288.1,8005.8,81.22,63.12,81.18,30.6,0.0,69.7,0,None
2023-08-07 16:00:00,Maharashtra,Western Region,475.03,463.83,8731.1,8445.9,59.89,75.03,77.31,33.5,0.0,77.5,0,None
2023-08-07 17:00:00,Maharashtra,Western Region,392.04,389.14,7293.2,7251.6,28.62,81.23,87.02,28.7,0.0,60.5,0,None
2023-08-07 18:00:00,Maharashtra,Western Region,358.82,352.35,6625.4,6459.4,0.0,87.65,84.28,26.4,0.0,86.9,0,None
2023-08-07 19:00:00,Maharashtra,Western Region,392.3,383.32,7293.2,7155.4,0.0,81.72,87.68,27.1,0.0,70.6,0,None
2023-08-07 20:00:00,Maharashtra,Western Region,365.59,361.26,6852.7,6718.8,0.0,81.86,85.75,26.4,0.1,79.0,0,None
2023-08-07 21:00:00,Maharashtra,Western Region,360.78,360.37,6588.1,6336.6,0.0,70.35,90.34,25.8,0.0,83.2,0,None
2023-08-07 22:00:00,Maharashtra,Western Region,350.33,348.94,6556.7,6312.3,0.0,69.26,94.6,22.4,0.0,75.3,0,None
2023-08-07 23:00:00,Maharashtra,Western Region,325.28,318.86,5965.3,5769.8,0.0,94.05,78.01,24.0,0.0,70.3,0,None
2023-08-08 00:00:00,Maharashtra,Western Region,284.15,280.74,5224.8,5071.4,0.0,95.41,95.56,23.3,0.0,71.8,0,None
2023-08-08 01:00:00,Maharashtra,Western Region,244.15,238.29,4512.3,4474.3,0.0,91.81,86.66,23.7,1.1,83.9,0,None
2023-08-08 02:00:00,Maharashtra,Western Region,262.78,257.79,4886.4,4788.8,0.0,96.92,90.18,22.3,0.0,76.3,0,None
2023-08-08 03:00:00,Maharashtra,Western Region,216.28,215.41,4012.8,3913.3,0.0,86.45,90.2,22.3,0.0,90.6,0,None
2023-08-08 04:00:00,Maharashtra,Western Region,271.25,266.73,5004.1,4972.1,0.0,93.86,82.71,25.2,0.0,84.5,0,None
2023-08-08 05:00:00,Maharashtra,Western Region,260.15,259.16,4807.9,4779.1,0.0,88.62,95.17,25.6,0.2,79.7,0,None
2023-08-08 06:00:00,Maharashtra,Western Region,296.05,293.11,5515.2,5398.2,0.0,71.17,81.51,24.6,0.0,82.3,0,None
2023-08-08 07:00:00,Maharashtra,Western Region,365.42,359.87,6744.5,6479.1,27.88,74.99,87.81,24.4,0.0,73.1,0,None
2023-08-08 08:00:00,Maharashtra,Western Region,395.9,386.37,7364.3,7098.9,65.12,72.82,85.56,23.1,0.0,69.6,0,None
2023-08-08 09:00:00,Maharashtra,Western Region,480.36,473.61,8945.4,8774.6,84.23,56.22,85.73,27.4,0.0,80.6,0,None
2023-08-08 10:00:00,Maharashtra,Western Region,585.51,572.81,10864.8,10604.6,55.61,69.1,100.93,30.3,0.8,80.9,0,None
2023-08-08 11:00:00,Maharashtra,Western Region,541.73,528.97,9983.7,9653.3,122.31,55.42,89.95,28.6,0.0,77.2,0,None
2023-08-08 12:00:00,Maharashtra,Western Region,560.04,557.87,10355.1,9971.1,125.57,50.71,84.69,32.0,0.0,65.1,0,None
2023-08-08 13:00:00,Maharashtra,Western Region,528.07,516.98,9823.2,9576.0,51.47,59.13,82.68,30.7,2.0,70.9,0,None
2023-08-08 14:00:00,Maharashtra,Western Region,507.73,501.12,9334.5,9151.6,48.55,84.72,83.69,31.3,0.5,85.7,0,None
2023-08-08 15:00:00,Maharashtra,Western Region,527.27,521.82,9679.5,9373.6,86.94,76.16,94.95,33.6,0.0,83.5,0,None
2023-08-08 16:00:00,Maharashtra,Western Region,450.16,448.24,8350.9,8213.6,33.66,69.8,97.5,30.8,0.8,69.2,0,None
2023-08-08 17:00:00,Maharashtra,Western Region,406.37,402.05,7439.6,7232.2,15.43,73.92,92.05,28.2,1.1,83.9,0,None
2023-08-08 18:00:00,Maharashtra,Western Region,372.45,365.03,6912.4,6760.5,0.0,60.64,89.34,26.4,0.5,94.7,0,None
2023-08-08 19:00:00,Maharashtra,Western Region,387.11,379.28,7185.8,6966.6,0.0,86.99,78.32,27.0,1.7,65.9,0,None
2023-08-08 20:00:00,Maharashtra,Western Region,391.08,383.92,7240.1,7002.1,0.0,77.21,89.61,26.5,0.0,85.5,0,None
2023-08-08 21:00:00,Maharashtra,Western Region,407.31,402.87,7586.0,7372.4,0.0,90.46,89.22,27.8,0.1,77.7,0,None
2023-08-08 22:00:00,Maharashtra,Western Region,336.46,336.09,6243.9,6169.8,0.0,82.35,89.45,25.8,0.0,90.9,0,None
2023-08-08 23:00:00,Maharashtra,Western Region,338.09,330.74,6281.9,6080.8,0.0,84.84,94.05,25.3,0.9,86.2,0,None
2023-08-09 00:00:00,Maharashtra,Western Region,278.66,274.15,5180.7,5154.0,0.0,93.83,92.95,22.7,0.0,60.0,0,None
2023-08-09 01:00:00,Maharashtra,Western Region,265.58,260.38,4954.2,4953.4,0.0,82.49,87.99,22.1,0.0,71.9,0,None
2023-08-09 02:00:00,Maharashtra,Western Region,250.69,248.21,4653.5,4516.9,0.0,103.14,96.47,21.9,0.0,67.3,0,None
2023-08-09 03:00:00,Maharashtra,Western Region,263.79,263.56,4947.3,4834.2,0.0,74.04,87.85,26.4,1.2,76.2,0,None
2023-08-09 04:00:00,Maharashtra,Western Region,256.17,252.05,4754.6,4654.7,0.0,91.01,83.47,21.7,0.0,76.1,0,None
2023-08-09 05:00:00,Maharashtra,Western Region,278.84,271.72,5209.0,5140.0,0.0,88.47,86.04,24.9,0.8,68.1,0,None
2023-08-09 06:00:00,Maharashtra,Western Region,288.76,280.38,5350.8,5333.0,0.0,73.26,89.81,24.1,0.0,72.4,0,None
2023-08-09 07:00:00,Maharashtra,Western Region,348.32,344.55,6463.1,6315.7,6.33,93.45,82.32,25.1,1.1,76.8,0,None
2023-08-09 08:00:00,Maharashtra,Western Region,459.06,456.13,8514.2,8345.6,61.8,79.99,75.76,29.9,0.0,66.4,0,None
2023-08-09 09:00:00,Maharashtra,Western Region,485.53,484.1,8955.3,8640.8,87.46,60.3,92.71,26.0,0.0,64.1,0,None
2023-08-09 10:00:00,Maharashtra,Western Region,495.64,493.79,9224.2,9190.2,106.76,69.47,88.1,27.5,0.0,78.1,0,None
2023-08-09 11:00:00,Maharashtra,Western Region,597.44,595.68,11055.2,10944.5,116.13,77.38,92.07,30.6,0.0,59.1,0,None
2023-08-09 12:00:00,Maharashtra,Western Region,595.48,587.53,11078.3,10833.8,120.31,66.63,90.12,31.3,0.0,90.3,0,None
2023-08-09 13:00:00,Maharashtra,Western Region,546.86,537.47,10129.0,9967.8,112.43,62.35,81.77,32.2,0.0,62.4,0,None
2023-08-09 14:00:00,Maharashtra,Western Region,483.24,469.54,8957.5,8620.9,48.47,60.68,91.91,29.2,1.0,69.7,0,None
2023-08-09 15:00:00,Maharashtra,Western Region,429.64,428.81,7970.1,7874.1,92.59,62.52,82.71,27.9,0.0,65.2,0,None
2023-08-09 16:00:00,Maharashtra,Western Region,422.03,420.51,7799.1,7535.9,54.23,71.0,92.66,28.1,0.0,80.1,0,None
2023-08-09 17:00:00,Maharashtra,Western Region,390.51,379.72,7235.9,7089.5,29.7,78.03,91.02,29.3,0.0,72.5,0,None
2023-08-09 18:00:00,Maharashtra,Western Region,431.11,418.24,8070.2,7846.9,0.0,75.49,103.12,29.9,0.0,88.4,0,None
2023-08-09 19:00:00,Maharashtra,Western Region,387.66,379.03,7100.0,6873.3,0.0,92.45,77.99,28.2,0.8,57.0,0,None
2023-08-09 20:00:00,Maharashtra,Western Region,419.46,417.74,7805.5,7552.7,0.0,94.96,79.66,29.2,0.0,83.1,0,None
2023-08-09 21:00:00,Maharashtra,Western Region,351.53,341.22,6533.1,6439.7,0.0,93.79,91.28,24.0,0.0,85.5,0,None
2023-08-09 22:00:00,Maharashtra,Western Region,335.87,329.18,6092.0,5975.3,0.0,98.21,89.0,24.6,0.0,96.3,0,None
2023-08-09 23:00:00,Maharashtra,Western Region,314.45,310.46,5771.0,5739.3,0.0,90.47,77.38,23.5,0.0,69.8,0,None
2023-08-10 00:00:00,Maharashtra,Western Region,296.28,287.42,5455.3,5276.9,0.0,95.08,86.55,22.7,0.0,89.5,0,None
2023-08-10 01:00:00,Maharashtra,Western Region,293.78,290.84,5504.2,5434.3,0.0,106.83,88.79,22.4,0.0,100.0,0,None
2023-08-10 02:00:00,Maharashtra,Western Region,234.31,232.59,4309.1,4271.5,0.0,93.44,84.18,22.0,0.0,73.2,0,None
2023-08-10 03:00:00,Maharashtra,Western Region,216.36,212.21,3959.5,3894.3,0.0,87.44,91.4,23.1,0.0,90.5,0,None
2023-08-10 04:00:00,Maharashtra,Western Region,231.29,230.7,4273.8,4200.7,0.0,83.79,89.67,23.7,0.0,66.1,0,None
2023-08-10 05:00:00,Maharashtra,Western Region,239.67,233.46,4373.3,4238.8,0.0,75.86,95.6,22.1,0.0,69.7,0,None
2023-08-10 06:00:00,Maharashtra,Western Region,337.48,328.48,6259.8,6075.4,2.19,83.18,94.24,26.4,0.0,74.2,0,None
2023-08-10 07:00:00,Maharashtra,Western Region,362.9,362.67,6717.8,6514.6,30.05,80.04,95.52,26.4,0.0,67.4,0,None
2023-08-10 08:00:00,Maharashtra,Western Region,444.92,443.75,8251.1,8070.4,63.75,63.04,88.66,26.6,0.0,84.0,0,None
2023-08-10 09:00:00,Maharashtra,Western Region,445.57,444.62,8272.9,7947.9,94.82,72.63,84.16,27.3,0.0,71.7,0,None
2023-08-10 10:00:00,Maharashtra,Western Region,516.06,510.14,9482.9,9158.4,108.87,64.03,91.07,28.1,0.0,77.4,0,None
2023-08-10 11:00:00,Maharashtra,Western Region,516.52,505.49,9445.1,9173.6,117.92,55.58,100.55,27.7,0.0,67.9,0,None
2023-08-10 12:00:00,Maharashtra,Western Region,575.94,561.62,10699.9,10674.2,123.3,55.87,92.62,31.8,0.0,83.5,0,None
2023-08-10 13:00:00,Maharashtra,Western Region,586.54,571.29,10868.5,10682.2,119.08,80.1,94.18,33.7,0.0,64.9,0,None
2023-08-10 14:00:00,Maharashtra,Western Region,521.43,508.8,9664.6,9457.3,101.77,72.62,94.87,32.0,0.0,66.3,0,None
2023-08-10 15:00:00,Maharashtra,Western Region,472.76,472.3,8782.2,8554.2,88.83,79.61,90.31,30.6,0.0,87.0,0,None
2023-08-10 16:00:00,Maharashtra,Western Region,432.86,431.22,8042.4,7919.6,63.84,74.24,75.95,29.8,0.0,89.3,0,None
2023-08-10 17:00:00,Maharashtra,Western Region,443.7,436.67,8223.3,8130.6,33.36,75.0,81.88,31.6,0.0,68.1,0,None
2023-08-10 18:00:00,Maharashtra,Western Region,375.32,374.87,6929.3,6846.7,3.84,69.39,98.07,29.0,0.0,48.1,0,None
2023-08-10 19:00:00,Maharashtra,Western Region,346.49,344.1,6362.2,6222.2,0.0,64.29,84.2,26.2,1.0,70.9,0,None
2023-08-10 20:00:00,Maharashtra,Western Region,377.58,374.22,6889.3,6698.6,0.0,86.66,93.97,26.1,0.0,69.7,0,None
2023-08-10 21:00:00,Maharashtra,Western Region,347.85,346.73,6464.8,6358.0,0.0,72.41,100.75,25.2,0.0,84.6,0,None
2023-08-10 22:00:00,Maharashtra,Western Region,329.14,320.97,6005.7,5911.9,0.0,90.42,83.59,24.9,0.0,61.7,0,None
2023-08-10 23:00:00,Maharashtra,Western Region,322.12,321.51,5925.9,5758.0,0.0,82.47,77.71,24.0,0.0,70.1,0,None
2023-08-11 00:00:00,Maharashtra,Western Region,282.8,277.25,5157.3,5094.0,0.0,86.9,89.49,25.7,4.5,57.5,0,None
2023-08-11 01:00:00,Maharashtra,Western Region,269.58,265.36,4974.4,4822.1,0.0,88.79,96.19,21.2,0.0,63.5,0,None
2023-08-11 02:00:00,Maharashtra,Western Region,204.8,200.83,3765.9,3656.8,0.0,100.96,88.49,24.1,0.0,87.3,0,None
2023-08-11 03:00:00,Maharashtra,Western Region,221.28,215.93,3998.8,3959.7,0.0,80.38,88.93,21.7,1.2,72.7,0,None
2023-08-11 04:00:00,Maharashtra,Western Region,232.0,231.48,4309.7,4157.8,0.0,77.47,88.81,23.1,0.0,72.8,0,None
2023-08-11 05:00:00,Maharashtra,Western Region,255.62,253.57,4783.2,4715.0,0.0,73.45,91.87,23.6,0.0,78.9,0,None
2023-08-11 06:00:00,Maharashtra,Western Region,298.32,296.98,5464.5,5295.3,0.0,80.89,90.61,23.6,0.0,87.9,0,None
2023-08-11 07:00:00,Maharashtra,Western Region,361.41,355.56,6620.0,6533.8,32.52,64.71,95.12,27.4,0.0,61.5,0,None
2023-08-11 08:00:00,Maharashtra,Western Region,454.83,453.69,8346.9,8037.6,33.87,73.7,89.78,28.0,3.4,86.2,0,None
2023-08-11 09:00:00,Maharashtra,Western Region,474.15,462.3,8819.1,8765.6,82.45,83.22,90.94,26.9,0.0,93.8,0,None
2023-08-11 10:00:00,Maharashtra,Western Region,598.39,581.94,11122.7,10789.7,98.91,59.04,91.97,31.3,0.0,79.3,0,None
2023-08-11 11:00:00,Maharashtra,Western Region,483.52,473.16,8983.4,8625.0,113.74,38.43,90.29,26.7,0.0,73.9,0,None
2023-08-11 12:00:00,Maharashtra,Western Region,549.41,539.47,10103.3,9832.3,57.48,66.39,93.18,28.7,1.4,80.9,0,None
2023-08-11 13:00:00,Maharashtra,Western Region,528.17,525.61,9700.4,9394.5,111.7,64.39,91.35,31.1,0.0,78.9,0,None
2023-08-11 14:00:00,Maharashtra,Western Region,506.17,503.43,9409.7,9273.4,104.83,73.85,90.52,30.8,0.0,84.7,0,None
2023-08-11 15:00:00,Maharashtra,Western Region,499.48,494.58,9243.2,9094.1,93.21,76.07,81.72,31.9,0.0,70.3,0,None
2023-08-11 16:00:00,Maharashtra,Western Region,465.64,454.02,8623.4,8538.1,24.56,76.79,88.28,31.7,3.5,70.9,0,None
2023-08-11 17:00:00,Maharashtra,Western Region,379.83,368.49,7073.5,6922.9,18.03,90.52,89.17,29.7,1.2,72.6,0,None
2023-08-11 18:00:00,Maharashtra,Western Region,414.95,410.95,7726.0,7613.8,2.38,82.14,91.77,28.7,0.0,73.2,0,None
2023-08-11 19:00:00,Maharashtra,Western Region,404.54,398.67,7545.7,7446.4,0.0,85.42,87.77,28.5,0.0,73.1,0,None
2023-08-11 20:00:00,Maharashtra,Western Region,386.83,383.35,7161.9,7087.6,0.0,100.75,76.98,28.9,0.0,80.6,0,None
2023-08-11 21:00:00,Maharashtra,Western Region,411.6,408.96,7561.3,7379.2,0.0,91.13,87.67,28.6,0.0,65.8,0,None
2023-08-11 22:00:00,Maharashtra,Western Region,361.75,352.3,6648.6,6504.3,0.0,89.6,96.73,25.0,0.4,70.3,0,None
2023-08-11 23:00:00,Maharashtra,Western Region,362.52,352.18,6729.9,6577.6,0.0,89.03,83.66,26.1,0.0,78.8,0,None
2023-08-12 00:00:00,Maharashtra,Western Region,304.02,299.87,5665.1,5658.2,0.0,85.25,85.33,26.2,0.8,80.1,0,None
2023-08-12 01:00:00,Maharashtra,Western Region,299.15,298.38,5595.9,5525.2,0.0,82.03,99.95,23.2,0.0,80.3,0,None
2023-08-12 02:00:00,Maharashtra,Western Region,259.36,252.78,4765.2,4663.2,0.0,76.16,96.12,21.9,0.0,77.0,0,None
2023-08-12 03:00:00,Maharashtra,Western Region,218.81,218.62,4063.5,3904.5,0.0,90.55,92.63,21.1,0.4,84.3,0,None
2023-08-12 04:00:00,Maharashtra,Western Region,213.79,207.94,4001.9,3848.0,0.0,84.48,88.99,24.4,0.0,84.0,0,None
2023-08-12 05:00:00,Maharashtra,Western Region,251.43,245.82,4586.8,4550.0,0.0,88.51,91.01,24.2,0.0,61.4,0,None
2023-08-12 06:00:00,Maharashtra,Western Region,323.5,320.12,5916.3,5836.0,0.0,78.74,97.98,24.6,0.0,64.1,0,None
2023-08-12 07:00:00,Maharashtra,Western Region,373.68,362.52,6859.5,6850.6,17.22,74.76,92.61,26.2,0.7,74.1,0,None
2023-08-12 08:00:00,Maharashtra,Western Region,478.16,470.59,8889.5,8788.7,65.98,85.59,91.44,28.1,0.0,100.0,0,None
2023-08-12 09:00:00,Maharashtra,Western Region,514.15,506.56,9495.2,9238.8,80.7,64.88,78.71,28.5,0.0,68.2,0,None
2023-08-12 10:00:00,Maharashtra,Western Region,542.92,531.38,10134.4,9960.3,103.03,57.52,83.85,29.4,0.0,57.8,0,None
2023-08-12 11:00:00,Maharashtra,Western Region,572.11,559.78,10565.4,10219.7,56.55,51.21,89.27,30.1,0.5,69.5,0,None
2023-08-12 12:00:00,Maharashtra,Western Region,520.11,510.13,9610.4,9295.7,119.05,70.23,95.73,28.7,0.0,75.9,0,None
2023-08-12 13:00:00,Maharashtra,Western Region,532.96,517.63,9816.3,9650.8,119.71,49.5,93.1,30.9,0.0,82.5,0,None
2023-08-12 14:00:00,Maharashtra,Western Region,554.97,554.12,10266.6,9970.4,55.49,53.63,86.63,33.4,1.1,91.1,0,None
2023-08-12 15:00:00,Maharashtra,Western Region,489.41,477.1,9022.8,8836.3,73.36,71.51,83.77,31.7,0.0,60.4,0,None
2023-08-12 16:00:00,Maharashtra,Western Region,462.72,449.26,8453.5,8198.2,61.26,75.04,98.0,31.8,0.0,90.5,0,None
2023-08-12 17:00:00,Maharashtra,Western Region,358.55,350.05,6626.8,6480.6,11.79,75.0,88.71,27.7,0.1,64.3,0,None
2023-08-12 18:00:00,Maharashtra,Western Region,394.3,384.23,7318.3,7074.7,4.96,64.66,83.92,27.8,0.7,59.5,0,None
2023-08-12 19:00:00,Maharashtra,Western Region,335.9,326.8,6254.4,6140.1,0.0,88.44,98.37,25.4,0.0,67.2,0,None
2023-08-12 20:00:00,Maharashtra,Western Region,374.31,370.02,6904.6,6702.0,0.0,88.69,89.9,27.6,0.0,76.0,0,None
2023-08-12 21:00:00,Maharashtra,Western Region,382.44,373.51,6996.4,6757.2,0.0,80.41,98.53,25.8,0.2,82.8,0,None
2023-08-12 22:00:00,Maharashtra,Western Region,328.75,324.36,6047.6,5982.5,0.0,79.29,94.63,22.8,2.7,72.4,0,None
2023-08-12 23:00:00,Maharashtra,Western Region,334.07,331.47,6165.0,5958.5,0.0,87.88,94.02,23.0,0.0,63.1,0,None
2023-08-13 00:00:00,Maharashtra,Western Region,262.14,255.66,4906.9,4785.3,0.0,91.1,91.57,24.0,0.0,74.2,1,None
2023-08-13 01:00:00,Maharashtra,Western Region,217.21,211.9,4002.1,3996.0,0.0,90.13,89.74,23.0,0.0,91.9,1,None
2023-08-13 02:00:00,Maharashtra,Western Region,202.59,199.59,3707.2,3613.0,0.0,99.55,75.13,22.8,0.0,57.8,1,None
2023-08-13 03:00:00,Maharashtra,Western Region,205.53,202.56,3845.2,3730.4,0.0,93.45,85.64,23.0,0.0,70.3,1,None
2023-08-13 04:00:00,Maharashtra,Western Region,197.82,196.73,3728.6,3611.1,0.0,96.89,101.2,24.3,0.0,73.5,1,None
2023-08-13 05:00:00,Maharashtra,Western Region,225.34,222.45,4125.8,4001.6,0.0,100.45,99.42,25.1,0.0,68.7,1,None
2023-08-13 06:00:00,Maharashtra,Western Region,325.75,324.28,6050.2,5849.4,0.0,67.46,86.41,29.4,0.0,77.1,1,None
2023-08-13 07:00:00,Maharashtra,Western Region,301.65,298.71,5522.3,5313.5,36.48,73.73,86.62,25.9,0.0,86.3,1,None
2023-08-13 08:00:00,Maharashtra,Western Region,414.62,414.15,7720.9,7635.4,29.53,65.17,99.18,27.3,0.4,92.4,1,None
2023-08-13 09:00:00,Maharashtra,Western Region,414.61,407.82,7659.5,7614.8,88.22,69.23,98.03,26.9,0.0,73.4,1,None
2023-08-13 10:00:00,Maharashtra,Western Region,484.85,484.48,8948.7,8765.5,107.55,67.96,78.19,30.2,0.0,100.0,1,None
2023-08-13 11:00:00,Maharashtra,Western Region,498.26,489.0,9199.7,9036.4,64.44,57.22,95.24,28.9,3.9,100.0,1,None
2023-08-13 12:00:00,Maharashtra,Western Region,516.29,513.71,9490.6,9378.9,113.59,72.28,86.38,30.0,0.0,69.8,1,None
2023-08-13 13:00:00,Maharashtra,Western Region,472.97,463.18,8726.9,8694.5,121.57,60.36,84.09,30.8,0.0,71.2,1,None
2023-08-13 14:00:00,Maharashtra,Western Region,421.73,421.39,7790.7,7632.5,107.13,60.95,100.97,29.2,0.0,65.8,1,None
2023-08-13 15:00:00,Maharashtra,Western Region,389.91,389.32,7225.0,7217.7,73.46,64.73,99.27,29.8,0.0,63.4,1,None
2023-08-13 16:00:00,Maharashtra,Western Region,383.62,382.2,7040.8,6970.0,30.54,72.64,91.13,30.0,0.8,79.6,1,None
2023-08-13 17:00:00,Maharashtra,Western Region,368.63,363.17,6896.4,6863.5,25.05,77.62,93.96,28.8,0.0,73.5,1,None
2023-08-13 18:00:00,Maharashtra,Western Region,379.36,368.34,7057.4,6934.5,0.81,63.48,96.43,30.0,1.3,79.2,1,None
2023-08-13 19:00:00,Maharashtra,Western Region,379.65,379.13,7015.9,6773.5,0.0,99.1,92.93,29.7,2.1,78.8,1,None
2023-08-13 20:00:00,Maharashtra,Western Region,324.49,320.62,6030.5,5898.9,0.0,88.3,92.26,26.4,0.0,70.7,1,None
2023-08-13 21:00:00,Maharashtra,Western Region,311.7,307.57,5734.4,5620.1,0.0,93.33,90.01,24.9,0.7,84.1,1,None
2023-08-13 22:00:00,Maharashtra,Western Region,280.05,277.58,5212.5,5079.0,0.0,86.67,91.33,22.5,0.0,66.4,1,None
2023-08-13 23:00:00,Maharashtra,Western Region,272.27,269.08,5005.4,4961.8,0.0,103.36,90.0,23.0,0.0,69.2,1,None
2023-08-14 00:00:00,Maharashtra,Western Region,294.57,291.18,5498.5,5321.1,0.0,87.03,82.2,23.1,0.0,93.3,0,None
2023-08-14 01:00:00,Maharashtra,Western Region,281.2,277.07,5239.7,5071.3,0.0,80.44,84.48,22.3,0.0,70.0,0,None
2023-08-14 02:00:00,Maharashtra,Western Region,232.34,229.09,4294.6,4233.2,0.0,81.7,90.86,21.9,0.3,70.8,0,None
2023-08-14 03:00:00,Maharashtra,Western Region,226.77,221.08,4148.2,4112.6,0.0,87.8,85.15,24.4,0.0,86.7,0,None
2023-08-14 04:00:00,Maharashtra,Western Region,258.2,250.49,4903.2,4895.5,0.0,96.04,94.08,25.3,0.0,83.3,0,None
2023-08-14 05:00:00,Maharashtra,Western Region,247.1,240.68,4563.9,4499.2,0.0,98.8,89.0,24.8,0.0,84.4,0,None
2023-08-14 06:00:00,Maharashtra,Western Region,315.16,305.99,5728.4,5584.2,1.52,66.78,84.79,24.4,0.1,77.6,0,None
2023-08-14 07:00:00,Maharashtra,Western Region,345.43,337.52,6381.1,6307.5,29.13,73.32,86.21,23.0,0.0,91.9,0,None
2023-08-14 08:00:00,Maharashtra,Western Region,415.8,412.47,7654.1,7563.7,62.73,71.8,78.63,25.8,0.0,93.3,0,None
2023-08-14 09:00:00,Maharashtra,Western Region,531.94,524.13,9814.1,9442.2,79.64,62.26,96.29,29.4,0.0,70.4,0,None
2023-08-14 10:00:00,Maharashtra,Western Region,563.77,557.8,10482.6,10127.5,100.56,54.7,89.66,29.0,0.0,74.9,0,None
2023-08-14 11:00:00,Maharashtra,Western Region,559.81,553.45,10278.7,10267.6,115.35,55.42,99.36,29.6,0.0,83.1,0,None
2023-08-14 12:00:00,Maharashtra,Western Region,554.64,543.27,10335.2,10332.3,118.03,58.55,87.75,29.4,0.0,68.2,0,None
2023-08-14 13:00:00,Maharashtra,Western Region,576.09,560.92,10666.0,10361.1,114.05,65.83,91.27,32.8,0.0,84.9,0,None
2023-08-14 14:00:00,Maharashtra,Western Region,534.61,534.59,9865.8,9564.9,102.24,78.73,93.48,33.1,0.0,80.8,0,None
2023-08-14 15:00:00,Maharashtra,Western Region,446.59,436.21,8332.4,8330.3,91.05,72.59,88.59,28.1,0.0,78.6,0,None
2023-08-14 16:00:00,Maharashtra,Western Region,435.46,425.87,8071.6,7891.4,31.21,87.06,89.14,29.5,4.3,61.4,0,None
2023-08-14 17:00:00,Maharashtra,Western Region,409.83,404.06,7573.1,7302.0,17.8,73.4,86.83,30.1,0.3,83.0,0,None
2023-08-14 18:00:00,Maharashtra,Western Region,362.88,353.2,6709.7,6528.0,0.0,89.54,92.54,25.6,1.5,74.6,0,None
2023-08-14 19:00:00,Maharashtra,Western Region,392.52,384.31,7180.3,7107.4,0.0,99.39,94.14,26.8,0.0,59.7,0,None
2023-08-14 20:00:00,Maharashtra,Western Region,393.04,386.73,7226.6,7075.7,0.0,73.74,90.9,28.1,1.3,71.4,0,None
2023-08-14 21:00:00,Maharashtra,Western Region,382.5,376.41,7120.9,7108.9,0.0,91.92,85.7,26.8,0.0,72.4,0,None
2023-08-14 22:00:00,Maharashtra,Western Region,354.83,353.21,6538.0,6525.8,0.0,93.79,88.47,23.7,0.0,83.3,0,None
2023-08-14 23:00:00,Maharashtra,Western Region,349.91,346.66,6470.9,6231.4,0.0,92.79,92.27,23.9,0.0,66.3,0,None
2023-08-15 00:00:00,Maharashtra,Western Region,269.02,261.62,5038.4,5022.1,0.0,106.88,92.37,24.6,0.0,86.9,1,Independence Day
2023-08-15 01:00:00,Maharashtra,Western Region,254.84,254.19,4770.5,4680.2,0.0,96.69,88.98,24.7,0.0,66.4,1,Independence Day
2023-08-15 02:00:00,Maharashtra,Western Region,217.39,215.98,4044.5,3948.9,0.0,89.17,78.94,26.0,0.0,66.0,1,Independence Day
2023-08-15 03:00:00,Maharashtra,Western Region,206.83,201.71,3764.0,3722.2,0.0,105.81,89.64,22.1,0.0,74.0,1,Independence Day
2023-08-15 04:00:00,Maharashtra,Western Region,202.79,201.15,3793.1,3689.9,0.0,76.37,89.68,24.9,0.0,59.6,1,Independence Day
2023-08-15 05:00:00,Maharashtra,Western Region,250.84,249.78,4606.2,4526.6,0.0,82.13,89.69,25.6,3.0,61.3,1,Independence Day
2023-08-15 06:00:00,Maharashtra,Western Region,271.32,267.92,5046.4,4944.7,0.0,67.58,95.98,25.4,0.0,56.4,1,Independence Day
2023-08-15 07:00:00,Maharashtra,Western Region,347.35,340.39,6388.6,6309.3,32.92,71.04,88.01,26.9,0.0,66.9,1,Independence Day
2023-08-15 08:00:00,Maharashtra,Western Region,380.94,370.7,7041.4,7005.6,52.18,78.07,90.08,28.0,0.0,80.5,1,Independence Day
2023-08-15 09:00:00,Maharashtra,Western Region,489.25,488.02,8983.8,8957.7,87.05,67.82,92.43,29.3,0.0,82.5,1,Independence Day
2023-08-15 10:00:00,Maharashtra,Western Region,433.28,421.5,7944.3,7796.6,54.63,58.97,99.23,26.2,0.7,81.4,1,Independence Day
2023-08-15 11:00:00,Maharashtra,Western Region,493.45,487.48,9058.6,8704.0,108.14,64.36,100.61,29.0,0.0,50.3,1,Independence Day
2023-08-15 12:00:00,Maharashtra,Western Region,499.42,489.68,9354.3,9255.3,55.34,57.83,87.93,29.5,0.4,67.6,1,Independence Day
2023-08-15 13:00:00,Maharashtra,Western Region,509.47,495.79,9377.4,9172.1,57.71,68.5,87.26,32.0,0.9,76.4,1,Independence Day
2023-08-15 14:00:00,Maharashtra,Western Region,456.24,447.99,8331.3,8244.8,55.29,69.68,84.85,31.8,1.6,72.2,1,Independence Day
2023-08-15 15:00:00,Maharashtra,Western Region,441.54,432.67,8098.6,8090.4,86.61,82.92,90.92,31.8,0.0,81.2,1,Independence Day
2023-08-15 16:00:00,Maharashtra,Western Region,434.8,425.95,8060.6,7750.9,60.47,65.32,100.71,32.9,0.0,73.4,1,Independence Day
2023-08-15 17:00:00,Maharashtra,Western Region,399.66,393.68,7335.2,7049.5,32.43,86.69,79.5,31.3,0.0,80.4,1,Independence Day
2023-08-15 18:00:00,Maharashtra,Western Region,352.61,345.85,6552.2,6431.3,3.25,75.98,96.38,27.5,0.0,69.2,1,Independence Day
2023-08-15 19:00:00,Maharashtra,Western Region,355.02,354.94,6565.0,6460.4,0.0,82.31,93.67,30.2,0.0,71.2,1,Independence Day
2023-08-15 20:00:00,Maharashtra,Western Region,334.64,330.81,6196.6,6098.8,0.0,94.91,74.06,25.7,0.0,80.4,1,Independence Day
2023-08-15 21:00:00,Maharashtra,Western Region,364.96,356.17,6667.3,6423.9,0.0,77.01,92.63,27.3,0.0,85.1,1,Independence Day
2023-08-15 22:00:00,Maharashtra,Western Region,329.99,327.79,6136.3,6104.0,0.0,92.24,90.72,26.0,0.0,74.4,1,Independence Day
2023-08-15 23:00:00,Maharashtra,Western Region,287.54,287.34,5347.3,5180.7,0.0,98.64,91.82,20.9,0.0,95.1,1,Independence Day
2023-08-16 00:00:00,Maharashtra,Western Region,301.66,293.26,5660.8,5558.2,0.0,95.12,84.85,24.4,0.0,75.4,0,None
2023-08-16 01:00:00,Maharashtra,Western Region,253.34,246.87,4523.5,4361.0,0.0,97.86,92.72,23.6,4.1,76.9,0,None
2023-08-16 02:00:00,Maharashtra,Western Region,230.96,228.74,4291.6,4287.9,0.0,92.83,89.96,22.4,0.0,63.1,0,None
2023-08-16 03:00:00,Maharashtra,Western Region,253.22,248.43,4668.7,4490.2,0.0,89.35,95.43,25.0,0.6,100.0,0,None
2023-08-16 04:00:00,Maharashtra,Western Region,260.63,257.41,4668.2,4634.8,0.0,93.95,100.83,22.4,0.0,57.3,0,None
2023-08-16 05:00:00,Maharashtra,Western Region,248.66,244.73,4583.2,4455.4,0.0,67.53,93.44,20.9,0.0,97.7,0,None
2023-08-16 06:00:00,Maharashtra,Western Region,308.84,307.36,5831.7,5740.2,0.0,81.67,87.52,26.8,0.0,78.7,0,None
2023-08-16 07:00:00,Maharashtra,Western Region,394.92,390.13,7331.2,7212.1,18.61,82.68,88.98,27.4,0.0,70.3,0,None
2023-08-16 08:00:00,Maharashtra,Western Region,476.59,463.27,8861.0,8640.6,59.09,56.49,82.79,30.8,0.0,77.1,0,None
2023-08-16 09:00:00,Maharashtra,Western Region,525.65,515.83,9688.8,9357.5,41.46,65.42,84.58,28.7,2.5,77.3,0,None
2023-08-16 10:00:00,Maharashtra,Western Region,533.65,526.49,9987.6,9751.1,106.19,65.65,89.32,29.4,0.0,71.1,0,None
2023-08-16 11:00:00,Maharashtra,Western Region,588.7,580.76,10857.7,10442.4,122.99,66.37,85.35,31.0,0.0,83.1,0,None
2023-08-16 12:00:00,Maharashtra,Western Region,617.03,614.03,11427.7,11328.5,120.83,88.05,93.12,32.8,0.0,78.0,0,None
2023-08-16 13:00:00,Maharashtra,Western Region,572.14,563.27,10591.5,10242.7,113.26,61.27,90.23,32.4,0.0,90.4,0,None
2023-08-16 14:00:00,Maharashtra,Western Region,469.0,468.8,8586.7,8421.6,101.28,71.53,87.27,31.2,0.0,79.8,0,None
2023-08-16 15:00:00,Maharashtra,Western Region,443.57,433.02,8275.4,8222.5,92.66,65.91,95.66,30.2,0.0,68.1,0,None
2023-08-16 16:00:00,Maharashtra,Western Region,429.94,420.07,7973.9,7662.7,53.18,59.53,97.53,29.3,0.0,62.3,0,None
2023-08-16 17:00:00,Maharashtra,Western Region,437.68,434.19,8145.9,8100.8,29.24,79.92,90.98,31.2,0.0,63.1,0,None
2023-08-16 18:00:00,Maharashtra,Western Region,424.05,415.7,7812.4,7624.8,0.66,77.04,92.41,29.9,0.0,73.4,0,None
2023-08-16 19:00:00,Maharashtra,Western Region,361.39,355.05,6644.4,6380.5,0.0,78.96,94.52,26.1,0.0,69.6,0,None
2023-08-16 20:00:00,Maharashtra,Western Region,402.1,399.55,7510.1,7283.7,0.0,90.64,90.69,27.5,0.0,79.1,0,None
2023-08-16 21:00:00,Maharashtra,Western Region,345.57,336.86,6437.6,6251.3,0.0,89.93,92.58,25.0,0.0,77.2,0,None
2023-08-16 22:00:00,Maharashtra,Western Region,345.97,340.43,6364.5,6327.8,0.0,87.23,84.09,26.4,0.0,60.6,0,None
2023-08-16 23:00:00,Maharashtra,Western Region,351.23,343.38,6455.3,6302.4,0.0,96.02,89.5,27.4,0.0,74.6,0,None
2023-08-17 00:00:00,Maharashtra,Western Region,252.75,252.55,4668.1,4635.9,0.0,96.71,90.56,24.8,0.0,74.0,0,None
2023-08-17 01:00:00,Maharashtra,Western Region,260.63,253.63,4833.3,4678.8,0.0,99.07,87.65,22.9,0.0,81.2,0,None
2023-08-17 02:00:00,Maharashtra,Western Region,236.92,232.29,4229.8,4073.0,0.0,98.23,88.59,20.9,0.0,83.1,0,None
2023-08-17 03:00:00,Maharashtra,Western Region,221.48,218.9,4081.2,4063.9,0.0,96.8,86.65,25.5,0.0,74.6,0,None
2023-08-17 04:00:00,Maharashtra,Western Region,244.65,237.76,4622.0,4564.4,0.0,94.67,88.91,24.1,0.0,81.8,0,None
2023-08-17 05:00:00,Maharashtra,Western Region,284.82,278.01,5207.5,5178.6,0.0,72.67,88.4,26.5,0.0,81.7,0,None
2023-08-17 06:00:00,Maharashtra,Western Region,282.49,281.76,5273.7,5094.0,5.73,88.57,84.6,24.6,0.0,75.6,0,None
2023-08-17 07:00:00,Maharashtra,Western Region,367.98,363.31,6840.9,6701.8,36.36,81.17,93.07,23.5,0.0,60.4,0,None
2023-08-17 08:00:00,Maharashtra,Western Region,448.88,435.44,8289.8,8254.5,64.12,63.03,103.75,28.5,0.0,63.5,0,None
2023-08-17 09:00:00,Maharashtra,Western Region,506.18,498.29,9293.8,9184.3,82.18,67.62,102.99,27.5,0.0,75.8,0,None
2023-08-17 10:00:00,Maharashtra,Western Region,574.78,571.4,10683.9,10314.3,105.74,75.99,100.5,30.7,0.0,94.8,0,None
2023-08-17 11:00:00,Maharashtra,Western Region,507.45,498.73,9361.6,9256.3,115.37,64.33,89.14,28.0,0.0,81.8,0,None
2023-08-17 12:00:00,Maharashtra,Western Region,541.57,534.45,9983.2,9783.5,122.53,54.14,90.5,29.9,0.0,77.3,0,None
2023-08-17 13:00:00,Maharashtra,Western Region,537.87,526.54,9985.3,9899.3,118.39,73.85,91.67,31.5,0.0,61.4,0,None
2023-08-17 14:00:00,Maharashtra,Western Region,492.3,479.41,9029.7,9008.8,102.65,72.84,99.1,28.5,0.0,76.4,0,None
2023-08-17 15:00:00,Maharashtra,Western Region,479.93,476.43,8948.7,8865.2,85.23,79.84,94.34,29.7,0.0,75.6,0,None
2023-08-17 16:00:00,Maharashtra,Western Region,420.77,409.42,7692.8,7466.2,61.79,70.86,86.32,29.6,0.0,61.1,0,None
2023-08-17 17:00:00,Maharashtra,Western Region,424.44,413.28,7889.0,7585.1,23.73,67.53,88.62,30.6,0.0,78.3,0,None
2023-08-17 18:00:00,Maharashtra,Western Region,391.8,380.18,7329.5,7212.6,0.0,74.94,95.77,28.3,0.0,66.9,0,None
2023-08-17 19:00:00,Maharashtra,Western Region,411.23,405.28,7588.9,7366.9,0.0,82.7,83.48,27.9,0.0,100.0,0,None
2023-08-17 20:00:00,Maharashtra,Western Region,344.48,343.5,6329.6,6277.2,0.0,92.4,97.85,26.5,0.0,77.3,0,None
2023-08-17 21:00:00,Maharashtra,Western Region,328.68,324.39,6060.8,5865.0,0.0,91.36,93.97,23.4,2.8,72.8,0,None
2023-08-17 22:00:00,Maharashtra,Western Region,329.77,325.08,6244.0,6058.6,0.0,109.97,88.35,24.9,0.0,65.1,0,None
2023-08-17 23:00:00,Maharashtra,Western Region,299.11,297.59,5528.3,5365.5,0.0,89.54,83.2,23.6,0.0,85.5,0,None
2023-08-18 00:00:00,Maharashtra,Western Region,291.34,284.02,5425.5,5265.0,0.0,110.6,91.32,25.7,0.2,71.0,0,None
2023-08-18 01:00:00,Maharashtra,Western Region,258.15,257.53,4748.2,4655.0,0.0,89.8,96.64,23.5,0.0,86.4,0,None
2023-08-18 02:00:00,Maharashtra,Western Region,228.55,223.3,4228.9,4066.7,0.0,98.74,92.7,22.9,0.5,66.6,0,None
2023-08-18 03:00:00,Maharashtra,Western Region,238.33,236.93,4463.2,4302.4,0.0,101.92,90.15,23.5,0.0,70.3,0,None
2023-08-18 04:00:00,Maharashtra,Western Region,212.45,212.33,3895.7,3856.4,0.0,88.79,93.03,22.0,0.0,73.8,0,None
2023-08-18 05:00:00,Maharashtra,Western Region,281.62,278.59,5192.8,5012.2,0.0,83.73,104.94,24.7,0.0,76.3,0,None
2023-08-18 06:00:00,Maharashtra,Western Region,306.41,304.89,5633.9,5480.6,0.0,82.21,93.67,25.3,0.0,72.9,0,None
2023-08-18 07:00:00,Maharashtra,Western Region,364.02,362.12,6727.4,6650.2,15.65,72.84,80.89,23.4,0.1,69.9,0,None
2023-08-18 08:00:00,Maharashtra,Western Region,413.4,401.79,7654.4,7478.1,40.0,71.61,91.92,26.5,0.6,42.9,0,None
2023-08-18 09:00:00,Maharashtra,Western Region,458.66,447.66,8486.2,8460.1,44.46,62.44,89.77,25.6,2.0,88.3,0,None
2023-08-18 10:00:00,Maharashtra,Western Region,596.2,588.82,11113.4,10999.4,112.3,63.9,83.18,30.8,0.0,69.7,0,None
2023-08-18 11:00:00,Maharashtra,Western Region,566.73,557.37,10536.4,10167.2,61.8,55.26,82.29,30.4,0.4,70.4,0,None
2023-08-18 12:00:00,Maharashtra,Western Region,591.72,587.36,10989.0,10579.1,126.26,68.08,86.83,31.5,0.0,84.0,0,None
2023-08-18 13:00:00,Maharashtra,Western Region,580.29,576.27,10613.8,10600.4,113.27,71.21,97.22,33.6,0.0,75.7,0,None
2023-08-18 14:00:00,Maharashtra,Western Region,504.62,501.51,9338.5,9088.8,101.57,75.25,81.66,31.8,0.0,89.6,0,None
2023-08-18 15:00:00,Maharashtra,Western Region,444.86,443.92,8103.8,8089.1,30.29,66.16,98.33,29.3,0.1,85.7,0,None
2023-08-18 16:00:00,Maharashtra,Western Region,466.1,455.27,8602.9,8406.2,60.65,70.08,101.76,31.1,0.0,88.2,0,None
2023-08-18 17:00:00,Maharashtra,Western Region,449.69,447.26,8318.2,8030.7,22.36,79.18,92.73,31.7,0.0,77.5,0,None
2023-08-18 18:00:00,Maharashtra,Western Region,390.35,385.75,7169.9,7015.6,5.54,80.18,85.53,28.0,0.0,63.0,0,None
2023-08-18 19:00:00,Maharashtra,Western Region,421.35,415.83,7785.9,7708.8,0.0,98.55,87.2,29.3,0.0,78.7,0,None
2023-08-18 20:00:00,Maharashtra,Western Region,408.75,397.84,7464.5,7196.8,0.0,81.02,97.32,27.1,0.0,72.4,0,None
2023-08-18 21:00:00,Maharashtra,Western Region,349.73,346.62,6377.5,6286.1,0.0,88.49,82.52,25.8,0.1,77.9,0,None
2023-08-18 22:00:00,Maharashtra,Western Region,393.86,382.79,7226.0,6942.7,0.0,85.35,91.36,27.0,0.0,74.7,0,None
2023-08-18 23:00:00,Maharashtra,Western Region,309.13,304.68,5660.9,5477.8,0.0,107.42,82.92,23.9,0.0,63.3,0,None
2023-08-19 00:00:00,Maharashtra,Western Region,293.89,292.24,5453.7,5331.2,0.0,97.42,84.52,23.0,1.3,78.5,0,None
2023-08-19 01:00:00,Maharashtra,Western Region,266.95,264.75,4904.4,4746.7,0.0,72.61,100.99,21.0,0.0,63.7,0,None
2023-08-19 02:00:00,Maharashtra,Western Region,231.1,224.61,4305.4,4143.4,0.0,92.7,96.39,23.7,0.9,78.3,0,None
2023-08-19 03:00:00,Maharashtra,Western Region,235.6,231.79,4324.8,4321.7,0.0,82.77,90.08,22.5,0.4,83.0,0,None
2023-08-19 04:00:00,Maharashtra,Western Region,234.64,230.8,4373.0,4284.8,0.0,89.74,84.9,23.5,1.9,68.2,0,None
2023-08-19 05:00:00,Maharashtra,Western Region,259.55,258.94,4802.0,4711.9,0.0,76.52,85.9,22.2,0.0,53.4,0,None
2023-08-19 06:00:00,Maharashtra,Western Region,310.7,307.92,5753.8,5634.0,0.0,79.71,93.96,24.6,0.3,82.5,0,None
2023-08-19 07:00:00,Maharashtra,Western Region,373.13,368.62,6889.9,6831.5,31.67,88.6,91.48,27.4,0.0,61.7,0,None
2023-08-19 08:00:00,Maharashtra,Western Region,411.36,400.44,7518.7,7392.3,34.77,81.49,89.24,27.9,1.9,89.9,0,None
2023-08-19 09:00:00,Maharashtra,Western Region,542.24,538.89,10003.6,9782.4,85.8,76.09,93.45,29.1,0.0,83.3,0,None
2023-08-19 10:00:00,Maharashtra,Western Region,506.79,502.68,9337.6,9276.7,95.2,55.96,89.26,28.8,0.0,65.7,0,None
2023-08-19 11:00:00,Maharashtra,Western Region,581.79,566.9,10757.2,10394.5,116.76,58.39,81.07,29.7,0.0,74.2,0,None
2023-08-19 12:00:00,Maharashtra,Western Region,534.84,523.18,9813.5,9738.9,117.41,80.07,91.07,28.8,0.0,80.2,0,None
2023-08-19 13:00:00,Maharashtra,Western Region,464.19,451.98,8621.5,8513.1,114.74,75.04,89.29,28.7,0.0,74.8,0,None
2023-08-19 14:00:00,Maharashtra,Western Region,507.69,504.36,9439.5,9152.9,104.96,62.2,93.38,32.6,0.0,84.4,0,None
2023-08-19 15:00:00,Maharashtra,Western Region,457.71,455.58,8356.7,8276.2,87.6,58.31,83.37,30.1,0.0,71.4,0,None
2023-08-19 16:00:00,Maharashtra,Western Region,421.27,410.52,7852.1,7779.7,59.33,81.09,84.22,27.8,0.0,70.9,0,None
2023-08-19 17:00:00,Maharashtra,Western Region,405.94,397.04,7547.7,7272.3,30.52,79.35,80.7,28.1,0.0,57.2,0,None
2023-08-19 18:00:00,Maharashtra,Western Region,424.98,418.99,7887.7,7656.8,0.0,79.98,79.76,29.7,0.3,61.4,0,None
2023-08-19 19:00:00,Maharashtra,Western Region,388.22,378.85,7056.9,6906.8,0.0,93.17,90.88,28.1,0.0,55.5,0,None
2023-08-19 20:00:00,Maharashtra,Western Region,362.93,359.83,6771.7,6535.5,0.0,82.3,93.13,25.2,0.0,61.5,0,None
2023-08-19 21:00:00,Maharashtra,Western Region,377.0,374.73,6959.4,6688.9,0.0,91.15,98.26,26.7,0.0,64.8,0,None
2023-08-19 22:00:00,Maharashtra,Western Region,363.19,361.25,6754.7,6716.3,0.0,95.12,96.75,20.1,6.5,95.1,0,None
2023-08-19 23:00:00,Maharashtra,Western Region,308.61,306.58,5795.2,5594.2,0.0,110.81,87.81,23.6,0.0,71.7,0,None
2023-08-20 00:00:00,Maharashtra,Western Region,261.45,260.11,4855.5,4748.6,0.0,104.59,92.71,22.2,0.0,85.0,1,None
2023-08-20 01:00:00,Maharashtra,Western Region,231.1,228.0,4246.5,4114.9,0.0,91.71,99.01,22.3,0.0,82.9,1,None
2023-08-20 02:00:00,Maharashtra,Western Region,220.8,215.97,4075.5,3974.2,0.0,87.6,82.85,23.7,0.0,69.5,1,None
2023-08-20 03:00:00,Maharashtra,Western Region,193.44,191.91,3570.3,3560.1,0.0,88.74,88.12,21.8,0.0,77.2,1,None
2023-08-20 04:00:00,Maharashtra,Western Region,197.34,197.09,3721.7,3695.9,0.0,77.01,90.01,23.6,0.6,88.3,1,None
2023-08-20 05:00:00,Maharashtra,Western Region,233.78,229.32,4269.6,4251.5,0.0,87.32,90.08,27.3,0.0,77.0,1,None
2023-08-20 06:00:00,Maharashtra,Western Region,278.44,276.01,5158.3,5144.3,0.0,80.33,92.6,24.0,4.9,90.3,1,None
2023-08-20 07:00:00,Maharashtra,Western Region,338.92,333.22,6145.8,6138.2,27.74,77.96,98.17,26.6,0.0,74.8,1,None
2023-08-20 08:00:00,Maharashtra,Western Region,395.71,395.09,7310.1,7033.4,29.66,72.0,90.04,27.1,2.2,64.3,1,None
2023-08-20 09:00:00,Maharashtra,Western Region,449.12,445.7,8316.4,8234.3,89.61,81.66,94.12,27.7,0.0,71.5,1,None
2023-08-20 10:00:00,Maharashtra,Western Region,449.88,436.44,8340.9,8154.3,52.12,75.31,96.76,27.9,4.9,72.6,1,None
2023-08-20 11:00:00,Maharashtra,Western Region,529.52,517.67,9759.3,9578.4,57.08,59.63,84.81,31.8,0.5,72.6,1,None
2023-08-20 12:00:00,Maharashtra,Western Region,477.21,467.42,8791.6,8723.7,119.5,63.85,92.0,28.8,0.0,68.0,1,None
2023-08-20 13:00:00,Maharashtra,Western Region,466.47,453.8,8656.4,8497.2,108.47,71.16,87.98,30.5,0.0,92.2,1,None
2023-08-20 14:00:00,Maharashtra,Western Region,404.83,393.84,7421.7,7374.4,44.58,60.81,88.83,28.2,0.4,58.6,1,None
2023-08-20 15:00:00,Maharashtra,Western Region,409.02,399.88,7544.3,7532.3,34.82,65.69,95.77,29.3,0.3,90.5,1,None
2023-08-20 16:00:00,Maharashtra,Western Region,393.8,389.88,7309.7,7122.6,65.67,72.41,89.75,30.7,0.0,62.8,1,None
2023-08-20 17:00:00,Maharashtra,Western Region,400.12,393.73,7432.2,7255.4,28.45,69.87,104.49,32.0,0.0,68.7,1,None
2023-08-20 18:00:00,Maharashtra,Western Region,372.09,364.78,6877.0,6875.6,0.0,94.13,91.44,30.0,0.0,82.9,1,None
2023-08-20 19:00:00,Maharashtra,Western Region,346.02,336.89,6490.0,6286.2,0.0,69.28,93.05,28.6,0.0,82.7,1,None
2023-08-20 20:00:00,Maharashtra,Western Region,357.16,356.3,6644.5,6450.1,0.0,91.93,94.83,29.4,2.5,83.8,1,None
2023-08-20 21:00:00,Maharashtra,Western Region,373.58,366.7,7022.5,6976.4,0.0,90.06,94.46,26.7,0.0,63.9,1,None
2023-08-20 22:00:00,Maharashtra,Western Region,334.41,326.1,6174.8,6018.5,0.0,99.81,94.42,26.2,0.5,74.9,1,None
2023-08-20 23:00:00,Maharashtra,Western Region,271.0,270.48,4921.0,4843.0,0.0,90.38,101.38,21.7,0.6,66.5,1,None
2023-08-21 00:00:00,Maharashtra,Western Region,302.88,302.09,5649.5,5435.3,0.0,109.44,88.6,22.2,0.1,82.6,0,None
2023-08-21 01:00:00,Maharashtra,Western Region,259.03,253.12,4710.7,4537.9,0.0,76.57,91.12,23.8,1.7,84.1,0,None
2023-08-21 02:00:00,Maharashtra,Western Region,224.03,222.46,4068.3,3938.2,0.0,101.73,89.04,23.4,0.0,86.1,0,None
2023-08-21 03:00:00,Maharashtra,Western Region,221.87,220.0,4034.4,3955.2,0.0,87.99,91.92,22.0,0.0,94.1,0,None
2023-08-21 04:00:00,Maharashtra,Western Region,226.16,221.14,4246.4,4107.6,0.0,84.84,89.85,22.3,0.0,67.9,0,None
2023-08-21 05:00:00,Maharashtra,Western Region,278.23,270.45,5117.9,5016.1,0.0,97.85,93.54,26.2,0.0,86.6,0,None
2023-08-21 06:00:00,Maharashtra,Western Region,336.51,326.88,6234.5,6108.7,0.0,80.43,86.19,27.3,3.1,76.5,0,None
2023-08-21 07:00:00,Maharashtra,Western Region,371.59,365.04,6762.8,6698.6,35.24,89.15,90.64,24.3,0.0,70.6,0,None
2023-08-21 08:00:00,Maharashtra,Western Region,451.43,451.16,8293.0,8048.4,32.27,76.14,87.45,28.9,3.5,77.1,0,None
2023-08-21 09:00:00,Maharashtra,Western Region,489.91,477.08,9100.5,8917.7,87.15,51.54,91.47,27.7,0.0,60.0,0,None
2023-08-21 10:00:00,Maharashtra,Western Region,590.96,575.14,10946.7,10714.5,101.28,49.08,74.2,31.3,0.0,71.6,0,None
2023-08-21 11:00:00,Maharashtra,Western Region,538.64,534.79,9893.0,9795.4,117.62,67.33,99.95,30.8,0.0,60.9,0,None
2023-08-21 12:00:00,Maharashtra,Western Region,544.13,530.64,10108.6,9821.4,121.62,76.69,93.03,29.2,0.0,83.2,0,None
2023-08-21 13:00:00,Maharashtra,Western Region,513.94,503.0,9465.2,9154.2,109.2,60.75,95.65,28.4,0.0,72.8,0,None
2023-08-21 14:00:00,Maharashtra,Western Region,541.99,538.88,10107.8,9789.5,101.76,68.53,85.81,32.7,0.0,68.3,0,None
2023-08-21 15:00:00,Maharashtra,Western Region,476.53,475.65,8769.0,8749.8,82.66,74.89,86.16,31.5,0.0,87.6,0,None
2023-08-21 16:00:00,Maharashtra,Western Region,432.06,420.05,8013.0,7841.0,28.74,66.74,89.27,29.1,1.0,68.9,0,None
2023-08-21 17:00:00,Maharashtra,Western Region,418.01,416.58,7761.2,7608.2,32.1,70.56,101.57,30.0,0.0,82.0,0,None
2023-08-21 18:00:00,Maharashtra,Western Region,350.2,341.53,6459.3,6372.9,1.71,75.11,92.58,27.4,0.0,90.7,0,None
2023-08-21 19:00:00,Maharashtra,Western Region,391.88,391.26,7260.7,7143.8,0.0,77.79,87.27,25.7,3.0,70.2,0,None
2023-08-21 20:00:00,Maharashtra,Western Region,385.24,373.92,7175.9,6893.3,0.0,80.78,82.63,27.2,0.6,79.1,0,None
2023-08-21 21:00:00,Maharashtra,Western Region,363.49,361.27,6773.6,6504.6,0.0,89.58,89.02,25.2,0.0,76.0,0,None
2023-08-21 22:00:00,Maharashtra,Western Region,360.15,356.87,6688.3,6457.4,0.0,106.03,79.65,26.1,0.0,73.2,0,None
2023-08-21 23:00:00,Maharashtra,Western Region,312.92,305.62,5769.1,5754.1,0.0,99.06,88.08,21.5,0.0,64.9,0,None
2023-08-22 00:00:00,Maharashtra,Western Region,293.63,286.96,5422.4,5304.6,0.0,89.56,84.32,23.3,0.0,78.6,0,None
2023-08-22 01:00:00,Maharashtra,Western Region,283.48,281.88,5359.5,5330.8,0.0,106.81,85.06,25.4,0.0,52.8,0,None
2023-08-22 02:00:00,Maharashtra,Western Region,233.93,227.65,4299.6,4154.5,0.0,91.77,98.36,23.5,0.0,91.2,0,None
2023-08-22 03:00:00,Maharashtra,Western Region,199.02,196.24,3690.8,3618.9,0.0,97.3,95.74,23.3,4.7,58.7,0,None
2023-08-22 04:00:00,Maharashtra,Western Region,226.82,221.41,4212.6,4192.7,0.0,86.13,86.97,22.9,3.2,68.7,0,None
2023-08-22 05:00:00,Maharashtra,Western Region,247.54,241.03,4609.4,4443.6,0.0,69.87,97.34,25.1,0.0,45.8,0,None
2023-08-22 06:00:00,Maharashtra,Western Region,298.24,293.51,5579.9,5363.1,0.0,83.64,101.04,25.8,0.0,79.9,0,None
2023-08-22 07:00:00,Maharashtra,Western Region,344.13,338.29,6363.9,6218.0,31.7,80.84,94.25,25.5,0.0,66.2,0,None
2023-08-22 08:00:00,Maharashtra,Western Region,429.5,426.64,7956.9,7690.9,32.0,68.34,104.05,26.8,0.1,68.8,0,None
2023-08-22 09:00:00,Maharashtra,Western Region,485.92,474.04,9019.2,8745.9,49.91,68.52,93.22,28.2,3.1,57.6,0,None
2023-08-22 10:00:00,Maharashtra,Western Region,608.5,595.7,11286.3,11187.0,98.78,59.36,93.03,31.3,0.0,73.9,0,None
2023-08-22 11:00:00,Maharashtra,Western Region,521.8,521.08,9680.8,9679.8,59.05,56.02,94.96,28.0,0.5,72.6,0,None
2023-08-22 12:00:00,Maharashtra,Western Region,560.47,557.27,10373.9,10349.0,126.33,68.25,89.26,30.0,0.0,70.3,0,None
2023-08-22 13:00:00,Maharashtra,Western Region,542.43,530.6,10006.5,9956.6,122.56,68.33,85.6,31.3,0.0,57.1,0,None
2023-08-22 14:00:00,Maharashtra,Western Region,475.91,471.19,8823.9,8759.3,53.0,62.0,90.69,29.5,0.3,62.1,0,None
2023-08-22 15:00:00,Maharashtra,Western Region,505.52,491.8,9301.6,9081.3,40.98,70.34,103.35,33.6,0.8,95.5,0,None
2023-08-22 16:00:00,Maharashtra,Western Region,462.71,450.95,8581.2,8253.7,66.8,68.69,95.15,31.2,0.0,60.4,0,None
2023-08-22 17:00:00,Maharashtra,Western Region,438.3,433.15,8052.5,7877.1,33.78,72.36,91.58,30.1,0.0,87.8,0,None
2023-08-22 18:00:00,Maharashtra,Western Region,378.14,367.56,6985.8,6901.5,6.45,78.41,84.49,28.1,0.0,72.3,0,None
2023-08-22 19:00:00,Maharashtra,Western Region,430.91,427.21,7944.6,7856.6,0.0,93.15,85.45,29.1,0.0,71.0,0,None
2023-08-22 20:00:00,Maharashtra,Western Region,362.08,354.06,6604.1,6399.2,0.0,92.14,86.84,27.1,0.0,75.7,0,None
2023-08-22 21:00:00,Maharashtra,Western Region,373.09,365.58,6891.8,6646.8,0.0,98.81,95.32,25.8,0.0,73.8,0,None
2023-08-22 22:00:00,Maharashtra,Western Region,343.92,336.61,6317.4,6307.5,0.0,104.3,86.49,25.1,0.0,81.7,0,None
2023-08-22 23:00:00,Maharashtra,Western Region,306.66,299.4,5689.7,5638.0,0.0,86.59,85.74,24.7,0.0,79.1,0,None
2023-08-23 00:00:00,Maharashtra,Western Region,283.73,277.58,5186.2,4986.0,0.0,88.85,101.17,25.5,0.0,88.0,0,None
2023-08-23 01:00:00,Maharashtra,Western Region,270.35,262.49,4922.0,4900.7,0.0,100.87,91.45,24.2,0.0,69.9,0,None
2023-08-23 02:00:00,Maharashtra,Western Region,225.23,222.18,4080.5,4013.1,0.0,82.1,85.85,21.1,2.8,72.9,0,None
2023-08-23 03:00:00,Maharashtra,Western Region,234.18,231.94,4307.0,4186.2,0.0,109.67,85.19,20.2,0.7,55.8,0,None
2023-08-23 04:00:00,Maharashtra,Western Region,228.78,223.23,4328.2,4312.5,0.0,106.56,91.41,24.5,2.5,74.4,0,None
2023-08-23 05:00:00,Maharashtra,Western Region,262.7,257.44,4835.0,4772.8,0.0,94.44,89.98,24.8,0.0,91.3,0,None
2023-08-23 06:00:00,Maharashtra,Western Region,297.39,289.09,5495.3,5321.5,0.0,79.91,90.64,25.2,0.0,66.6,0,None
2023-08-23 07:00:00,Maharashtra,Western Region,353.55,349.15,6513.5,6308.2,8.31,61.23,90.77,24.9,0.4,74.1,0,None
2023-08-23 08:00:00,Maharashtra,Western Region,442.97,435.2,8191.4,8044.1,55.38,73.09,87.29,27.8,0.0,76.0,0,None
2023-08-23 09:00:00,Maharashtra,Western Region,512.98,500.07,9386.5,9202.6,76.51,70.68,80.05,29.4,0.0,80.4,0,None
2023-08-23 10:00:00,Maharashtra,Western Region,575.91,568.18,10677.7,10639.1,103.59,56.27,83.16,29.8,0.0,76.6,0,None
2023-08-23 11:00:00,Maharashtra,Western Region,562.63,547.22,10509.8,10144.8,54.73,47.38,85.44,29.0,0.4,85.2,0,None
2023-08-23 12:00:00,Maharashtra,Western Region,590.21,579.09,10979.5,10606.9,122.45,55.51,74.41,31.9,0.0,78.9,0,None
2023-08-23 13:00:00,Maharashtra,Western Region,577.97,565.19,10710.9,10631.6,121.52,60.33,92.79,33.2,0.0,79.8,0,None
2023-08-23 14:00:00,Maharashtra,Western Region,538.58,536.96,9938.7,9550.7,96.3,69.31,85.49,32.5,0.0,70.1,0,None
2023-08-23 15:00:00,Maharashtra,Western Region,387.74,381.32,7165.7,7140.3,84.34,56.86,91.17,27.5,0.0,83.1,0,None
2023-08-23 16:00:00,Maharashtra,Western Region,458.1,444.97,8485.3,8280.7,60.62,83.66,97.7,31.6,0.0,70.0,0,None
2023-08-23 17:00:00,Maharashtra,Western Region,429.18,424.25,7945.8,7858.4,35.46,83.47,99.43,32.4,0.0,67.3,0,None
2023-08-23 18:00:00,Maharashtra,Western Region,430.24,419.68,7960.0,7859.3,3.11,69.78,87.24,29.6,0.0,85.8,0,None
2023-08-23 19:00:00,Maharashtra,Western Region,364.36,360.08,6782.1,6704.4,0.0,74.44,87.1,26.8,0.0,72.3,0,None
2023-08-23 20:00:00,Maharashtra,Western Region,431.99,431.91,8015.6,7957.5,0.0,89.79,92.08,29.1,0.0,86.8,0,None
2023-08-23 21:00:00,Maharashtra,Western Region,377.31,374.32,6931.3,6701.8,0.0,98.79,82.68,26.6,0.0,72.9,0,None
2023-08-23 22:00:00,Maharashtra,Western Region,335.25,333.62,6142.9,6094.3,0.0,92.9,95.24,23.9,0.0,79.1,0,None
2023-08-23 23:00:00,Maharashtra,Western Region,311.13,307.25,5782.5,5702.3,0.0,95.17,95.11,23.4,0.0,70.9,0,None
2023-08-24 00:00:00,Maharashtra,Western Region,268.53,263.56,4950.9,4925.3,0.0,106.15,92.01,22.1,0.0,55.5,0,None
2023-08-24 01:00:00,Maharashtra,Western Region,268.76,265.86,5021.4,5013.3,0.0,79.56,92.25,24.2,2.5,88.3,0,None
2023-08-24 02:00:00,Maharashtra,Western Region,250.59,249.23,4627.3,4569.3,0.0,93.99,92.87,20.9,0.0,78.9,0,None
2023-08-24 03:00:00,Maharashtra,Western Region,236.67,231.33,4401.0,4276.2,0.0,96.23,97.21,25.9,0.0,73.7,0,None
2023-08-24 04:00:00,Maharashtra,Western Region,241.56,241.35,4474.1,4388.5,0.0,85.96,79.31,26.3,0.0,71.2,0,None
2023-08-24 05:00:00,Maharashtra,Western Region,252.45,245.44,4645.1,4488.4,0.0,74.97,91.4,26.2,0.0,80.4,0,None
2023-08-24 06:00:00,Maharashtra,Western Region,297.56,294.84,5498.7,5287.3,0.08,88.99,89.06,25.2,0.2,68.8,0,None
2023-08-24 07:00:00,Maharashtra,Western Region,358.54,356.32,6663.4,6599.1,43.0,92.35,89.54,24.3,0.0,76.6,0,None
2023-08-24 08:00:00,Maharashtra,Western Region,450.79,450.46,8377.0,8073.0,26.07,76.69,95.62,27.9,1.9,81.9,0,None
2023-08-24 09:00:00,Maharashtra,Western Region,504.98,492.04,9251.3,9106.0,39.99,72.87,97.88,28.4,1.6,93.5,0,None
2023-08-24 10:00:00,Maharashtra,Western Region,613.48,606.67,11366.1,11164.6,49.61,62.08,85.07,31.6,3.0,59.5,0,None
2023-08-24 11:00:00,Maharashtra,Western Region,659.31,648.47,12289.7,11816.4,113.04,66.84,95.38,32.9,0.0,66.0,0,None
2023-08-24 12:00:00,Maharashtra,Western Region,606.46,600.38,11253.4,10892.9,119.58,69.41,76.94,31.6,0.0,88.4,0,None
2023-08-24 13:00:00,Maharashtra,Western Region,534.39,523.42,9916.9,9764.5,117.36,57.65,97.85,31.2,0.0,77.0,0,None
2023-08-24 14:00:00,Maharashtra,Western Region,508.7,501.34,9333.8,9330.9,101.14,71.53,89.02,30.4,0.0,77.5,0,None
2023-08-24 15:00:00,Maharashtra,Western Region,459.91,457.77,8424.4,8197.1,85.73,61.8,84.25,29.0,0.0,71.5,0,None
2023-08-24 16:00:00,Maharashtra,Western Region,479.26,478.9,8847.8,8785.1,55.88,75.15,89.21,32.7,0.0,78.0,0,None
2023-08-24 17:00:00,Maharashtra,Western Region,380.85,376.25,7043.2,6831.2,39.63,67.7,83.99,28.9,0.0,63.2,0,None
2023-08-24 18:00:00,Maharashtra,Western Region,395.83,393.88,7309.0,7134.2,0.0,80.26,83.52,29.2,0.0,73.8,0,None
2023-08-24 19:00:00,Maharashtra,Western Region,379.56,375.91,6894.4,6733.0,0.0,99.66,78.84,27.2,0.0,84.4,0,None
2023-08-24 20:00:00,Maharashtra,Western Region,410.92,406.64,7612.3,7467.5,0.0,86.27,89.95,28.7,0.0,84.9,0,None
2023-08-24 21:00:00,Maharashtra,Western Region,429.05,425.73,7968.5,7856.0,0.0,90.08,93.06,29.0,0.0,83.5,0,None
2023-08-24 22:00:00,Maharashtra,Western Region,376.91,368.3,7054.8,6782.0,0.0,87.32,80.78,28.8,0.0,65.7,0,None
2023-08-24 23:00:00,Maharashtra,Western Region,341.37,338.67,6285.9,6228.5,0.0,86.07,90.52,23.8,0.0,86.5,0,None
2023-08-25 00:00:00,Maharashtra,Western Region,286.69,279.79,5334.2,5230.2,0.0,99.37,85.25,20.2,0.0,69.5,0,None
2023-08-25 01:00:00,Maharashtra,Western Region,259.04,258.35,4807.6,4676.4,0.0,92.94,91.53,23.8,0.6,71.8,0,None
2023-08-25 02:00:00,Maharashtra,Western Region,251.52,250.17,4679.4,4633.9,0.0,88.24,83.43,22.8,0.0,58.6,0,None
2023-08-25 03:00:00,Maharashtra,Western Region,244.17,237.67,4515.0,4361.3,0.0,97.25,94.0,23.1,0.1,74.9,0,None
2023-08-25 04:00:00,Maharashtra,Western Region,239.95,238.86,4441.6,4328.5,0.0,82.87,93.92,22.1,0.3,77.4,0,None
2023-08-25 05:00:00,Maharashtra,Western Region,252.99,250.7,4702.2,4647.6,0.0,80.03,84.35,25.6,0.0,69.4,0,None
2023-08-25 06:00:00,Maharashtra,Western Region,302.37,298.66,5590.5,5464.6,3.95,85.47,81.08,24.0,0.0,59.8,0,None
2023-08-25 07:00:00,Maharashtra,Western Region,369.06,360.55,6777.0,6519.4,28.27,89.06,92.48,24.5,0.0,85.0,0,None
2023-08-25 08:00:00,Maharashtra,Western Region,399.64,397.43,7395.0,7227.1,38.14,69.52,89.15,26.5,0.6,65.4,0,None
2023-08-25 09:00:00,Maharashtra,Western Region,502.86,493.64,9299.4,9072.5,53.9,69.57,90.44,28.5,0.9,72.6,0,None
2023-08-25 10:00:00,Maharashtra,Western Region,562.38,548.23,10350.7,10346.7,57.98,60.23,92.09,30.7,0.9,94.7,0,None
2023-08-25 11:00:00,Maharashtra,Western Region,539.93,533.46,10001.8,9932.4,118.17,75.76,92.71,28.0,0.0,89.0,0,None
2023-08-25 12:00:00,Maharashtra,Western Region,570.03,566.71,10565.9,10387.5,118.82,74.01,82.0,29.6,0.0,67.5,0,None
2023-08-25 13:00:00,Maharashtra,Western Region,491.66,482.66,9066.4,8992.9,54.16,74.66,86.44,28.9,2.8,91.1,0,None
2023-08-25 14:00:00,Maharashtra,Western Region,482.78,475.0,8927.6,8742.1,95.18,58.46,85.79,29.8,0.0,91.0,0,None
2023-08-25 15:00:00,Maharashtra,Western Region,515.94,512.23,9446.7,9189.7,39.86,58.33,92.72,32.6,1.3,68.1,0,None
2023-08-25 16:00:00,Maharashtra,Western Region,465.67,459.87,8587.5,8455.9,58.16,76.13,86.45,31.9,0.0,65.7,0,None
2023-08-25 17:00:00,Maharashtra,Western Region,415.57,410.33,7653.8,7496.6,39.18,87.95,83.35,29.4,0.0,41.5,0,None
2023-08-25 18:00:00,Maharashtra,Western Region,398.57,387.08,7497.8,7217.8,0.0,81.78,91.23,28.4,0.4,68.5,0,None
2023-08-25 19:00:00,Maharashtra,Western Region,410.89,404.47,7588.0,7303.9,0.0,78.8,88.28,27.7,0.1,74.5,0,None
2023-08-25 20:00:00,Maharashtra,Western Region,434.33,433.37,8091.9,7907.1,0.0,87.15,83.0,29.9,1.8,86.4,0,None
2023-08-25 21:00:00,Maharashtra,Western Region,406.85,394.98,7521.8,7399.9,0.0,76.15,97.48,28.8,0.0,77.5,0,None
2023-08-25 22:00:00,Maharashtra,Western Region,342.44,334.46,6413.0,6177.5,0.0,92.39,94.9,24.9,0.0,76.9,0,None
2023-08-25 23:00:00,Maharashtra,Western Region,358.52,356.41,6650.8,6450.5,0.0,97.69,89.91,27.6,0.0,76.9,0,None
2023-08-26 00:00:00,Maharashtra,Western Region,277.88,271.77,5096.9,4998.4,0.0,86.63,89.82,23.6,0.4,73.2,0,None
2023-08-26 01:00:00,Maharashtra,Western Region,271.03,265.44,5009.9,4811.3,0.0,91.46,89.7,23.0,0.0,82.5,0,None
2023-08-26 02:00:00,Maharashtra,Western Region,238.8,238.0,4377.7,4307.2,0.0,96.19,85.43,23.5,0.0,70.9,0,None
2023-08-26 03:00:00,Maharashtra,Western Region,233.79,229.76,4266.0,4223.5,0.0,97.16,93.68,24.9,0.0,84.7,0,None
2023-08-26 04:00:00,Maharashtra,Western Region,240.18,239.16,4412.0,4407.8,0.0,108.32,99.23,24.6,0.0,68.9,0,None
2023-08-26 05:00:00,Maharashtra,Western Region,274.61,270.42,5107.4,5003.8,0.0,92.96,81.67,25.6,6.6,61.6,0,None
2023-08-26 06:00:00,Maharashtra,Western Region,298.24,291.88,5572.7,5358.5,0.0,84.86,85.88,24.8,0.0,89.5,0,None
2023-08-26 07:00:00,Maharashtra,Western Region,357.31,347.05,6505.7,6447.6,19.93,85.05,86.37,25.0,0.3,64.1,0,None
2023-08-26 08:00:00,Maharashtra,Western Region,413.55,409.99,7655.3,7360.6,30.34,64.61,88.5,26.4,0.7,82.6,0,None
2023-08-26 09:00:00,Maharashtra,Western Region,448.92,448.87,8308.2,8045.3,46.13,76.19,82.76,26.2,1.9,73.5,0,None
2023-08-26 10:00:00,Maharashtra,Western Region,552.05,547.96,10213.8,10008.4,95.92,68.83,86.93,29.5,0.0,76.3,0,None
2023-08-26 11:00:00,Maharashtra,Western Region,554.77,543.19,10274.5,9907.7,60.45,62.57,83.92,30.0,3.5,63.7,0,None
2023-08-26 12:00:00,Maharashtra,Western Region,616.5,613.67,11374.9,11276.0,115.1,66.85,96.76,33.2,0.0,71.7,0,None
2023-08-26 13:00:00,Maharashtra,Western Region,521.4,511.92,9711.1,9601.6,114.57,61.8,85.97,29.8,0.0,83.2,0,None
2023-08-26 14:00:00,Maharashtra,Western Region,482.62,479.95,8877.8,8701.1,111.56,66.65,92.1,29.0,0.0,76.5,0,None
2023-08-26 15:00:00,Maharashtra,Western Region,498.36,492.86,9222.6,9136.9,72.61,65.56,95.36,31.1,0.0,94.5,0,None
2023-08-26 16:00:00,Maharashtra,Western Region,388.19,380.12,7163.7,6997.0,39.23,80.44,90.4,28.6,3.1,68.8,0,None
2023-08-26 17:00:00,Maharashtra,Western Region,433.67,431.82,7982.3,7782.4,13.24,68.13,107.08,31.9,0.3,80.7,0,None
2023-08-26 18:00:00,Maharashtra,Western Region,375.22,371.55,7018.5,6939.0,0.0,84.9,94.4,26.4,0.0,85.6,0,None
2023-08-26 19:00:00,Maharashtra,Western Region,388.14,388.13,7162.5,6996.0,0.0,97.65,86.66,28.4,0.1,82.2,0,None
2023-08-26 20:00:00,Maharashtra,Western Region,379.86,371.07,7030.6,6866.2,0.0,90.83,97.05,26.2,0.0,70.4,0,None
2023-08-26 21:00:00,Maharashtra,Western Region,371.75,362.24,6908.2,6897.9,0.0,89.44,92.78,25.9,0.0,71.3,0,None
2023-08-26 22:00:00,Maharashtra,Western Region,376.34,366.25,7009.0,6952.5,0.0,91.04,85.19,26.9,1.8,92.1,0,None
2023-08-26 23:00:00,Maharashtra,Western Region,306.97,302.38,5686.5,5686.2,0.0,88.08,93.6,23.4,2.3,74.6,0,None
2023-08-27 00:00:00,Maharashtra,Western Region,279.41,275.35,5179.3,5038.7,0.0,97.42,93.49,22.6,0.0,92.3,1,None
2023-08-27 01:00:00,Maharashtra,Western Region,257.06,255.57,4804.2,4725.4,0.0,80.87,91.05,23.6,0.0,58.3,1,None
2023-08-27 02:00:00,Maharashtra,Western Region,234.02,227.87,4316.0,4144.4,0.0,94.52,97.05,22.0,0.3,80.2,1,None
2023-08-27 03:00:00,Maharashtra,Western Region,227.67,223.56,4262.2,4258.6,0.0,91.08,92.5,21.5,0.0,66.8,1,None
2023-08-27 04:00:00,Maharashtra,Western Region,212.21,206.52,3920.0,3854.7,0.0,83.07,89.69,24.1,1.5,72.4,1,None
2023-08-27 05:00:00,Maharashtra,Western Region,217.66,212.51,3939.3,3880.2,0.0,85.97,83.83,22.4,0.0,74.5,1,None
2023-08-27 06:00:00,Maharashtra,Western Region,294.94,287.3,5476.8,5439.7,12.86,71.57,91.88,26.7,0.0,82.9,1,None
2023-08-27 07:00:00,Maharashtra,Western Region,332.93,324.38,6121.2,6015.3,33.42,65.92,83.99,26.7,0.0,87.4,1,None
2023-08-27 08:00:00,Maharashtra,Western Region,338.69,334.82,6256.9,6130.4,29.43,80.79,97.23,25.6,0.9,95.6,1,None
2023-08-27 09:00:00,Maharashtra,Western Region,433.06,431.41,8089.2,8072.6,79.51,61.77,82.14,27.6,0.0,60.6,1,None
2023-08-27 10:00:00,Maharashtra,Western Region,484.96,478.38,9068.2,8778.4,109.77,67.94,80.4,28.8,0.0,77.6,1,None
2023-08-27 11:00:00,Maharashtra,Western Region,544.05,533.58,10070.6,9866.2,128.51,69.08,93.51,31.1,0.0,88.3,1,None
2023-08-27 12:00:00,Maharashtra,Western Region,480.3,468.52,8845.5,8837.1,121.47,58.3,87.92,29.3,0.0,94.8,1,None
2023-08-27 13:00:00,Maharashtra,Western Region,487.29,480.97,9072.7,9016.1,122.95,63.08,89.03,31.5,0.0,69.2,1,None
2023-08-27 14:00:00,Maharashtra,Western Region,443.56,438.2,8256.8,8043.3,103.93,47.39,85.98,30.0,0.0,86.5,1,None
2023-08-27 15:00:00,Maharashtra,Western Region,421.02,417.73,7779.6,7743.2,76.77,60.63,91.13,31.2,0.0,73.5,1,None
2023-08-27 16:00:00,Maharashtra,Western Region,423.09,422.07,7788.5,7774.0,60.65,49.34,89.14,30.5,0.0,68.9,1,None
2023-08-27 17:00:00,Maharashtra,Western Region,372.34,368.1,6859.9,6758.1,28.62,76.88,100.23,29.9,0.0,78.9,1,None
2023-08-27 18:00:00,Maharashtra,Western Region,397.58,395.92,7327.4,7183.1,1.43,81.69,87.77,29.1,0.1,78.4,1,None
2023-08-27 19:00:00,Maharashtra,Western Region,303.91,295.39,5559.4,5337.4,0.0,81.63,100.82,25.9,0.6,76.2,1,None
2023-08-27 20:00:00,Maharashtra,Western Region,328.93,322.52,6092.0,5996.7,0.0,93.64,84.48,25.7,2.4,64.4,1,None
2023-08-27 21:00:00,Maharashtra,Western Region,338.65,331.54,6277.5,6091.0,0.0,107.31,94.28,26.7,0.2,69.9,1,None
2023-08-27 22:00:00,Maharashtra,Western Region,295.31,292.74,5483.4,5469.0,0.0,82.72,87.73,25.0,1.1,59.0,1,None
2023-08-27 23:00:00,Maharashtra,Western Region,268.65,266.37,4989.2,4794.2,0.0,92.05,92.07,24.6,0.0,70.8,1,None
2023-08-28 00:00:00,Maharashtra,Western Region,303.59,299.73,5703.9,5552.2,0.0,90.81,89.08,21.9,0.0,57.9,0,None
2023-08-28 01:00:00,Maharashtra,Western Region,266.48,258.84,4915.8,4835.2,0.0,88.78,98.49,23.5,0.0,73.6,0,None
2023-08-28 02:00:00,Maharashtra,Western Region,260.14,255.69,4834.8,4765.5,0.0,74.36,84.64,21.9,0.0,72.7,0,None
2023-08-28 03:00:00,Maharashtra,Western Region,253.43,250.84,4727.1,4693.0,0.0,85.48,87.82,23.2,0.0,72.1,0,None
2023-08-28 04:00:00,Maharashtra,Western Region,217.94,213.56,4055.4,4017.3,0.0,89.09,84.84,24.8,0.0,74.2,0,None
2023-08-28 05:00:00,Maharashtra,Western Region,269.07,263.62,4930.6,4758.6,0.0,84.55,96.19,22.3,0.0,73.1,0,None
2023-08-28 06:00:00,Maharashtra,Western Region,325.35,315.74,6004.5,5814.1,3.12,70.37,90.68,25.9,0.0,77.1,0,None
2023-08-28 07:00:00,Maharashtra,Western Region,318.52,313.39,5942.7,5857.3,17.14,73.46,86.29,24.7,2.8,66.1,0,None
2023-08-28 08:00:00,Maharashtra,Western Region,450.61,447.45,8286.4,8090.8,33.41,56.29,75.68,28.4,1.2,100.0,0,None
2023-08-28 09:00:00,Maharashtra,Western Region,492.61,486.39,9181.4,9064.8,78.3,73.89,100.04,28.8,0.0,74.9,0,None
2023-08-28 10:00:00,Maharashtra,Western Region,538.62,528.92,10045.8,9689.3,59.72,78.84,86.18,29.0,0.5,67.3,0,None
2023-08-28 11:00:00,Maharashtra,Western Region,539.1,535.09,9937.0,9935.0,107.67,66.0,90.11,28.9,0.0,71.7,0,None
2023-08-28 12:00:00,Maharashtra,Western Region,572.61,570.32,10667.4,10444.1,123.81,64.85,83.58,31.5,0.0,56.4,0,None
2023-08-28 13:00:00,Maharashtra,Western Region,543.78,543.51,10090.5,9687.3,55.21,74.73,91.86,31.3,0.1,80.8,0,None
2023-08-28 14:00:00,Maharashtra,Western Region,520.64,514.95,9630.3,9548.7,100.35,81.47,84.45,32.3,0.0,78.1,0,None
2023-08-28 15:00:00,Maharashtra,Western Region,477.45,476.34,8750.9,8484.9,84.88,53.49,95.89,30.4,0.0,62.4,0,None
2023-08-28 16:00:00,Maharashtra,Western Region,473.41,460.19,8806.1,8475.5,57.75,62.07,95.81,32.8,0.0,68.9,0,None
2023-08-28 17:00:00,Maharashtra,Western Region,388.51,387.01,7201.2,7169.6,27.76,81.04,94.28,29.3,0.0,70.5,0,None
2023-08-28 18:00:00,Maharashtra,Western Region,376.57,366.88,6913.6,6821.1,1.26,82.14,84.67,26.0,1.8,78.7,0,None
2023-08-28 19:00:00,Maharashtra,Western Region,423.35,419.85,7773.0,7584.1,0.0,95.84,90.72,29.2,0.0,79.4,0,None
2023-08-28 20:00:00,Maharashtra,Western Region,367.71,366.44,6806.6,6785.2,0.0,86.14,83.71,26.6,0.6,69.8,0,None
2023-08-28 21:00:00,Maharashtra,Western Region,391.95,391.01,7327.3,7320.2,0.0,80.93,85.46,28.3,0.0,74.6,0,None
2023-08-28 22:00:00,Maharashtra,Western Region,370.12,363.34,6895.3,6884.3,0.0,96.18,94.61,25.4,0.0,60.8,0,None
2023-08-28 23:00:00,Maharashtra,Western Region,305.62,300.53,5621.7,5589.0,0.0,94.33,88.54,22.5,0.0,72.2,0,None
2023-08-29 00:00:00,Maharashtra,Western Region,302.21,294.37,5588.6,5529.4,0.0,94.17,94.4,22.1,0.0,79.5,0,None
2023-08-29 01:00:00,Maharashtra,Western Region,264.5,257.46,4897.4,4880.5,0.0,88.37,95.71,24.3,7.0,70.9,0,None
2023-08-29 02:00:00,Maharashtra,Western Region,256.72,252.32,4674.2,4496.5,0.0,90.41,85.3,23.8,0.0,74.3,0,None
2023-08-29 03:00:00,Maharashtra,Western Region,199.36,196.65,3651.8,3580.7,0.0,94.13,100.94,24.4,1.1,66.2,0,None
2023-08-29 04:00:00,Maharashtra,Western Region,256.72,254.52,4732.8,4616.3,0.0,93.94,96.28,24.4,0.9,67.7,0,None
2023-08-29 05:00:00,Maharashtra,Western Region,287.26,279.28,5291.3,5092.8,0.0,89.05,78.77,26.2,0.0,65.1,0,None
2023-08-29 06:00:00,Maharashtra,Western Region,294.02,292.83,5418.1,5369.2,0.06,83.67,89.31,21.9,0.5,62.0,0,None
2023-08-29 07:00:00,Maharashtra,Western Region,402.2,396.81,7413.5,7176.5,39.3,71.54,85.05,27.6,0.0,73.9,0,None
2023-08-29 08:00:00,Maharashtra,Western Region,450.02,448.21,8263.3,8064.1,62.52,76.83,88.76,27.0,0.0,65.8,0,None
2023-08-29 09:00:00,Maharashtra,Western Region,499.6,485.87,9159.3,9045.2,76.76,60.0,94.02,27.7,0.0,64.1,0,None
2023-08-29 10:00:00,Maharashtra,Western Region,551.07,548.21,10135.8,10053.2,107.3,58.03,82.44,29.5,0.0,72.0,0,None
2023-08-29 11:00:00,Maharashtra,Western Region,572.97,560.2,10542.1,10222.1,113.77,70.18,85.76,29.6,0.0,91.8,0,None
2023-08-29 12:00:00,Maharashtra,Western Region,617.0,605.03,11311.1,10895.5,120.51,63.47,101.15,32.5,0.0,73.2,0,None
2023-08-29 13:00:00,Maharashtra,Western Region,574.71,563.22,10578.8,10222.3,120.39,70.06,83.61,32.2,0.0,79.6,0,None
2023-08-29 14:00:00,Maharashtra,Western Region,494.3,485.42,9200.3,8991.7,104.04,59.02,91.78,30.5,0.0,77.4,0,None
2023-08-29 15:00:00,Maharashtra,Western Region,469.33,467.04,8689.0,8663.7,73.58,83.39,95.38,30.6,0.0,63.4,0,None
2023-08-29 16:00:00,Maharashtra,Western Region,406.09,402.85,7546.3,7408.3,32.34,80.73,88.92,28.7,2.9,68.7,0,None
2023-08-29 17:00:00,Maharashtra,Western Region,394.16,392.16,7318.2,7212.3,15.05,69.04,90.53,27.8,3.4,76.8,0,None
2023-08-29 18:00:00,Maharashtra,Western Region,396.08,393.89,7347.7,7279.8,0.0,81.97,88.97,29.8,0.1,77.7,0,None
2023-08-29 19:00:00,Maharashtra,Western Region,427.0,420.38,7959.7,7707.3,0.0,81.91,89.26,28.6,0.0,76.2,0,None
2023-08-29 20:00:00,Maharashtra,Western Region,329.82,325.08,6128.7,6106.0,0.0,84.88,92.97,24.2,0.3,84.2,0,None
2023-08-29 21:00:00,Maharashtra,Western Region,328.56,320.77,5986.9,5958.5,0.0,82.23,96.38,24.6,0.0,81.0,0,None
2023-08-29 22:00:00,Maharashtra,Western Region,349.08,346.21,6451.3,6321.0,0.0,92.97,94.75,26.0,0.0,89.2,0,None
2023-08-29 23:00:00,Maharashtra,Western Region,347.41,338.05,6489.1,6272.9,0.0,87.6,93.42,26.2,0.0,72.2,0,None
2023-08-30 00:00:00,Maharashtra,Western Region,303.46,299.13,5591.4,5412.1,0.0,103.43,85.86,26.3,0.0,67.8,0,None
2023-08-30 01:00:00,Maharashtra,Western Region,249.88,243.38,4621.2,4456.9,0.0,96.45,88.41,22.8,4.3,66.8,0,None
2023-08-30 02:00:00,Maharashtra,Western Region,240.98,237.73,4528.4,4454.3,0.0,98.54,88.49,24.1,0.0,82.2,0,None
2023-08-30 03:00:00,Maharashtra,Western Region,228.04,221.33,4206.9,4156.5,0.0,95.18,92.02,22.2,0.0,66.9,0,None
2023-08-30 04:00:00,Maharashtra,Western Region,216.4,214.05,4056.0,3929.7,0.0,99.3,93.85,22.7,0.0,85.6,0,None
2023-08-30 05:00:00,Maharashtra,Western Region,267.31,267.12,5052.7,5043.4,0.0,98.68,88.29,26.8,0.0,69.5,0,None
2023-08-30 06:00:00,Maharashtra,Western Region,306.89,299.14,5742.4,5723.8,4.85,72.68,89.92,27.5,0.2,76.7,0,None
2023-08-30 07:00:00,Maharashtra,Western Region,365.24,357.13,6775.6,6596.8,33.73,83.11,89.17,27.2,0.0,65.2,0,None
2023-08-30 08:00:00,Maharashtra,Western Region,473.01,470.09,8813.6,8736.5,28.33,59.68,97.32,29.7,1.9,67.4,0,None
2023-08-30 09:00:00,Maharashtra,Western Region,484.16,471.15,8985.4,8966.4,88.88,75.2,86.85,28.3,0.0,76.6,0,None
2023-08-30 10:00:00,Maharashtra,Western Region,522.06,521.8,9666.8,9600.0,105.6,63.49,95.66,28.0,0.0,82.4,0,None
2023-08-30 11:00:00,Maharashtra,Western Region,535.97,520.73,9877.7,9777.1,121.41,67.26,87.92,28.5,0.0,72.7,0,None
2023-08-30 12:00:00,Maharashtra,Western Region,577.03,564.74,10685.4,10524.1,110.09,60.72,80.9,31.0,0.0,90.5,0,None
2023-08-30 13:00:00,Maharashtra,Western Region,540.63,528.56,9975.1,9643.7,117.49,78.06,89.0,31.1,0.0,79.3,0,None
2023-08-30 14:00:00,Maharashtra,Western Region,515.14,508.08,9571.1,9497.2,100.85,60.24,94.88,30.6,0.0,73.8,0,None
2023-08-30 15:00:00,Maharashtra,Western Region,451.64,450.92,8364.8,8098.9,83.34,71.38,91.75,31.1,0.0,68.0,0,None
2023-08-30 16:00:00,Maharashtra,Western Region,403.67,395.1,7464.3,7395.8,55.65,76.09,96.53,30.0,0.0,72.7,0,None
2023-08-30 17:00:00,Maharashtra,Western Region,424.56,417.22,7847.0,7623.4,31.22,86.34,100.17,30.2,0.0,65.7,0,None
2023-08-30 18:00:00,Maharashtra,Western Region,386.86,386.77,7171.5,7153.5,0.0,94.35,92.39,27.0,0.8,84.6,0,None
2023-08-30 19:00:00,Maharashtra,Western Region,421.11,419.93,7679.4,7452.4,0.0,76.4,100.55,29.2,1.1,85.8,0,None
2023-08-30 20:00:00,Maharashtra,Western Region,402.79,400.06,7500.2,7221.4,0.0,77.92,98.07,29.5,2.7,64.0,0,None
2023-08-30 21:00:00,Maharashtra,Western Region,368.8,362.59,6852.0,6763.8,0.0,95.79,92.87,23.6,0.0,70.1,0,None
2023-08-30 22:00:00,Maharashtra,Western Region,348.86,339.55,6479.6,6224.3,0.0,84.98,84.35,26.2,0.0,79.0,0,None
2023-08-30 23:00:00,Maharashtra,Western Region,309.4,306.86,5732.0,5617.7,0.0,81.12,89.37,23.3,0.0,72.0,0,None
2023-08-31 00:00:00,Maharashtra,Western Region,288.41,282.34,5303.7,5120.7,0.0,96.63,91.74,22.4,0.0,80.9,0,None
2023-08-31 01:00:00,Maharashtra,Western Region,237.49,235.35,4445.8,4344.9,0.0,90.69,91.38,24.2,1.0,71.4,0,None
2023-08-31 02:00:00,Maharashtra,Western Region,249.81,247.07,4610.2,4478.3,0.0,95.31,99.7,23.6,2.5,56.7,0,None
2023-08-31 03:00:00,Maharashtra,Western Region,225.06,222.07,4168.0,4039.8,0.0,89.46,91.77,23.9,0.2,86.6,0,None
2023-08-31 04:00:00,Maharashtra,Western Region,251.74,248.93,4697.3,4657.7,0.0,80.4,81.76,24.1,0.0,70.0,0,None
2023-08-31 05:00:00,Maharashtra,Western Region,253.15,247.36,4651.9,4490.7,0.0,99.76,82.8,26.2,0.8,51.8,0,None
2023-08-31 06:00:00,Maharashtra,Western Region,297.56,290.09,5537.4,5534.7,0.0,84.16,77.64,26.4,0.0,89.8,0,None
2023-08-31 07:00:00,Maharashtra,Western Region,414.86,410.02,7653.0,7594.9,34.35,73.23,84.87,28.8,0.0,58.5,0,None
2023-08-31 08:00:00,Maharashtra,Western Region,426.36,418.18,8037.6,7979.1,26.43,85.4,77.79,26.8,0.3,69.4,0,None
2023-08-31 09:00:00,Maharashtra,Western Region,503.22,495.99,9363.2,9251.3,88.57,75.61,96.76,28.5,0.0,82.3,0,None
2023-08-31 10:00:00,Maharashtra,Western Region,561.43,547.0,10356.2,10225.6,108.12,54.7,101.36,29.7,0.0,69.2,0,None
2023-08-31 11:00:00,Maharashtra,Western Region,558.24,557.03,10277.1,10176.4,63.19,64.53,98.65,31.0,2.0,92.3,0,None
2023-08-31 12:00:00,Maharashtra,Western Region,570.42,554.99,10488.1,10099.2,127.28,73.15,85.38,31.1,0.0,77.1,0,None
2023-08-31 13:00:00,Maharashtra,Western Region,533.45,528.55,9931.4,9748.1,112.69,53.37,88.84,30.9,0.0,85.7,0,None
2023-08-31 14:00:00,Maharashtra,Western Region,501.19,495.83,9369.5,9014.8,105.84,70.36,85.43,29.6,0.0,72.3,0,None
2023-08-31 15:00:00,Maharashtra,Western Region,481.1,467.64,8797.0,8649.2,83.22,64.12,94.47,32.1,0.0,77.3,0,None
2023-08-31 16:00:00,Maharashtra,Western Region,410.6,398.97,7611.9,7521.3,66.57,68.79,92.45,30.7,0.0,75.2,0,None
2023-08-31 17:00:00,Maharashtra,Western Region,374.82,372.54,6867.7,6699.2,30.72,83.66,85.33,26.8,0.0,75.5,0,None
2023-08-31 18:00:00,Maharashtra,Western Region,399.7,388.87,7443.2,7232.5,0.0,86.47,85.74,29.1,0.0,70.5,0,None
2023-08-31 19:00:00,Maharashtra,Western Region,444.76,431.48,8220.2,8171.5,0.0,76.47,92.33,31.2,0.0,53.1,0,None
2023-08-31 20:00:00,Maharashtra,Western Region,357.29,348.15,6628.2,6537.6,0.0,84.91,78.05,25.7,0.1,79.7,0,None
2023-08-31 21:00:00,Maharashtra,Western Region,360.04,357.23,6665.2,6626.4,0.0,83.2,76.89,26.1,1.3,88.4,0,None
2023-08-31 22:00:00,Maharashtra,Western Region,354.75,347.94,6518.6,6431.6,0.0,86.41,85.51,23.5,0.0,68.5,0,None
2023-08-31 23:00:00,Maharashtra,Western Region,328.17,322.33,6042.9,5803.4,0.0,85.33,87.74,25.7,0.0,72.0,0,None
2023-09-01 00:00:00,Maharashtra,Western Region,284.34,276.35,5223.8,5090.5,0.0,87.22,102.82,23.1,0.0,76.8,0,None
2023-09-01 01:00:00,Maharashtra,Western Region,275.93,270.88,5002.1,4954.2,0.0,91.61,79.39,22.8,0.0,54.2,0,None
2023-09-01 02:00:00,Maharashtra,Western Region,254.05,248.38,4639.5,4600.6,0.0,85.67,89.27,21.5,0.0,87.1,0,None
2023-09-01 03:00:00,Maharashtra,Western Region,230.77,228.61,4375.8,4349.0,0.0,95.86,84.43,23.7,0.0,84.2,0,None
2023-09-01 04:00:00,Maharashtra,Western Region,224.77,219.05,4226.3,4221.4,0.0,99.78,77.9,19.0,0.0,77.0,0,None
2023-09-01 05:00:00,Maharashtra,Western Region,224.73,223.69,4153.8,4116.0,0.0,83.83,95.55,25.7,1.6,75.8,0,None
2023-09-01 06:00:00,Maharashtra,Western Region,319.93,314.3,5897.7,5779.8,1.54,92.27,97.01,26.1,0.0,73.5,0,None
2023-09-01 07:00:00,Maharashtra,Western Region,347.61,345.99,6391.8,6338.1,20.85,81.07,84.32,24.3,0.0,92.7,0,None
2023-09-01 08:00:00,Maharashtra,Western Region,415.61,407.33,7743.3,7634.5,58.65,70.08,88.48,26.8,0.0,75.6,0,None
2023-09-01 09:00:00,Maharashtra,Western Region,437.27,425.12,8018.7,7719.4,41.45,71.46,79.95,25.5,2.3,71.8,0,None
2023-09-01 10:00:00,Maharashtra,Western Region,551.52,538.97,10172.3,9869.2,113.27,60.92,87.52,28.7,0.0,83.6,0,None
2023-09-01 11:00:00,Maharashtra,Western Region,576.01,574.52,10661.7,10527.2,65.55,69.6,87.5,29.9,2.2,77.2,0,None
2023-09-01 12:00:00,Maharashtra,Western Region,593.52,579.3,10986.3,10719.3,114.95,55.6,82.95,31.9,0.0,92.6,0,None
2023-09-01 13:00:00,Maharashtra,Western Region,542.25,526.52,9966.2,9914.9,118.96,67.63,92.79,30.5,0.0,77.2,0,None
2023-09-01 14:00:00,Maharashtra,Western Region,474.48,467.61,8755.4,8419.9,105.51,67.93,88.76,30.4,0.0,68.1,0,None
2023-09-01 15:00:00,Maharashtra,Western Region,453.92,444.1,8393.6,8137.1,91.08,54.89,102.83,29.8,0.0,69.5,0,None
2023-09-01 16:00:00,Maharashtra,Western Region,423.5,421.17,7826.8,7787.6,59.69,67.02,83.64,28.4,0.0,70.5,0,None
2023-09-01 17:00:00,Maharashtra,Western Region,419.86,413.36,7729.5,7531.7,32.55,100.78,90.87,30.0,0.0,71.7,0,None
2023-09-01 18:00:00,Maharashtra,Western Region,430.71,422.35,7962.9,7771.2,2.44,90.18,88.42,31.6,0.0,84.1,0,None
2023-09-01 19:00:00,Maharashtra,Western Region,371.91,369.15,6903.8,6759.0,0.0,82.53,96.73,27.4,0.0,65.4,0,None
2023-09-01 20:00:00,Maharashtra,Western Region,403.65,395.08,7427.9,7386.6,0.0,98.83,92.16,28.3,2.7,88.4,0,None
2023-09-01 21:00:00,Maharashtra,Western Region,367.27,359.48,6748.2,6639.2,0.0,88.77,88.31,25.2,0.0,78.0,0,None
2023-09-01 22:00:00,Maharashtra,Western Region,376.47,368.08,6984.3,6767.0,0.0,95.55,88.52,22.1,0.0,89.1,0,None
2023-09-01 23:00:00,Maharashtra,Western Region,337.48,327.82,6259.0,6009.1,0.0,81.1,87.38,21.6,0.0,74.3,0,None
2023-09-02 00:00:00,Maharashtra,Western Region,297.95,289.93,5532.5,5402.9,0.0,87.03,91.97,25.5,0.0,75.8,0,None
2023-09-02 01:00:00,Maharashtra,Western Region,256.57,252.47,4933.8,4838.4,0.0,85.0,83.28,22.9,0.0,67.7,0,None
2023-09-02 02:00:00,Maharashtra,Western Region,221.76,216.38,4163.4,4125.7,0.0,86.75,95.83,22.9,0.0,68.7,0,None
2023-09-02 03:00:00,Maharashtra,Western Region,211.4,205.2,3941.6,3912.4,0.0,84.12,95.19,23.8,0.0,71.4,0,None
2023-09-02 04:00:00,Maharashtra,Western Region,231.6,226.75,4341.2,4190.2,0.0,76.76,77.62,22.8,0.0,83.9,0,None
2023-09-02 05:00:00,Maharashtra,Western Region,277.21,272.32,5168.5,5056.0,0.0,76.12,93.76,23.3,1.7,77.5,0,None
2023-09-02 06:00:00,Maharashtra,Western Region,308.26,304.24,5777.4,5672.3,4.95,67.11,84.47,24.6,0.0,88.8,0,None
2023-09-02 07:00:00,Maharashtra,Western Region,361.2,356.91,6668.9,6644.9,18.37,74.65,92.54,25.7,0.0,85.4,0,None
2023-09-02 08:00:00,Maharashtra,Western Region,451.05,446.1,8448.0,8409.2,32.03,75.22,91.06,27.1,0.9,64.7,0,None
2023-09-02 09:00:00,Maharashtra,Western Region,535.21,533.79,9882.4,9628.4,77.79,75.48,94.63,30.7,0.0,72.0,0,None
2023-09-02 10:00:00,Maharashtra,Western Region,594.02,576.62,10956.6,10678.5,98.36,51.35,92.79,31.2,0.0,82.4,0,None
2023-09-02 11:00:00,Maharashtra,Western Region,510.62,506.4,9412.5,9122.4,121.33,67.79,69.47,28.5,0.0,56.2,0,None
2023-09-02 12:00:00,Maharashtra,Western Region,562.56,554.15,10441.0,10439.8,122.57,59.8,97.34,30.9,0.0,94.3,0,None
2023-09-02 13:00:00,Maharashtra,Western Region,534.41,527.61,9931.2,9731.4,121.17,51.68,93.4,29.5,0.0,91.2,0,None
2023-09-02 14:00:00,Maharashtra,Western Region,515.87,506.29,9468.4,9265.9,55.43,75.75,93.55,31.4,0.1,60.2,0,None
2023-09-02 15:00:00,Maharashtra,Western Region,424.65,419.37,7862.6,7611.7,42.78,59.12,90.12,28.2,0.9,90.3,0,None
2023-09-02 16:00:00,Maharashtra,Western Region,446.45,440.87,8263.8,8125.2,57.89,69.48,85.77,32.4,0.0,72.1,0,None
2023-09-02 17:00:00,Maharashtra,Western Region,384.42,375.31,7200.3,6915.3,41.02,81.17,91.26,28.2,0.0,81.2,0,None
2023-09-02 18:00:00,Maharashtra,Western Region,428.69,427.12,7918.3,7622.2,0.0,78.84,103.59,30.1,0.0,66.8,0,None
2023-09-02 19:00:00,Maharashtra,Western Region,403.22,402.85,7479.9,7283.4,0.0,80.49,83.0,28.0,0.0,68.3,0,None
2023-09-02 20:00:00,Maharashtra,Western Region,405.43,401.51,7546.2,7485.0,0.0,83.93,83.12,27.9,0.0,73.4,0,None
2023-09-02 21:00:00,Maharashtra,Western Region,381.23,371.4,7090.7,7065.7,0.0,82.07,92.19,26.1,0.0,78.4,0,None
2023-09-02 22:00:00,Maharashtra,Western Region,355.21,348.29,6617.6,6452.1,0.0,99.44,71.58,23.0,0.0,72.1,0,None
2023-09-02 23:00:00,Maharashtra,Western Region,337.55,329.06,6298.3,6164.4,0.0,105.25,84.48,26.7,0.0,68.8,0,None
2023-09-03 00:00:00,Maharashtra,Western Region,262.67,260.11,4905.4,4877.0,0.0,84.97,86.87,24.3,0.0,63.3,1,None
2023-09-03 01:00:00,Maharashtra,Western Region,222.03,215.82,4163.2,4106.4,0.0,90.17,93.54,20.4,3.8,79.3,1,None
2023-09-03 02:00:00,Maharashtra,Western Region,182.3,179.82,3387.2,3369.2,0.0,103.69,100.41,20.8,0.0,65.0,1,None
2023-09-03 03:00:00,Maharashtra,Western Region,201.92,200.46,3648.7,3533.0,0.0,79.88,87.6,22.7,0.0,71.2,1,None
2023-09-03 04:00:00,Maharashtra,Western Region,207.34,201.44,3871.7,3768.7,0.0,62.03,86.59,24.0,0.0,96.1,1,None
2023-09-03 05:00:00,Maharashtra,Western Region,229.36,227.86,4215.4,4138.7,0.0,81.9,77.27,22.0,0.0,77.6,1,None
2023-09-03 06:00:00,Maharashtra,Western Region,270.3,268.87,5050.2,4905.5,0.0,78.07,84.95,25.3,0.0,77.2,1,None
2023-09-03 07:00:00,Maharashtra,Western Region,297.74,290.57,5462.7,5421.4,30.41,84.67,93.1,25.5,0.0,70.4,1,None
2023-09-03 08:00:00,Maharashtra,Western Region,383.27,379.76,7100.2,7014.0,36.9,73.09,83.21,27.2,0.5,76.9,1,None
2023-09-03 09:00:00,Maharashtra,Western Region,426.52,426.19,7822.4,7776.2,44.92,58.61,91.57,26.4,2.0,71.8,1,None
2023-09-03 10:00:00,Maharashtra,Western Region,533.68,528.69,9931.0,9864.5,103.77,59.74,95.41,30.6,0.0,81.2,1,None
2023-09-03 11:00:00,Maharashtra,Western Region,536.07,523.68,9853.5,9481.3,122.57,63.92,90.06,30.4,0.0,74.1,1,None
2023-09-03 12:00:00,Maharashtra,Western Region,530.42,527.5,9807.2,9498.3,124.18,57.22,103.12,31.1,0.0,74.7,1,None
2023-09-03 13:00:00,Maharashtra,Western Region,518.19,514.56,9612.4,9356.9,119.79,72.77,93.97,32.3,0.0,62.3,1,None
2023-09-03 14:00:00,Maharashtra,Western Region,478.03,465.87,8770.3,8600.2,103.92,65.61,87.81,30.5,0.0,79.3,1,None
2023-09-03 15:00:00,Maharashtra,Western Region,458.07,453.61,8583.0,8350.3,74.04,61.56,96.37,32.7,0.0,74.4,1,None
2023-09-03 16:00:00,Maharashtra,Western Region,379.98,369.57,7061.0,6788.0,55.76,85.58,87.49,29.6,0.0,70.7,1,None
2023-09-03 17:00:00,Maharashtra,Western Region,406.12,398.18,7413.7,7178.1,17.2,78.46,87.16,31.9,1.4,63.4,1,None
2023-09-03 18:00:00,Maharashtra,Western Region,326.3,318.94,6070.0,6008.7,0.0,83.41,83.25,28.2,0.0,64.9,1,None
2023-09-03 19:00:00,Maharashtra,Western Region,321.95,317.42,5935.4,5703.7,0.0,91.76,82.03,27.5,1.3,77.7,1,None
2023-09-03 20:00:00,Maharashtra,Western Region,328.32,321.9,6000.9,5846.8,0.0,89.83,87.01,27.2,0.0,92.0,1,None
2023-09-03 21:00:00,Maharashtra,Western Region,328.74,323.87,6004.6,5917.1,0.0,94.19,97.32,25.4,0.0,74.5,1,None
2023-09-03 22:00:00,Maharashtra,Western Region,330.22,323.59,6093.0,5987.7,0.0,109.52,98.33,27.3,0.6,73.6,1,None
2023-09-03 23:00:00,Maharashtra,Western Region,300.98,293.32,5540.2,5407.7,0.0,106.59,97.55,20.9,0.0,64.6,1,None
2023-09-04 00:00:00,Maharashtra,Western Region,306.34,305.16,5591.9,5536.9,0.0,87.47,94.0,23.4,0.0,66.9,0,None
2023-09-04 01:00:00,Maharashtra,Western Region,254.76,251.94,4685.2,4622.2,0.0,99.02,93.91,25.8,0.0,71.0,0,None
2023-09-04 02:00:00,Maharashtra,Western Region,230.94,228.83,4178.4,4037.9,0.0,87.13,91.76,22.5,0.0,61.5,0,None
2023-09-04 03:00:00,Maharashtra,Western Region,207.76,205.49,3775.3,3662.3,0.0,92.51,81.56,22.7,0.0,78.7,0,None
2023-09-04 04:00:00,Maharashtra,Western Region,251.78,250.73,4685.7,4604.0,0.0,76.8,86.53,24.6,0.0,73.4,0,None
2023-09-04 05:00:00,Maharashtra,Western Region,255.32,247.93,4763.4,4709.6,0.0,85.25,85.77,26.9,2.9,76.4,0,None
2023-09-04 06:00:00,Maharashtra,Western Region,321.91,320.61,5925.7,5881.3,6.01,70.28,98.45,26.0,1.3,75.7,0,None
2023-09-04 07:00:00,Maharashtra,Western Region,404.98,396.98,7574.6,7509.6,13.53,70.72,100.53,27.5,1.3,82.9,0,None
2023-09-04 08:00:00,Maharashtra,Western Region,421.27,416.47,7785.1,7726.6,53.12,82.43,89.58,26.2,0.0,84.9,0,None
2023-09-04 09:00:00,Maharashtra,Western Region,497.01,487.3,9207.4,9119.5,78.04,57.18,83.2,27.6,0.0,95.9,0,None
2023-09-04 10:00:00,Maharashtra,Western Region,548.0,539.06,10162.4,9925.8,107.43,67.73,88.92,29.1,0.0,73.3,0,None
2023-09-04 11:00:00,Maharashtra,Western Region,543.5,536.82,10079.1,9856.6,113.41,57.27,88.39,30.4,0.0,85.6,0,None
2023-09-04 12:00:00,Maharashtra,Western Region,548.77,534.82,10113.7,10019.0,65.55,48.82,89.85,29.2,1.8,84.5,0,None
2023-09-04 13:00:00,Maharashtra,Western Region,495.24,484.37,9174.4,9030.2,52.43,63.19,99.91,26.9,1.8,69.4,0,None
2023-09-04 14:00:00,Maharashtra,Western Region,527.55,525.59,9857.5,9535.0,48.02,67.29,96.87,31.1,0.5,77.7,0,None
2023-09-04 15:00:00,Maharashtra,Western Region,479.56,473.47,8841.6,8498.3,81.44,61.89,92.26,30.9,0.0,73.9,0,None
2023-09-04 16:00:00,Maharashtra,Western Region,462.76,456.5,8634.3,8314.1,40.12,86.77,86.82,31.0,0.4,85.2,0,None
2023-09-04 17:00:00,Maharashtra,Western Region,470.89,465.4,8709.8,8497.0,26.23,56.53,82.22,32.9,0.0,57.5,0,None
2023-09-04 18:00:00,Maharashtra,Western Region,369.61,365.52,6855.3,6631.9,0.0,91.18,87.21,28.0,0.0,60.2,0,None
2023-09-04 19:00:00,Maharashtra,Western Region,365.24,363.67,6773.7,6725.4,0.0,86.58,77.99,27.6,0.0,67.0,0,None
2023-09-04 20:00:00,Maharashtra,Western Region,350.83,346.29,6519.5,6314.4,0.0,85.89,91.89,25.2,1.7,90.6,0,None
2023-09-04 21:00:00,Maharashtra,Western Region,370.47,364.08,6903.6,6793.6,0.0,84.98,91.1,23.3,0.1,82.0,0,None
2023-09-04 22:00:00,Maharashtra,Western Region,352.7,351.59,6546.3,6413.3,0.0,93.75,84.77,25.3,0.0,83.0,0,None
2023-09-04 23:00:00,Maharashtra,Western Region,327.75,326.44,6041.8,6024.6,0.0,98.43,87.48,23.3,0.0,77.6,0,None
2023-09-05 00:00:00,Maharashtra,Western Region,296.03,291.14,5533.8,5524.4,0.0,94.12,85.32,22.3,0.2,83.7,0,None
2023-09-05 01:00:00,Maharashtra,Western Region,280.23,275.17,5161.3,5125.8,0.0,117.13,81.05,23.2,0.0,99.0,0,None
2023-09-05 02:00:00,Maharashtra,Western Region,257.65,256.6,4780.9,4736.2,0.0,95.24,95.27,20.9,1.1,69.3,0,None
2023-09-05 03:00:00,Maharashtra,Western Region,224.76,224.43,4167.8,4020.1,0.0,80.56,96.31,21.6,0.0,68.0,0,None
2023-09-05 04:00:00,Maharashtra,Western Region,257.26,251.35,4829.2,4818.6,0.0,88.77,79.41,22.9,0.0,74.8,0,None
2023-09-05 05:00:00,Maharashtra,Western Region,267.59,266.1,4924.2,4736.4,0.0,78.11,96.5,25.4,0.0,91.4,0,None
2023-09-05 06:00:00,Maharashtra,Western Region,322.39,312.91,5963.2,5922.8,0.0,74.2,88.43,26.7,0.2,80.1,0,None
2023-09-05 07:00:00,Maharashtra,Western Region,368.52,363.67,6768.0,6576.1,37.9,68.51,76.82,25.9,0.0,76.3,0,None
2023-09-05 08:00:00,Maharashtra,Western Region,497.88,492.64,9164.9,9024.8,58.1,63.04,82.97,28.4,0.0,95.3,0,None
2023-09-05 09:00:00,Maharashtra,Western Region,446.81,445.86,8258.6,8106.3,80.39,84.91,102.27,25.9,0.0,65.9,0,None
2023-09-05 10:00:00,Maharashtra,Western Region,509.01,505.69,9409.6,9101.5,110.74,67.91,90.62,27.4,0.0,84.1,0,None
2023-09-05 11:00:00,Maharashtra,Western Region,626.64,616.79,11545.3,11343.4,116.99,79.06,91.49,31.5,0.0,77.4,0,None
2023-09-05 12:00:00,Maharashtra,Western Region,578.32,575.35,10646.2,10495.6,118.28,56.87,90.32,30.8,0.0,88.3,0,None
2023-09-05 13:00:00,Maharashtra,Western Region,500.52,494.84,9165.5,8814.7,109.03,64.79,89.77,31.4,0.0,86.3,0,None
2023-09-05 14:00:00,Maharashtra,Western Region,479.41,479.31,8804.0,8500.4,45.23,58.14,97.78,30.0,2.6,53.2,0,None
2023-09-05 15:00:00,Maharashtra,Western Region,465.38,461.3,8597.0,8359.5,83.77,65.9,97.44,30.9,0.0,66.9,0,None
2023-09-05 16:00:00,Maharashtra,Western Region,464.76,452.32,8613.2,8584.7,29.92,71.92,85.78,31.4,0.4,72.8,0,None
2023-09-05 17:00:00,Maharashtra,Western Region,422.96,420.62,7752.5,7628.8,30.15,77.25,90.97,29.0,0.0,80.9,0,None
2023-09-05 18:00:00,Maharashtra,Western Region,417.64,409.65,7669.3,7497.4,3.27,81.14,90.58,31.4,0.0,87.8,0,None
2023-09-05 19:00:00,Maharashtra,Western Region,354.77,348.14,6552.9,6502.8,0.0,83.51,87.08,26.2,0.0,74.9,0,None
2023-09-05 20:00:00,Maharashtra,Western Region,387.96,378.41,7134.2,7091.0,0.0,85.06,76.73,26.8,0.0,72.3,0,None
2023-09-05 21:00:00,Maharashtra,Western Region,398.52,389.92,7411.3,7119.3,0.0,96.56,95.01,29.3,0.0,93.3,0,None
2023-09-05 22:00:00,Maharashtra,Western Region,335.44,331.9,6327.6,6298.2,0.0,84.72,69.55,25.4,0.6,79.9,0,None
2023-09-05 23:00:00,Maharashtra,Western Region,327.12,323.7,6054.9,5981.3,0.0,88.6,86.08,25.6,0.2,72.4,0,None
2023-09-06 00:00:00,Maharashtra,Western Region,298.47,294.68,5525.0,5336.0,0.0,99.92,89.79,21.3,0.0,72.1,0,None
2023-09-06 01:00:00,Maharashtra,Western Region,264.45,262.44,4956.0,4885.7,0.0,97.49,80.88,25.0,0.0,70.0,0,None
2023-09-06 02:00:00,Maharashtra,Western Region,232.98,229.48,4297.6,4182.0,0.0,85.46,84.87,20.8,0.0,76.3,0,None
2023-09-06 03:00:00,Maharashtra,Western Region,207.01,206.4,3838.2,3701.5,0.0,97.84,86.51,19.0,0.0,87.8,0,None
2023-09-06 04:00:00,Maharashtra,Western Region,238.7,238.5,4327.0,4259.6,0.0,96.51,84.85,24.9,3.5,86.6,0,None
2023-09-06 05:00:00,Maharashtra,Western Region,244.33,237.07,4481.7,4323.2,0.0,90.76,89.31,23.6,0.0,56.6,0,None
2023-09-06 06:00:00,Maharashtra,Western Region,302.16,298.09,5584.9,5443.4,0.0,75.91,100.76,24.8,0.0,79.5,0,None
2023-09-06 07:00:00,Maharashtra,Western Region,370.25,361.03,6749.6,6729.9,25.96,70.44,96.86,27.1,0.0,67.5,0,None
2023-09-06 08:00:00,Maharashtra,Western Region,453.43,443.84,8356.6,8270.5,37.2,71.87,88.6,26.2,2.8,92.4,0,None
2023-09-06 09:00:00,Maharashtra,Western Region,457.29,445.86,8384.0,8203.3,78.67,63.65,93.8,26.6,0.0,78.7,0,None
2023-09-06 10:00:00,Maharashtra,Western Region,555.42,540.94,10297.3,10064.6,103.57,60.94,99.08,29.2,0.0,74.7,0,None
2023-09-06 11:00:00,Maharashtra,Western Region,558.21,550.2,10225.6,10082.0,122.31,72.31,88.68,29.4,0.0,70.5,0,None
2023-09-06 12:00:00,Maharashtra,Western Region,609.06,596.77,11226.2,11183.7,60.86,63.56,83.65,32.0,3.4,61.2,0,None
2023-09-06 13:00:00,Maharashtra,Western Region,544.87,532.13,10049.3,9838.8,116.36,56.1,91.0,31.7,0.0,76.6,0,None
2023-09-06 14:00:00,Maharashtra,Western Region,505.95,501.38,9408.5,9377.5,99.55,54.95,81.29,31.8,0.0,60.7,0,None
2023-09-06 15:00:00,Maharashtra,Western Region,490.19,479.34,9071.1,8739.6,47.06,75.56,91.0,31.5,0.4,75.9,0,None
2023-09-06 16:00:00,Maharashtra,Western Region,420.73,414.27,7894.0,7792.8,59.51,66.92,88.65,30.9,0.0,77.4,0,None
2023-09-06 17:00:00,Maharashtra,Western Region,390.24,386.9,7173.6,7170.3,25.81,74.47,87.03,28.7,0.0,58.6,0,None
2023-09-06 18:00:00,Maharashtra,Western Region,404.09,403.64,7494.5,7434.4,0.0,66.24,93.96,28.7,0.0,91.4,0,None
2023-09-06 19:00:00,Maharashtra,Western Region,382.79,378.02,7023.4,6945.1,0.0,80.61,90.21,27.9,0.0,75.8,0,None
2023-09-06 20:00:00,Maharashtra,Western Region,373.33,370.87,6941.2,6763.7,0.0,86.62,89.83,27.6,0.0,40.8,0,None
2023-09-06 21:00:00,Maharashtra,Western Region,357.46,357.42,6659.5,6634.6,0.0,81.66,92.21,26.5,0.0,61.6,0,None
2023-09-06 22:00:00,Maharashtra,Western Region,350.66,344.96,6476.2,6393.5,0.0,98.32,90.07,22.9,1.6,72.0,0,None
2023-09-06 23:00:00,Maharashtra,Western Region,330.1,320.81,6169.9,6063.2,0.0,83.2,89.94,25.8,0.1,59.4,0,None
2023-09-07 00:00:00,Maharashtra,Western Region,324.19,318.35,6085.6,5933.9,0.0,94.18,90.3,26.9,0.1,63.6,0,None
2023-09-07 01:00:00,Maharashtra,Western Region,264.65,261.96,4872.5,4686.4,0.0,100.96,89.53,21.6,0.0,68.5,0,None
2023-09-07 02:00:00,Maharashtra,Western Region,249.02,242.66,4630.7,4544.2,0.0,116.96,94.92,19.7,0.0,77.3,0,None
2023-09-07 03:00:00,Maharashtra,Western Region,230.51,225.21,4376.5,4201.6,0.0,92.14,89.5,23.1,0.4,98.6,0,None
2023-09-07 04:00:00,Maharashtra,Western Region,243.38,242.35,4477.6,4420.9,0.0,79.75,92.6,23.8,0.0,52.4,0,None
2023-09-07 05:00:00,Maharashtra,Western Region,275.18,273.22,5139.1,5020.8,0.0,88.46,94.79,22.6,4.3,77.3,0,None
2023-09-07 06:00:00,Maharashtra,Western Region,293.51,289.47,5457.5,5373.3,4.37,83.44,100.3,23.9,0.0,76.2,0,None
2023-09-07 07:00:00,Maharashtra,Western Region,364.8,356.61,6793.2,6532.7,29.59,68.41,83.3,26.2,0.0,72.3,0,None
2023-09-07 08:00:00,Maharashtra,Western Region,446.56,437.34,8241.0,8136.5,27.12,73.47,99.34,28.0,1.0,64.5,0,None
2023-09-07 09:00:00,Maharashtra,Western Region,484.21,474.52,8910.2,8684.8,86.58,87.54,96.02,28.8,0.0,75.3,0,None
2023-09-07 10:00:00,Maharashtra,Western Region,542.98,529.93,10090.6,9881.0,109.85,58.58,96.97,30.2,0.0,93.2,0,None
2023-09-07 11:00:00,Maharashtra,Western Region,604.97,587.72,11202.5,11010.4,119.81,59.21,85.58,32.0,0.0,89.7,0,None
2023-09-07 12:00:00,Maharashtra,Western Region,595.59,581.56,10975.8,10969.0,118.98,79.55,96.64,32.6,0.0,80.4,0,None
2023-09-07 13:00:00,Maharashtra,Western Region,474.34,470.22,8777.9,8716.8,109.66,75.96,100.06,28.0,0.0,79.5,0,None
2023-09-07 14:00:00,Maharashtra,Western Region,499.2,489.07,9232.9,9122.2,55.56,57.96,94.75,30.9,0.3,67.2,0,None
2023-09-07 15:00:00,Maharashtra,Western Region,445.13,441.53,8205.7,8063.7,88.81,51.54,92.57,30.7,0.0,59.4,0,None
2023-09-07 16:00:00,Maharashtra,Western Region,406.57,402.63,7641.0,7591.3,56.65,64.33,83.53,28.8,0.0,58.3,0,None
2023-09-07 17:00:00,Maharashtra,Western Region,446.39,436.7,8206.6,7938.7,32.33,79.21,82.24,31.6,0.0,93.3,0,None
2023-09-07 18:00:00,Maharashtra,Western Region,386.49,380.96,7205.6,7150.4,3.61,76.05,94.96,29.4,0.0,75.4,0,None
2023-09-07 19:00:00,Maharashtra,Western Region,377.63,369.52,6872.5,6676.0,0.0,96.47,90.65,28.8,0.0,64.7,0,None
2023-09-07 20:00:00,Maharashtra,Western Region,394.41,388.69,7282.4,7153.3,0.0,85.8,88.94,27.1,0.0,69.5,0,None
2023-09-07 21:00:00,Maharashtra,Western Region,383.32,382.72,7051.2,6812.9,0.0,99.33,87.16,26.0,0.0,68.3,0,None
2023-09-07 22:00:00,Maharashtra,Western Region,364.7,358.81,6741.5,6603.3,0.0,97.32,92.54,25.9,0.0,85.8,0,None
2023-09-07 23:00:00,Maharashtra,Western Region,328.6,322.66,6192.0,6109.1,0.0,94.47,94.05,21.1,0.0,82.5,0,None
2023-09-08 00:00:00,Maharashtra,Western Region,299.58,298.49,5618.2,5457.8,0.0,95.76,85.02,22.6,0.0,87.8,0,None
2023-09-08 01:00:00,Maharashtra,Western Region,254.89,251.6,4784.9,4711.9,0.0,105.23,74.85,21.8,0.0,74.8,0,None
2023-09-08 02:00:00,Maharashtra,Western Region,241.93,236.28,4468.0,4295.5,0.0,90.62,81.32,24.0,0.0,57.8,0,None
2023-09-08 03:00:00,Maharashtra,Western Region,237.1,230.51,4297.4,4278.9,0.0,92.89,85.92,23.0,0.0,70.0,0,None
2023-09-08 04:00:00,Maharashtra,Western Region,260.6,256.66,4804.0,4780.9,0.0,78.15,88.85,25.1,0.0,67.9,0,None
2023-09-08 05:00:00,Maharashtra,Western Region,271.71,264.99,5074.7,5010.7,0.0,90.88,85.52,23.7,0.0,76.9,0,None
2023-09-08 06:00:00,Maharashtra,Western Region,299.84,297.07,5599.7,5599.2,0.0,67.8,95.07,25.7,7.1,85.5,0,None
2023-09-08 07:00:00,Maharashtra,Western Region,368.8,365.31,6834.0,6776.3,23.26,86.4,95.46,26.3,0.0,60.3,0,None
2023-09-08 08:00:00,Maharashtra,Western Region,413.75,404.82,7640.5,7469.0,61.46,66.98,91.34,27.4,0.0,70.5,0,None
2023-09-08 09:00:00,Maharashtra,Western Region,460.55,460.46,8540.0,8453.0,84.75,62.55,108.73,27.4,0.0,63.1,0,None
2023-09-08 10:00:00,Maharashtra,Western Region,529.33,524.65,9772.6,9498.3,98.33,56.05,85.7,27.8,0.0,65.9,0,None
2023-09-08 11:00:00,Maharashtra,Western Region,567.91,567.02,10554.0,10526.6,115.67,56.88,103.4,30.8,0.0,75.7,0,None
2023-09-08 12:00:00,Maharashtra,Western Region,584.9,578.46,10872.6,10580.9,60.35,71.59,86.65,31.4,1.8,66.9,0,None
2023-09-08 13:00:00,Maharashtra,Western Region,608.85,606.06,11323.6,11131.9,116.61,67.24,86.89,33.7,0.0,94.9,0,None
2023-09-08 14:00:00,Maharashtra,Western Region,515.83,505.45,9601.3,9490.7,52.54,73.47,91.85,29.9,2.6,87.9,0,None
2023-09-08 15:00:00,Maharashtra,Western Region,483.28,479.57,8898.1,8805.5,80.1,72.32,96.16,32.2,0.0,81.2,0,None
2023-09-08 16:00:00,Maharashtra,Western Region,437.35,430.83,8073.4,7822.6,30.62,72.85,91.4,29.5,0.6,62.9,0,None
2023-09-08 17:00:00,Maharashtra,Western Region,417.57,409.99,7728.3,7453.5,30.46,90.41,92.64,30.8,0.0,69.0,0,None
2023-09-08 18:00:00,Maharashtra,Western Region,413.71,405.23,7717.6,7413.4,0.0,73.71,85.04,30.6,0.1,79.8,0,None
2023-09-08 19:00:00,Maharashtra,Western Region,408.09,397.55,7535.2,7444.6,0.0,78.86,88.24,28.7,0.0,71.6,0,None
2023-09-08 20:00:00,Maharashtra,Western Region,396.6,395.44,7323.0,7053.6,0.0,89.03,80.0,28.7,0.0,62.1,0,None
2023-09-08 21:00:00,Maharashtra,Western Region,348.8,340.54,6479.9,6320.3,0.0,80.21,94.8,25.8,2.7,75.2,0,None
2023-09-08 22:00:00,Maharashtra,Western Region,328.63,325.0,6129.5,6025.7,0.0,110.77,89.56,25.2,0.0,61.2,0,None
2023-09-08 23:00:00,Maharashtra,Western Region,309.71,300.53,5777.7,5623.8,0.0,82.1,94.53,22.4,0.0,94.6,0,None
2023-09-09 00:00:00,Maharashtra,Western Region,306.47,301.37,5696.4,5593.7,0.0,85.63,83.54,25.7,0.0,70.5,0,None
2023-09-09 01:00:00,Maharashtra,Western Region,236.4,234.86,4317.1,4213.1,0.0,98.06,98.17,23.3,0.0,89.7,0,None
2023-09-09 02:00:00,Maharashtra,Western Region,243.19,239.31,4568.3,4523.9,0.0,105.81,102.21,23.7,0.0,100.0,0,None
2023-09-09 03:00:00,Maharashtra,Western Region,245.33,239.55,4491.4,4467.8,0.0,86.74,94.76,22.8,2.7,73.1,0,None
2023-09-09 04:00:00,Maharashtra,Western Region,254.7,249.75,4688.9,4568.1,0.0,82.37,73.09,25.6,0.0,69.0,0,None
2023-09-09 05:00:00,Maharashtra,Western Region,265.83,262.26,4986.2,4953.4,0.0,75.4,99.2,25.7,0.0,75.6,0,None
2023-09-09 06:00:00,Maharashtra,Western Region,319.55,311.99,6025.3,5988.5,4.08,92.23,91.25,25.3,0.0,80.6,0,None
2023-09-09 07:00:00,Maharashtra,Western Region,350.51,340.75,6449.1,6315.4,33.21,80.99,100.37,25.4,0.0,68.4,0,None
2023-09-09 08:00:00,Maharashtra,Western Region,430.25,422.6,7910.7,7860.0,27.41,68.5,82.88,26.9,0.4,73.2,0,None
2023-09-09 09:00:00,Maharashtra,Western Region,531.63,525.64,9861.0,9838.9,81.51,56.16,91.85,28.6,0.0,79.1,0,None
2023-09-09 10:00:00,Maharashtra,Western Region,546.49,531.86,10079.9,9847.9,50.09,47.28,98.94,29.4,0.1,98.0,0,None
2023-09-09 11:00:00,Maharashtra,Western Region,571.7,565.29,10602.1,10591.5,58.18,61.51,98.16,29.9,0.6,70.0,0,None
2023-09-09 12:00:00,Maharashtra,Western Region,514.88,506.76,9509.3,9146.1,125.88,66.62,83.64,28.4,0.0,73.4,0,None
2023-09-09 13:00:00,Maharashtra,Western Region,508.38,503.03,9518.5,9313.5,116.83,76.43,90.67,30.4,0.0,71.2,0,None
2023-09-09 14:00:00,Maharashtra,Western Region,505.48,505.1,9381.6,9153.1,91.21,80.32,87.02,30.1,0.0,60.5,0,None
2023-09-09 15:00:00,Maharashtra,Western Region,481.74,467.78,8920.1,8699.3,35.54,72.49,91.93,30.7,2.1,53.7,0,None
2023-09-09 16:00:00,Maharashtra,Western Region,431.49,424.71,7988.3,7838.5,31.73,75.52,90.62,30.3,1.4,75.2,0,None
2023-09-09 17:00:00,Maharashtra,Western Region,419.19,412.09,7675.5,7582.8,28.16,70.41,101.06,29.6,0.0,83.1,0,None
2023-09-09 18:00:00,Maharashtra,Western Region,385.79,380.47,7165.3,7126.2,0.0,95.83,88.58,28.3,1.4,75.1,0,None
2023-09-09 19:00:00,Maharashtra,Western Region,348.46,343.87,6418.9,6364.1,0.0,95.82,81.01,24.6,0.0,83.1,0,None
2023-09-09 20:00:00,Maharashtra,Western Region,407.97,404.95,7553.3,7387.0,0.0,92.99,86.58,28.2,0.0,75.6,0,None
2023-09-09 21:00:00,Maharashtra,Western Region,365.93,364.0,6754.3,6614.4,0.0,104.56,85.42,25.7,0.0,90.1,0,None
2023-09-09 22:00:00,Maharashtra,Western Region,361.49,358.48,6650.3,6395.9,0.0,81.42,83.16,25.4,0.0,95.4,0,None
2023-09-09 23:00:00,Maharashtra,Western Region,341.09,340.07,6261.4,6053.3,0.0,102.37,88.65,24.5,0.1,68.1,0,None
2023-09-10 00:00:00,Maharashtra,Western Region,254.96,252.44,4778.7,4681.1,0.0,85.12,86.46,24.7,6.7,77.1,1,None
2023-09-10 01:00:00,Maharashtra,Western Region,232.46,228.83,4331.9,4290.1,0.0,84.42,97.96,22.7,0.0,76.0,1,None
2023-09-10 02:00:00,Maharashtra,Western Region,215.49,211.29,3937.8,3919.8,0.0,102.08,88.37,22.9,0.0,76.4,1,None
2023-09-10 03:00:00,Maharashtra,Western Region,200.64,200.52,3735.5,3604.7,0.0,95.25,95.54,20.7,0.0,72.1,1,None
2023-09-10 04:00:00,Maharashtra,Western Region,225.93,220.38,4184.6,4042.5,0.0,83.29,100.75,21.4,0.0,100.0,1,None
2023-09-10 05:00:00,Maharashtra,Western Region,243.08,238.55,4571.8,4405.5,0.0,91.23,99.42,22.7,0.0,84.5,1,None
2023-09-10 06:00:00,Maharashtra,Western Region,254.88,247.94,4721.7,4670.1,0.0,72.69,100.36,25.2,2.8,76.3,1,None
2023-09-10 07:00:00,Maharashtra,Western Region,318.02,311.79,5901.8,5751.1,33.77,91.87,91.61,27.2,0.0,77.0,1,None
2023-09-10 08:00:00,Maharashtra,Western Region,431.68,427.78,8003.1,7824.8,64.42,68.82,87.51,28.5,0.0,66.5,1,None
2023-09-10 09:00:00,Maharashtra,Western Region,466.02,461.68,8681.5,8621.0,85.72,71.23,88.27,30.3,0.0,74.1,1,None
2023-09-10 10:00:00,Maharashtra,Western Region,488.04,475.26,9014.2,8914.4,55.83,59.77,87.01,30.1,1.1,71.0,1,None
2023-09-10 11:00:00,Maharashtra,Western Region,516.82,503.27,9573.3,9441.6,118.1,86.15,89.49,30.2,0.0,67.5,1,None
2023-09-10 12:00:00,Maharashtra,Western Region,491.04,488.94,9087.3,8900.5,125.78,56.09,88.0,31.1,0.0,93.2,1,None
2023-09-10 13:00:00,Maharashtra,Western Region,454.23,449.42,8372.0,8068.2,49.53,86.72,75.87,29.5,1.0,88.5,1,None
2023-09-10 14:00:00,Maharashtra,Western Region,450.83,441.73,8327.0,8030.4,47.59,70.3,93.47,32.3,0.9,69.8,1,None
2023-09-10 15:00:00,Maharashtra,Western Region,409.5,399.47,7609.3,7604.5,90.22,83.6,89.91,30.3,0.0,49.9,1,None
2023-09-10 16:00:00,Maharashtra,Western Region,398.59,396.51,7440.6,7252.2,56.53,87.61,92.24,29.9,0.0,84.3,1,None
2023-09-10 17:00:00,Maharashtra,Western Region,366.63,362.63,6822.0,6659.7,39.23,73.46,91.58,29.3,0.0,70.5,1,None
2023-09-10 18:00:00,Maharashtra,Western Region,396.05,393.26,7375.3,7318.5,0.0,87.71,97.84,31.0,0.0,84.4,1,None
2023-09-10 19:00:00,Maharashtra,Western Region,359.91,358.47,6647.4,6513.2,0.0,91.98,92.2,29.3,0.0,70.6,1,None
2023-09-10 20:00:00,Maharashtra,Western Region,355.69,349.32,6601.0,6512.0,0.0,84.01,82.89,28.5,0.2,66.3,1,None
2023-09-10 21:00:00,Maharashtra,Western Region,338.52,330.13,6268.2,6136.3,0.0,95.16,86.09,27.4,0.0,69.1,1,None
2023-09-10 22:00:00,Maharashtra,Western Region,321.1,317.38,5959.6,5958.5,0.0,97.62,90.83,25.8,2.0,82.0,1,None
2023-09-10 23:00:00,Maharashtra,Western Region,281.91,281.88,5185.6,4986.8,0.0,90.65,95.17,25.4,0.0,82.6,1,None
2023-09-11 00:00:00,Maharashtra,Western Region,284.1,279.06,5328.9,5259.5,0.0,96.29,92.02,22.6,1.5,76.0,0,None
2023-09-11 01:00:00,Maharashtra,Western Region,273.77,272.85,5094.2,5004.1,0.0,89.81,94.27,23.7,0.6,92.7,0,None
2023-09-11 02:00:00,Maharashtra,Western Region,267.67,260.34,4898.7,4871.4,0.0,93.01,87.68,23.2,0.0,60.8,0,None
2023-09-11 03:00:00,Maharashtra,Western Region,226.67,223.07,4287.3,4143.1,0.0,103.92,86.09,22.6,0.0,89.7,0,None
2023-09-11 04:00:00,Maharashtra,Western Region,224.22,223.18,4126.0,4037.3,0.0,94.41,88.68,26.6,1.2,82.1,0,None
2023-09-11 05:00:00,Maharashtra,Western Region,260.75,253.88,4818.8,4655.2,0.0,70.9,83.08,24.7,0.0,66.8,0,None
2023-09-11 06:00:00,Maharashtra,Western Region,306.32,303.79,5663.6,5569.2,3.87,89.83,81.7,24.4,9.9,56.0,0,None
2023-09-11 07:00:00,Maharashtra,Western Region,362.28,360.07,6681.3,6615.3,22.34,83.07,85.45,24.5,0.0,88.9,0,None
2023-09-11 08:00:00,Maharashtra,Western Region,425.68,423.73,7841.4,7647.9,56.7,70.63,89.2,26.2,0.0,83.2,0,None
2023-09-11 09:00:00,Maharashtra,Western Region,531.93,519.71,9826.0,9642.8,93.91,65.65,86.05,28.8,0.0,87.9,0,None
2023-09-11 10:00:00,Maharashtra,Western Region,566.65,561.5,10410.7,10240.1,110.92,73.58,92.13,29.4,0.0,85.1,0,None
2023-09-11 11:00:00,Maharashtra,Western Region,582.89,571.05,10758.0,10701.6,115.73,75.22,104.87,30.2,0.0,82.2,0,None
2023-09-11 12:00:00,Maharashtra,Western Region,566.07,560.94,10522.2,10251.9,66.32,51.71,88.7,30.9,0.7,67.7,0,None
2023-09-11 13:00:00,Maharashtra,Western Region,540.32,531.41,10048.2,9681.9,109.32,71.98,101.07,29.0,0.0,63.1,0,None
2023-09-11 14:00:00,Maharashtra,Western Region,529.67,518.78,9830.4,9591.7,110.27,70.6,87.24,31.0,0.0,73.6,0,None
2023-09-11 15:00:00,Maharashtra,Western Region,497.93,497.59,9246.1,9140.2,93.43,81.98,83.53,32.2,0.0,83.4,0,None
2023-09-11 16:00:00,Maharashtra,Western Region,433.65,420.66,8018.2,7985.0,57.18,68.6,90.73,30.5,0.0,75.5,0,None
2023-09-11 17:00:00,Maharashtra,Western Region,384.9,384.89,7107.3,7054.5,16.6,81.8,92.89,28.6,0.1,85.0,0,None
2023-09-11 18:00:00,Maharashtra,Western Region,408.93,406.9,7567.5,7395.5,1.07,81.79,95.68,31.2,0.0,71.4,0,None
2023-09-11 19:00:00,Maharashtra,Western Region,366.33,365.78,6794.6,6622.1,0.0,94.73,89.85,26.2,6.3,77.9,0,None
2023-09-11 20:00:00,Maharashtra,Western Region,402.38,398.42,7529.9,7470.9,0.0,67.08,94.44,28.8,0.0,79.0,0,None
2023-09-11 21:00:00,Maharashtra,Western Region,345.68,339.4,6424.2,6312.9,0.0,81.24,88.03,25.2,0.0,81.8,0,None
2023-09-11 22:00:00,Maharashtra,Western Region,339.59,335.11,6217.8,6204.1,0.0,96.55,85.67,23.4,0.0,70.2,0,None
2023-09-11 23:00:00,Maharashtra,Western Region,353.81,348.12,6566.2,6496.4,0.0,96.47,81.27,24.9,6.7,70.7,0,None
2023-09-12 00:00:00,Maharashtra,Western Region,282.66,278.36,5264.9,5103.5,0.0,109.89,84.87,22.0,0.6,70.1,0,None
2023-09-12 01:00:00,Maharashtra,Western Region,271.2,270.56,4961.8,4805.6,0.0,80.15,91.54,23.3,0.0,79.3,0,None
2023-09-12 02:00:00,Maharashtra,Western Region,222.68,220.36,4166.0,4049.3,0.0,80.33,93.67,24.5,0.0,100.0,0,None
2023-09-12 03:00:00,Maharashtra,Western Region,223.81,220.92,4184.7,4127.7,0.0,86.17,80.82,21.3,1.4,65.3,0,None
2023-09-12 04:00:00,Maharashtra,Western Region,245.65,244.78,4516.7,4496.5,0.0,75.41,82.37,24.6,1.0,58.1,0,None
2023-09-12 05:00:00,Maharashtra,Western Region,274.05,267.16,4966.0,4958.3,0.0,74.2,84.48,22.0,1.7,68.6,0,None
2023-09-12 06:00:00,Maharashtra,Western Region,292.95,292.61,5440.0,5305.2,4.92,87.84,90.63,24.6,0.5,73.8,0,None
2023-09-12 07:00:00,Maharashtra,Western Region,343.18,333.95,6360.2,6149.8,15.3,77.1,89.82,26.1,0.0,71.5,0,None
2023-09-12 08:00:00,Maharashtra,Western Region,410.83,400.1,7613.9,7530.1,64.21,78.18,91.23,27.0,0.0,74.3,0,None
2023-09-12 09:00:00,Maharashtra,Western Region,485.27,476.91,8935.6,8714.5,42.21,73.76,88.61,27.0,3.1,78.7,0,None
2023-09-12 10:00:00,Maharashtra,Western Region,521.16,520.33,9615.0,9339.6,53.47,58.72,92.98,29.2,0.9,72.0,0,None
2023-09-12 11:00:00,Maharashtra,Western Region,590.69,585.76,11042.7,10616.8,113.6,71.04,93.27,30.9,0.0,80.7,0,None
2023-09-12 12:00:00,Maharashtra,Western Region,570.82,560.87,10511.7,10146.6,127.56,64.52,97.91,30.7,0.0,71.0,0,None
2023-09-12 13:00:00,Maharashtra,Western Region,529.07,515.4,9751.6,9747.2,111.09,77.18,93.09,29.7,0.0,65.7,0,None
2023-09-12 14:00:00,Maharashtra,Western Region,510.88,502.49,9447.9,9322.6,49.65,75.59,84.92,32.2,4.5,69.9,0,None
2023-09-12 15:00:00,Maharashtra,Western Region,413.18,405.07,7661.2,7614.7,81.73,69.01,89.14,29.2,0.0,62.0,0,None
2023-09-12 16:00:00,Maharashtra,Western Region,394.83,390.95,7339.4,7292.0,61.4,76.23,86.97,30.0,0.0,69.4,0,None
2023-09-12 17:00:00,Maharashtra,Western Region,401.73,396.95,7456.7,7417.4,27.64,66.89,95.86,30.2,0.0,74.8,0,None
2023-09-12 18:00:00,Maharashtra,Western Region,400.54,395.29,7366.4,7355.2,0.0,76.85,96.5,29.0,0.0,71.0,0,None
2023-09-12 19:00:00,Maharashtra,Western Region,358.62,355.27,6502.8,6245.5,0.0,77.72,83.28,28.1,0.0,62.5,0,None
2023-09-12 20:00:00,Maharashtra,Western Region,378.6,377.01,7053.7,6774.9,0.0,83.63,87.35,26.6,0.0,69.8,0,None
2023-09-12 21:00:00,Maharashtra,Western Region,341.84,333.52,6307.3,6194.1,0.0,80.74,92.79,23.5,0.0,73.1,0,None
2023-09-12 22:00:00,Maharashtra,Western Region,329.49,328.61,6128.7,6031.6,0.0,94.47,93.43,23.8,0.0,74.7,0,None
2023-09-12 23:00:00,Maharashtra,Western Region,326.25,320.12,6063.8,5904.3,0.0,93.3,103.8,26.0,0.0,63.6,0,None
2023-09-13 00:00:00,Maharashtra,Western Region,293.55,285.56,5396.2,5185.9,0.0,95.8,80.3,22.7,0.0,73.9,0,None
2023-09-13 01:00:00,Maharashtra,Western Region,255.6,249.83,4744.8,4726.4,0.0,99.41,86.36,22.5,1.0,67.1,0,None
2023-09-13 02:00:00,Maharashtra,Western Region,242.51,240.82,4466.4,4414.6,0.0,90.02,79.36,22.4,1.7,82.3,0,None
2023-09-13 03:00:00,Maharashtra,Western Region,207.96,204.42,3850.1,3707.5,0.0,87.31,88.33,21.1,0.0,84.1,0,None
2023-09-13 04:00:00,Maharashtra,Western Region,254.02,253.66,4754.8,4628.5,0.0,93.09,84.39,19.6,1.7,71.0,0,None
2023-09-13 05:00:00,Maharashtra,Western Region,255.54,250.97,4717.7,4633.6,0.0,74.01,85.5,23.5,0.0,61.7,0,None
2023-09-13 06:00:00,Maharashtra,Western Region,331.4,329.93,6081.9,5850.5,0.0,89.88,89.81,25.3,0.9,90.2,0,None
2023-09-13 07:00:00,Maharashtra,Western Region,411.22,399.14,7508.0,7263.5,18.27,75.81,85.89,27.5,0.3,78.9,0,None
2023-09-13 08:00:00,Maharashtra,Western Region,442.1,432.63,8202.8,8025.2,30.01,78.37,98.61,28.1,1.9,53.6,0,None
2023-09-13 09:00:00,Maharashtra,Western Region,397.13,390.38,7420.3,7140.5,78.89,61.59,84.14,25.0,0.0,73.9,0,None
2023-09-13 10:00:00,Maharashtra,Western Region,543.38,536.96,10053.9,9698.0,55.25,76.66,96.37,29.4,1.4,69.3,0,None
2023-09-13 11:00:00,Maharashtra,Western Region,575.97,571.22,10681.8,10596.4,115.21,47.27,77.0,30.2,0.0,70.1,0,None
2023-09-13 12:00:00,Maharashtra,Western Region,505.69,497.58,9403.3,9232.9,115.23,61.7,98.86,26.6,0.0,69.8,0,None
2023-09-13 13:00:00,Maharashtra,Western Region,549.62,539.29,10167.2,10160.3,116.16,59.33,90.93,30.3,0.0,75.3,0,None
2023-09-13 14:00:00,Maharashtra,Western Region,429.48,425.44,7957.9,7750.3,99.48,64.71,86.98,27.7,0.0,69.4,0,None
2023-09-13 15:00:00,Maharashtra,Western Region,493.05,492.7,9105.7,8918.6,82.53,78.04,87.59,31.1,0.0,72.4,0,None
2023-09-13 16:00:00,Maharashtra,Western Region,412.42,407.85,7655.0,7478.8,30.05,61.93,94.8,31.1,0.8,67.9,0,None
2023-09-13 17:00:00,Maharashtra,Western Region,377.12,372.12,6938.5,6730.4,34.65,59.59,84.65,26.8,0.0,54.0,0,None
2023-09-13 18:00:00,Maharashtra,Western Region,404.42,394.74,7488.0,7328.8,0.85,71.22,82.49,28.0,0.0,80.1,0,None
2023-09-13 19:00:00,Maharashtra,Western Region,424.1,420.0,7766.6,7730.9,0.0,83.23,90.33,29.2,0.0,75.0,0,None
2023-09-13 20:00:00,Maharashtra,Western Region,337.2,330.3,6267.6,6052.7,0.0,95.03,94.2,24.6,0.0,82.0,0,None
2023-09-13 21:00:00,Maharashtra,Western Region,369.29,360.77,6915.5,6889.5,0.0,89.95,80.27,26.2,2.5,76.0,0,None
2023-09-13 22:00:00,Maharashtra,Western Region,365.17,362.49,6740.7,6666.6,0.0,90.4,95.29,26.0,0.0,76.5,0,None
2023-09-13 23:00:00,Maharashtra,Western Region,338.27,331.4,6281.8,6033.3,0.0,93.63,97.45,22.5,0.5,84.6,0,None
2023-09-14 00:00:00,Maharashtra,Western Region,296.76,290.51,5462.5,5328.8,0.0,107.15,92.44,23.9,0.0,74.0,0,None
2023-09-14 01:00:00,Maharashtra,Western Region,248.05,245.92,4555.1,4486.6,0.0,102.82,82.11,22.1,0.0,70.3,0,None
2023-09-14 02:00:00,Maharashtra,Western Region,239.66,235.82,4361.4,4297.5,0.0,88.03,99.43,23.8,0.3,61.9,0,None
2023-09-14 03:00:00,Maharashtra,Western Region,222.12,216.68,4185.6,4025.4,0.0,96.03,88.46,23.0,0.0,68.2,0,None
2023-09-14 04:00:00,Maharashtra,Western Region,245.02,239.04,4558.7,4554.9,0.0,90.02,92.51,22.7,0.0,80.5,0,None
2023-09-14 05:00:00,Maharashtra,Western Region,276.45,274.25,5016.3,4996.6,0.0,86.81,86.54,23.3,1.1,70.7,0,None
2023-09-14 06:00:00,Maharashtra,Western Region,300.53,293.04,5479.9,5345.3,11.87,95.7,88.77,25.2,0.0,88.2,0,None
2023-09-14 07:00:00,Maharashtra,Western Region,376.3,366.5,6932.9,6738.8,26.33,64.67,99.3,28.6,0.0,72.0,0,None
2023-09-14 08:00:00,Maharashtra,Western Region,440.7,433.42,8074.5,7758.4,63.91,60.64,85.51,25.7,0.0,70.7,0,None
2023-09-14 09:00:00,Maharashtra,Western Region,522.26,521.67,9611.9,9510.7,92.92,69.59,96.41,28.8,0.0,87.1,0,None
2023-09-14 10:00:00,Maharashtra,Western Region,518.32,505.77,9526.0,9347.5,108.37,59.83,88.51,27.7,0.0,90.4,0,None
2023-09-14 11:00:00,Maharashtra,Western Region,532.32,522.64,9832.0,9669.9,61.26,57.61,87.71,28.4,0.3,82.7,0,None
2023-09-14 12:00:00,Maharashtra,Western Region,549.86,544.64,10152.9,9860.3,119.7,61.03,81.52,29.1,0.0,82.3,0,None
2023-09-14 13:00:00,Maharashtra,Western Region,551.69,550.96,10155.6,9948.5,53.09,60.28,85.49,30.9,0.5,78.3,0,None
2023-09-14 14:00:00,Maharashtra,Western Region,538.56,533.76,10029.8,9961.8,105.05,66.22,89.2,32.8,0.0,78.8,0,None
2023-09-14 15:00:00,Maharashtra,Western Region,509.85,509.82,9452.0,9284.7,95.04,76.42,83.08,32.8,0.0,77.1,0,None
2023-09-14 16:00:00,Maharashtra,Western Region,488.14,474.06,9078.3,9049.8,54.97,80.34,76.13,34.2,0.0,71.1,0,None
2023-09-14 17:00:00,Maharashtra,Western Region,440.26,437.85,8278.4,8160.7,31.58,69.31,95.82,30.2,0.0,90.8,0,None
2023-09-14 18:00:00,Maharashtra,Western Region,415.88,410.99,7708.5,7481.8,0.0,83.39,89.4,29.7,0.0,81.3,0,None
2023-09-14 19:00:00,Maharashtra,Western Region,377.86,367.72,7007.5,6905.1,0.0,79.74,91.89,28.5,3.3,89.5,0,None
2023-09-14 20:00:00,Maharashtra,Western Region,362.11,358.76,6727.9,6481.0,0.0,84.68,87.51,25.1,0.0,69.2,0,None
2023-09-14 21:00:00,Maharashtra,Western Region,370.7,364.79,6805.2,6776.0,0.0,97.24,91.03,25.7,0.4,80.6,0,None
2023-09-14 22:00:00,Maharashtra,Western Region,363.97,354.55,6835.1,6817.1,0.0,109.84,86.71,25.7,0.0,71.1,0,None
2023-09-14 23:00:00,Maharashtra,Western Region,328.61,319.31,6030.0,6029.4,0.0,106.62,91.93,24.3,0.0,80.0,0,None
2023-09-15 00:00:00,Maharashtra,Western Region,317.0,309.86,5928.9,5915.0,0.0,93.27,91.53,21.7,0.0,90.8,0,None
2023-09-15 01:00:00,Maharashtra,Western Region,289.18,284.3,5276.7,5263.4,0.0,98.83,93.53,26.5,0.0,75.9,0,None
2023-09-15 02:00:00,Maharashtra,Western Region,233.01,231.55,4345.5,4328.3,0.0,96.1,81.76,22.0,1.3,71.2,0,None
2023-09-15 03:00:00,Maharashtra,Western Region,219.27,217.43,4104.3,4000.8,0.0,89.21,90.1,22.9,0.0,81.7,0,None
2023-09-15 04:00:00,Maharashtra,Western Region,239.16,238.0,4345.4,4240.9,0.0,75.48,88.97,22.1,0.0,67.9,0,None
2023-09-15 05:00:00,Maharashtra,Western Region,278.96,276.81,5204.3,5142.9,0.0,80.14,87.63,24.6,0.0,91.4,0,None
2023-09-15 06:00:00,Maharashtra,Western Region,296.54,295.15,5472.1,5307.8,0.0,74.6,82.0,24.6,0.4,62.4,0,None
2023-09-15 07:00:00,Maharashtra,Western Region,355.39,348.92,6573.6,6477.7,28.86,74.21,89.81,23.9,0.0,77.8,0,None
2023-09-15 08:00:00,Maharashtra,Western Region,405.41,397.78,7419.4,7203.1,20.38,52.65,92.64,24.9,1.1,73.1,0,None
2023-09-15 09:00:00,Maharashtra,Western Region,565.82,565.38,10368.9,10139.3,87.05,87.28,90.58,30.9,0.0,77.8,0,None
2023-09-15 10:00:00,Maharashtra,Western Region,565.47,549.9,10426.6,10353.6,51.54,64.79,92.7,29.4,0.8,56.7,0,None
2023-09-15 11:00:00,Maharashtra,Western Region,575.8,567.64,10637.3,10334.2,61.71,59.36,90.61,30.4,0.1,92.4,0,None
2023-09-15 12:00:00,Maharashtra,Western Region,551.97,542.92,10194.3,9870.3,113.4,59.61,100.57,30.6,0.0,64.5,0,None
2023-09-15 13:00:00,Maharashtra,Western Region,549.97,545.46,10183.1,9875.3,117.63,72.73,92.45,29.2,0.0,71.5,0,None
2023-09-15 14:00:00,Maharashtra,Western Region,495.56,493.39,9248.1,9219.5,102.39,74.14,91.34,31.1,0.0,74.2,0,None
2023-09-15 15:00:00,Maharashtra,Western Region,442.09,434.12,8087.9,7920.8,84.91,64.25,86.8,29.9,0.0,90.1,0,None
2023-09-15 16:00:00,Maharashtra,Western Region,421.02,408.77,7804.6,7759.9,58.93,78.56,80.92,30.7,0.0,68.1,0,None
2023-09-15 17:00:00,Maharashtra,Western Region,383.51,372.72,7138.5,6984.8,37.22,58.71,91.79,25.8,0.0,74.3,0,None
2023-09-15 18:00:00,Maharashtra,Western Region,424.54,414.68,7877.8,7689.4,0.0,82.65,94.87,30.0,0.0,59.1,0,None
2023-09-15 19:00:00,Maharashtra,Western Region,416.6,413.34,7683.3,7590.6,0.0,94.45,90.16,30.7,1.3,55.5,0,None
2023-09-15 20:00:00,Maharashtra,Western Region,404.79,400.56,7464.7,7284.4,0.0,84.1,94.45,28.0,0.0,76.0,0,None
2023-09-15 21:00:00,Maharashtra,Western Region,406.39,403.34,7428.6,7260.8,0.0,100.31,93.33,27.6,4.3,72.2,0,None
2023-09-15 22:00:00,Maharashtra,Western Region,400.29,394.08,7432.0,7238.1,0.0,89.73,94.1,29.0,3.0,71.1,0,None
2023-09-15 23:00:00,Maharashtra,Western Region,336.97,336.89,6310.8,6094.0,0.0,83.71,87.83,25.4,0.0,51.5,0,None
2023-09-16 00:00:00,Maharashtra,Western Region,279.05,273.36,5274.6,5228.7,0.0,94.37,81.56,23.6,1.4,64.9,0,None
2023-09-16 01:00:00,Maharashtra,Western Region,271.71,264.38,4961.1,4880.1,0.0,92.25,75.29,22.5,0.0,82.2,0,None
2023-09-16 02:00:00,Maharashtra,Western Region,225.1,222.15,4257.7,4142.0,0.0,93.01,86.15,22.9,0.5,84.6,0,None
2023-09-16 03:00:00,Maharashtra,Western Region,236.81,232.11,4370.7,4365.4,0.0,98.35,93.2,22.9,0.0,66.7,0,None
2023-09-16 04:00:00,Maharashtra,Western Region,241.76,236.51,4462.0,4362.2,0.0,88.14,85.28,22.5,0.0,84.0,0,None
2023-09-16 05:00:00,Maharashtra,Western Region,242.09,235.51,4451.7,4287.2,0.0,105.35,80.79,23.4,2.4,69.3,0,None
2023-09-16 06:00:00,Maharashtra,Western Region,315.74,311.23,5812.6,5806.1,2.14,101.88,83.64,25.5,0.7,71.7,0,None
2023-09-16 07:00:00,Maharashtra,Western Region,389.73,388.16,7227.4,7123.1,35.05,74.89,96.78,28.0,0.0,92.9,0,None
2023-09-16 08:00:00,Maharashtra,Western Region,444.29,439.4,8215.5,8208.3,58.42,62.62,88.32,28.1,0.0,70.3,0,None
2023-09-16 09:00:00,Maharashtra,Western Region,462.46,455.65,8516.1,8384.6,83.03,62.64,82.67,26.0,0.0,83.2,0,None
2023-09-16 10:00:00,Maharashtra,Western Region,571.35,568.13,10621.1,10411.2,51.07,60.99,96.24,30.5,1.6,61.9,0,None
2023-09-16 11:00:00,Maharashtra,Western Region,565.77,562.31,10390.8,10308.3,116.61,70.25,90.82,29.9,0.0,93.0,0,None
2023-09-16 12:00:00,Maharashtra,Western Region,581.89,575.4,10715.8,10581.5,123.49,66.65,91.59,31.0,0.0,78.8,0,None
2023-09-16 13:00:00,Maharashtra,Western Region,511.13,504.13,9579.1,9301.7,64.55,67.83,85.61,30.3,0.2,76.9,0,None
2023-09-16 14:00:00,Maharashtra,Western Region,486.0,475.88,8904.9,8901.0,100.51,65.62,94.02,30.1,0.0,85.4,0,None
2023-09-16 15:00:00,Maharashtra,Western Region,439.47,432.22,8170.4,7880.0,88.23,60.03,95.89,29.7,0.0,68.4,0,None
2023-09-16 16:00:00,Maharashtra,Western Region,414.21,403.0,7670.6,7524.1,62.66,72.55,100.1,30.4,0.0,67.5,0,None
2023-09-16 17:00:00,Maharashtra,Western Region,411.65,408.09,7583.1,7442.0,9.14,54.48,88.09,30.1,7.8,72.0,0,None
2023-09-16 18:00:00,Maharashtra,Western Region,381.47,375.86,7088.6,6946.1,0.0,85.77,87.69,26.9,0.1,65.4,0,None
2023-09-16 19:00:00,Maharashtra,Western Region,384.55,378.34,7069.9,6905.8,0.0,84.8,89.47,27.0,0.0,86.3,0,None
2023-09-16 20:00:00,Maharashtra,Western Region,435.53,425.75,8035.0,7727.7,0.0,83.67,82.33,30.3,0.0,85.0,0,None
2023-09-16 21:00:00,Maharashtra,Western Region,366.67,362.37,6774.2,6662.3,0.0,99.53,84.54,22.9,0.0,62.3,0,None
2023-09-16 22:00:00,Maharashtra,Western Region,359.13,357.61,6680.1,6477.3,0.0,97.47,90.53,26.3,0.0,72.9,0,None
2023-09-16 23:00:00,Maharashtra,Western Region,352.95,346.61,6526.2,6335.6,0.0,101.85,95.98,26.2,0.0,62.9,0,None
2023-09-17 00:00:00,Maharashtra,Western Region,255.97,255.21,4733.0,4623.4,0.0,85.66,75.95,21.5,0.0,66.7,1,None
2023-09-17 01:00:00,Maharashtra,Western Region,252.96,247.76,4688.8,4666.8,0.0,97.85,90.15,26.0,0.0,70.7,1,None
2023-09-17 02:00:00,Maharashtra,Western Region,221.41,219.5,4084.4,3935.0,0.0,108.26,85.97,24.7,0.7,72.1,1,None
2023-09-17 03:00:00,Maharashtra,Western Region,182.65,178.68,3415.5,3344.9,0.0,83.55,79.61,20.7,0.0,97.1,1,None
2023-09-17 04:00:00,Maharashtra,Western Region,223.37,221.95,4093.6,3951.5,0.0,77.02,82.57,24.6,0.0,90.3,1,None
2023-09-17 05:00:00,Maharashtra,Western Region,256.17,256.09,4703.8,4653.6,0.0,91.52,86.99,21.5,2.9,78.9,1,None
2023-09-17 06:00:00,Maharashtra,Western Region,257.69,252.01,4699.6,4596.1,3.11,81.99,84.35,24.6,0.0,80.4,1,None
2023-09-17 07:00:00,Maharashtra,Western Region,310.93,302.56,5787.0,5563.1,19.18,62.96,80.43,25.5,1.0,68.3,1,None
2023-09-17 08:00:00,Maharashtra,Western Region,417.32,409.13,7694.8,7399.1,57.86,80.23,91.11,29.0,0.0,80.0,1,None
2023-09-17 09:00:00,Maharashtra,Western Region,449.15,439.81,8277.1,8223.7,87.46,57.13,91.81,27.4,0.0,83.9,1,None
2023-09-17 10:00:00,Maharashtra,Western Region,448.89,444.13,8270.3,8140.0,64.18,61.73,91.11,28.2,0.9,76.9,1,None
2023-09-17 11:00:00,Maharashtra,Western Region,498.04,486.76,9191.1,8956.0,115.57,55.26,95.53,29.2,0.0,71.3,1,None
2023-09-17 12:00:00,Maharashtra,Western Region,501.28,491.09,9332.7,9110.8,65.82,56.02,89.04,29.8,0.2,88.4,1,None
2023-09-17 13:00:00,Maharashtra,Western Region,468.38,460.93,8732.7,8679.0,123.96,64.66,71.82,29.4,0.0,80.6,1,None
2023-09-17 14:00:00,Maharashtra,Western Region,432.55,423.8,8012.1,7772.2,55.1,74.22,86.38,29.8,0.5,67.8,1,None
2023-09-17 15:00:00,Maharashtra,Western Region,450.77,444.57,8297.7,8216.3,84.06,76.03,93.78,32.4,0.0,98.0,1,None
2023-09-17 16:00:00,Maharashtra,Western Region,362.82,358.95,6767.6,6758.9,64.25,73.22,90.86,28.0,0.0,84.6,1,None
2023-09-17 17:00:00,Maharashtra,Western Region,371.03,361.14,6890.9,6663.2,34.6,59.47,89.3,30.3,0.0,79.5,1,None
2023-09-17 18:00:00,Maharashtra,Western Region,356.65,356.11,6559.5,6486.9,0.0,91.47,102.09,29.5,0.0,80.9,1,None
2023-09-17 19:00:00,Maharashtra,Western Region,340.33,336.38,6270.0,6246.4,0.0,76.09,84.91,27.9,0.0,73.3,1,None
2023-09-17 20:00:00,Maharashtra,Western Region,321.34,316.33,5994.4,5976.8,0.0,68.54,102.12,25.7,4.1,71.8,1,None
2023-09-17 21:00:00,Maharashtra,Western Region,306.42,303.11,5717.6,5529.9,0.0,90.57,99.26,22.4,0.0,69.4,1,None
2023-09-17 22:00:00,Maharashtra,Western Region,292.67,290.16,5492.3,5460.5,0.0,78.94,81.08,23.1,0.0,84.0,1,None
2023-09-17 23:00:00,Maharashtra,Western Region,273.65,267.22,5034.2,4848.1,0.0,91.11,94.81,24.1,0.0,63.7,1,None
2023-09-18 00:00:00,Maharashtra,Western Region,299.91,298.06,5494.6,5330.6,0.0,90.89,88.75,23.5,2.2,84.1,0,None
2023-09-18 01:00:00,Maharashtra,Western Region,273.27,271.2,5017.3,4881.1,0.0,90.81,90.8,21.9,1.0,69.2,0,None
2023-09-18 02:00:00,Maharashtra,Western Region,239.38,239.35,4497.3,4437.2,0.0,92.28,75.63,22.0,0.0,67.5,0,None
2023-09-18 03:00:00,Maharashtra,Western Region,214.27,213.46,3987.4,3841.0,0.0,96.32,84.74,23.1,0.0,60.4,0,None
2023-09-18 04:00:00,Maharashtra,Western Region,243.9,237.71,4504.9,4333.8,0.0,95.72,87.18,25.8,0.0,68.9,0,None
2023-09-18 05:00:00,Maharashtra,Western Region,284.65,283.71,5325.3,5257.6,0.0,94.31,98.27,27.6,0.7,67.5,0,None
2023-09-18 06:00:00,Maharashtra,Western Region,327.95,323.94,6034.0,5825.2,7.25,84.24,91.47,23.5,0.0,76.6,0,None
2023-09-18 07:00:00,Maharashtra,Western Region,393.83,382.13,7334.2,7044.3,30.92,77.07,85.75,27.8,0.0,76.9,0,None
2023-09-18 08:00:00,Maharashtra,Western Region,447.35,435.24,8352.9,8258.4,29.76,76.93,77.05,28.1,1.0,79.8,0,None
2023-09-18 09:00:00,Maharashtra,Western Region,491.04,480.63,9072.6,8784.4,84.71,66.33,91.3,27.7,0.0,93.1,0,None
2023-09-18 10:00:00,Maharashtra,Western Region,531.62,528.4,9781.7,9564.6,47.47,54.34,100.11,28.7,1.0,67.2,0,None
2023-09-18 11:00:00,Maharashtra,Western Region,536.01,528.14,9934.0,9667.3,119.45,70.75,84.46,28.1,0.0,69.0,0,None
2023-09-18 12:00:00,Maharashtra,Western Region,570.0,567.64,10492.6,10290.8,67.59,49.77,101.56,29.4,2.7,85.9,0,None
2023-09-18 13:00:00,Maharashtra,Western Region,468.62,456.39,8637.9,8323.4,109.59,69.36,87.38,28.3,0.0,73.9,0,None
2023-09-18 14:00:00,Maharashtra,Western Region,506.12,495.19,9425.4,9219.0,101.36,73.86,93.18,30.9,0.0,84.4,0,None
2023-09-18 15:00:00,Maharashtra,Western Region,488.42,478.79,9014.2,8837.4,81.49,72.42,87.29,32.7,0.0,44.7,0,None
2023-09-18 16:00:00,Maharashtra,Western Region,455.47,450.88,8382.8,8311.5,59.64,73.59,87.46,30.2,0.0,60.7,0,None
2023-09-18 17:00:00,Maharashtra,Western Region,417.35,415.3,7783.0,7559.2,12.14,80.67,90.65,31.4,2.5,63.5,0,None
2023-09-18 18:00:00,Maharashtra,Western Region,389.0,388.19,7286.1,7081.6,0.0,83.04,84.43,27.7,0.7,66.2,0,None
2023-09-18 19:00:00,Maharashtra,Western Region,396.05,391.14,7401.9,7388.6,0.0,61.94,85.76,28.6,0.0,65.9,0,None
2023-09-18 20:00:00,Maharashtra,Western Region,395.91,389.98,7330.0,7086.3,0.0,79.85,86.71,27.5,0.0,86.0,0,None
2023-09-18 21:00:00,Maharashtra,Western Region,358.87,355.39,6641.1,6403.2,0.0,95.0,89.99,24.8,0.0,75.6,0,None
2023-09-18 22:00:00,Maharashtra,Western Region,356.44,351.86,6561.0,6536.9,0.0,95.38,89.71,24.9,0.0,79.0,0,None
2023-09-18 23:00:00,Maharashtra,Western Region,308.41,303.91,5723.0,5651.0,0.0,99.61,87.95,20.4,0.0,74.2,0,None
2023-09-19 00:00:00,Maharashtra,Western Region,262.09,256.35,4789.2,4639.2,0.0,110.92,87.98,21.5,0.0,67.4,0,None
2023-09-19 01:00:00,Maharashtra,Western Region,280.78,280.23,5251.8,5077.0,0.0,86.79,102.88,26.3,0.0,63.9,0,None
2023-09-19 02:00:00,Maharashtra,Western Region,232.81,227.57,4263.7,4220.4,0.0,88.02,92.09,23.2,0.0,66.6,0,None
2023-09-19 03:00:00,Maharashtra,Western Region,247.0,245.98,4586.6,4453.2,0.0,86.86,80.77,21.7,0.0,72.2,0,None
2023-09-19 04:00:00,Maharashtra,Western Region,235.44,230.18,4394.0,4367.2,0.0,92.04,92.64,22.2,0.0,51.5,0,None
2023-09-19 05:00:00,Maharashtra,Western Region,252.83,247.67,4634.7,4618.7,0.0,93.14,93.11,25.6,0.0,85.9,0,None
2023-09-19 06:00:00,Maharashtra,Western Region,274.6,267.29,5131.4,4975.0,1.5,80.1,91.46,24.4,0.0,84.3,0,None
2023-09-19 07:00:00,Maharashtra,Western Region,404.84,401.05,7342.8,7241.8,29.82,70.4,83.92,28.9,0.0,47.9,0,None
2023-09-19 08:00:00,Maharashtra,Western Region,447.19,440.29,8236.0,7986.0,23.67,61.46,85.59,28.6,1.1,65.4,0,None
2023-09-19 09:00:00,Maharashtra,Western Region,503.33,493.31,9334.0,9159.6,82.9,58.54,80.32,27.9,0.0,88.4,0,None
2023-09-19 10:00:00,Maharashtra,Western Region,542.01,526.81,10070.6,9923.0,54.39,70.09,101.19,29.6,1.2,77.9,0,None
2023-09-19 11:00:00,Maharashtra,Western Region,588.92,572.26,10872.6,10645.5,60.86,79.5,101.01,31.2,1.7,82.8,0,None
2023-09-19 12:00:00,Maharashtra,Western Region,588.51,572.38,10813.0,10722.1,59.63,57.48,100.55,31.2,0.5,90.3,0,None
2023-09-19 13:00:00,Maharashtra,Western Region,527.73,517.28,9775.3,9645.1,117.44,57.79,84.3,28.7,0.0,76.2,0,None
2023-09-19 14:00:00,Maharashtra,Western Region,511.6,504.09,9411.5,9186.0,100.53,71.99,88.84,32.7,0.0,78.9,0,None
2023-09-19 15:00:00,Maharashtra,Western Region,490.91,488.73,9140.9,9065.4,78.68,55.47,86.16,31.9,0.0,82.2,0,None
2023-09-19 16:00:00,Maharashtra,Western Region,435.37,422.32,8042.9,7862.2,58.73,62.85,81.09,30.7,0.0,66.9,0,None
2023-09-19 17:00:00,Maharashtra,Western Region,388.61,386.98,7143.3,7137.0,18.78,72.68,96.35,27.4,0.7,79.9,0,None
2023-09-19 18:00:00,Maharashtra,Western Region,347.56,339.95,6500.1,6278.4,2.72,87.67,89.43,25.0,0.0,80.1,0,None
2023-09-19 19:00:00,Maharashtra,Western Region,361.67,360.29,6718.4,6541.0,0.0,89.34,85.49,25.3,0.2,79.7,0,None
2023-09-19 20:00:00,Maharashtra,Western Region,373.74,364.23,6931.0,6878.0,0.0,82.57,93.51,26.8,2.3,82.2,0,None
2023-09-19 21:00:00,Maharashtra,Western Region,387.05,385.44,7162.9,7069.1,0.0,75.88,102.13,25.3,0.0,72.9,0,None
2023-09-19 22:00:00,Maharashtra,Western Region,351.82,341.65,6468.9,6465.8,0.0,107.44,97.7,23.9,0.0,80.7,0,None
2023-09-19 23:00:00,Maharashtra,Western Region,321.29,316.29,5977.2,5869.8,0.0,104.96,90.8,22.2,0.0,70.7,0,None
2023-09-20 00:00:00,Maharashtra,Western Region,269.35,263.81,5059.3,5034.6,0.0,103.24,83.59,20.8,0.0,74.7,0,None
2023-09-20 01:00:00,Maharashtra,Western Region,278.43,270.88,5154.4,5097.5,0.0,100.32,89.28,24.9,0.0,84.8,0,None
2023-09-20 02:00:00,Maharashtra,Western Region,226.89,221.3,4149.5,4075.4,0.0,85.89,76.04,23.2,1.9,58.7,0,None
2023-09-20 03:00:00,Maharashtra,Western Region,229.2,228.66,4328.3,4305.8,0.0,95.59,80.48,22.5,0.0,68.2,0,None
2023-09-20 04:00:00,Maharashtra,Western Region,235.1,233.48,4409.0,4289.7,0.0,89.98,99.68,22.2,0.4,72.0,0,None
2023-09-20 05:00:00,Maharashtra,Western Region,259.51,257.55,4776.1,4636.8,0.0,78.72,95.19,26.7,0.0,87.2,0,None
2023-09-20 06:00:00,Maharashtra,Western Region,296.98,294.47,5452.5,5431.1,4.78,69.45,84.2,26.9,0.0,70.5,0,None
2023-09-20 07:00:00,Maharashtra,Western Region,397.7,386.16,7341.2,7262.9,10.05,83.08,92.6,27.7,4.8,84.6,0,None
2023-09-20 08:00:00,Maharashtra,Western Region,489.69,483.35,9106.6,9029.4,67.41,81.55,98.73,29.6,0.0,67.9,0,None
2023-09-20 09:00:00,Maharashtra,Western Region,500.37,487.99,9305.1,9099.1,89.08,68.18,93.06,29.1,0.0,70.6,0,None
2023-09-20 10:00:00,Maharashtra,Western Region,491.06,482.36,9080.5,8922.0,54.56,56.47,93.4,28.1,0.5,84.6,0,None
2023-09-20 11:00:00,Maharashtra,Western Region,610.77,610.28,11262.4,11083.0,60.54,51.36,92.52,30.6,0.9,68.5,0,None
2023-09-20 12:00:00,Maharashtra,Western Region,561.51,558.9,10340.2,9988.7,118.2,47.35,94.08,29.9,0.0,74.6,0,None
2023-09-20 13:00:00,Maharashtra,Western Region,501.56,501.54,9179.8,8918.1,62.58,65.18,77.72,28.9,0.5,78.9,0,None
2023-09-20 14:00:00,Maharashtra,Western Region,486.29,481.1,8954.3,8640.7,58.15,52.23,88.54,29.7,2.0,60.8,0,None
2023-09-20 15:00:00,Maharashtra,Western Region,487.08,472.51,9037.4,8809.1,81.06,61.26,92.39,31.0,0.0,55.3,0,None
2023-09-20 16:00:00,Maharashtra,Western Region,443.87,436.69,8123.5,7905.5,58.51,70.46,95.5,29.7,0.0,58.4,0,None
2023-09-20 17:00:00,Maharashtra,Western Region,386.17,379.17,7168.7,7136.4,26.45,81.06,99.38,29.8,0.0,86.6,0,None
2023-09-20 18:00:00,Maharashtra,Western Region,410.16,402.42,7655.9,7351.9,5.68,88.87,88.38,30.2,1.7,100.0,0,None
2023-09-20 19:00:00,Maharashtra,Western Region,346.67,345.32,6419.3,6365.0,0.0,88.39,96.85,24.8,0.0,66.7,0,None
2023-09-20 20:00:00,Maharashtra,Western Region,388.53,379.84,7214.2,7050.7,0.0,91.84,84.61,28.5,0.0,64.5,0,None
2023-09-20 21:00:00,Maharashtra,Western Region,364.09,359.9,6735.6,6592.4,0.0,85.22,89.39,25.6,0.0,62.1,0,None
2023-09-20 22:00:00,Maharashtra,Western Region,357.28,351.14,6549.5,6373.8,0.0,93.24,82.09,25.9,0.0,69.8,0,None
2023-09-20 23:00:00,Maharashtra,Western Region,297.43,293.67,5457.3,5279.1,0.0,91.45,94.49,24.1,0.0,58.5,0,None
2023-09-21 00:00:00,Maharashtra,Western Region,301.27,293.73,5551.9,5395.2,0.0,90.09,84.18,23.7,0.0,67.6,0,None
2023-09-21 01:00:00,Maharashtra,Western Region,263.47,260.3,4919.5,4794.2,0.0,91.0,85.65,21.9,0.0,75.6,0,None
2023-09-21 02:00:00,Maharashtra,Western Region,251.32,248.35,4519.1,4442.9,0.0,91.79,89.95,22.9,0.0,79.3,0,None
2023-09-21 03:00:00,Maharashtra,Western Region,249.28,246.06,4617.8,4548.8,0.0,80.32,85.7,26.4,0.0,69.7,0,None
2023-09-21 04:00:00,Maharashtra,Western Region,238.59,235.97,4456.4,4297.0,0.0,90.72,93.33,20.9,0.0,61.1,0,None
2023-09-21 05:00:00,Maharashtra,Western Region,252.23,246.63,4651.5,4604.7,0.0,93.18,105.61,25.1,0.0,64.3,0,None
2023-09-21 06:00:00,Maharashtra,Western Region,307.71,301.49,5680.3,5617.2,0.0,69.06,86.55,25.1,0.6,70.2,0,None
2023-09-21 07:00:00,Maharashtra,Western Region,391.46,386.77,7264.3,7012.8,29.22,88.59,88.21,27.0,0.0,69.1,0,None
2023-09-21 08:00:00,Maharashtra,Western Region,433.82,421.54,8012.7,7948.2,54.45,64.63,83.45,27.2,0.0,73.8,0,None
2023-09-21 09:00:00,Maharashtra,Western Region,519.32,510.77,9651.3,9387.6,84.24,74.6,88.41,29.3,0.0,84.5,0,None
2023-09-21 10:00:00,Maharashtra,Western Region,550.65,536.36,10121.8,9778.3,106.37,69.62,82.9,28.9,0.0,84.5,0,None
2023-09-21 11:00:00,Maharashtra,Western Region,590.81,589.03,10965.3,10695.5,114.16,74.19,91.6,31.1,0.0,65.2,0,None
2023-09-21 12:00:00,Maharashtra,Western Region,565.24,558.5,10472.8,10130.9,125.08,74.87,90.73,30.4,0.0,84.3,0,None
2023-09-21 13:00:00,Maharashtra,Western Region,628.97,619.46,11596.9,11565.1,121.05,63.83,101.27,35.8,0.0,91.1,0,None
2023-09-21 14:00:00,Maharashtra,Western Region,516.33,508.64,9620.1,9537.3,101.88,66.02,97.55,31.3,0.0,90.8,0,None
2023-09-21 15:00:00,Maharashtra,Western Region,429.81,422.5,7920.8,7659.0,88.8,71.3,88.91,29.9,0.0,77.0,0,None
2023-09-21 16:00:00,Maharashtra,Western Region,452.59,441.28,8334.2,8019.5,54.71,67.64,78.58,30.3,0.0,78.6,0,None
2023-09-21 17:00:00,Maharashtra,Western Region,359.03,353.86,6568.9,6445.9,28.68,69.81,89.65,28.0,0.0,81.8,0,None
2023-09-21 18:00:00,Maharashtra,Western Region,424.57,419.6,7844.3,7671.0,0.0,78.01,96.86,30.7,0.0,77.2,0,None
2023-09-21 19:00:00,Maharashtra,Western Region,375.28,367.44,6871.5,6769.9,0.0,92.53,95.78,28.1,0.0,75.0,0,None
2023-09-21 20:00:00,Maharashtra,Western Region,368.87,360.29,6845.8,6810.8,0.0,106.04,94.56,26.6,0.0,69.5,0,None
2023-09-21 21:00:00,Maharashtra,Western Region,379.05,369.29,7002.0,6805.4,0.0,99.34,90.41,26.6,0.1,79.1,0,None
2023-09-21 22:00:00,Maharashtra,Western Region,336.89,326.96,6176.9,5959.7,0.0,82.76,87.83,23.8,0.0,70.4,0,None
2023-09-21 23:00:00,Maharashtra,Western Region,320.62,314.1,5883.6,5777.3,0.0,98.98,92.1,24.2,0.0,75.1,0,None
2023-09-22 00:00:00,Maharashtra,Western Region,289.73,288.89,5364.0,5225.9,0.0,97.69,83.79,22.0,0.0,69.6,0,None
2023-09-22 01:00:00,Maharashtra,Western Region,280.06,278.55,5145.5,5008.8,0.0,77.63,82.35,22.0,0.0,80.0,0,None
2023-09-22 02:00:00,Maharashtra,Western Region,245.26,243.39,4603.3,4601.2,0.0,95.85,87.55,19.0,0.0,69.1,0,None
2023-09-22 03:00:00,Maharashtra,Western Region,254.89,254.83,4708.0,4528.2,0.0,73.58,103.2,23.4,0.0,82.1,0,None
2023-09-22 04:00:00,Maharashtra,Western Region,253.12,249.32,4677.6,4615.5,0.0,93.88,74.71,22.5,0.0,68.4,0,None
2023-09-22 05:00:00,Maharashtra,Western Region,242.26,239.09,4520.0,4484.9,0.0,78.35,87.7,25.0,0.0,71.2,0,None
2023-09-22 06:00:00,Maharashtra,Western Region,296.26,291.81,5436.3,5301.8,0.0,80.82,85.22,21.0,0.0,88.6,0,None
2023-09-22 07:00:00,Maharashtra,Western Region,386.1,383.45,7203.7,7160.0,38.78,72.29,101.78,27.3,0.0,82.2,0,None
2023-09-22 08:00:00,Maharashtra,Western Region,414.3,413.07,7678.9,7488.3,56.87,69.58,90.7,26.4,0.0,87.1,0,None
2023-09-22 09:00:00,Maharashtra,Western Region,488.88,482.59,9104.1,8991.9,87.88,66.85,81.3,27.5,0.0,88.5,0,None
2023-09-22 10:00:00,Maharashtra,Western Region,530.93,524.66,9888.7,9865.9,54.46,69.58,84.69,28.1,0.2,81.9,0,None
2023-09-22 11:00:00,Maharashtra,Western Region,559.04,554.8,10294.6,9910.0,124.39,63.5,91.23,30.0,0.0,75.9,0,None
2023-09-22 12:00:00,Maharashtra,Western Region,528.96,515.96,9687.2,9343.3,129.0,62.56,94.72,28.5,0.0,63.8,0,None
2023-09-22 13:00:00,Maharashtra,Western Region,519.5,505.54,9694.4,9672.6,111.04,61.82,85.87,28.9,0.0,70.3,0,None
2023-09-22 14:00:00,Maharashtra,Western Region,505.2,495.83,9403.5,9197.8,95.81,60.61,80.03,31.1,0.0,70.6,0,None
2023-09-22 15:00:00,Maharashtra,Western Region,419.44,407.83,7767.7,7648.5,83.27,67.04,100.56,27.5,0.0,61.3,0,None
2023-09-22 16:00:00,Maharashtra,Western Region,403.56,402.94,7431.7,7195.0,58.78,67.39,96.33,29.6,0.0,80.3,0,None
2023-09-22 17:00:00,Maharashtra,Western Region,393.97,382.51,7312.6,7197.1,24.68,62.08,91.09,29.0,0.0,81.7,0,None
2023-09-22 18:00:00,Maharashtra,Western Region,390.15,384.44,7199.9,7136.8,0.0,64.14,88.77,28.3,3.8,61.8,0,None
2023-09-22 19:00:00,Maharashtra,Western Region,387.02,385.84,7092.6,6833.9,0.0,75.82,98.03,29.4,0.0,72.3,0,None
2023-09-22 20:00:00,Maharashtra,Western Region,345.03,344.43,6331.8,6105.8,0.0,81.3,92.07,24.9,0.0,87.6,0,None
2023-09-22 21:00:00,Maharashtra,Western Region,373.28,372.72,6983.8,6778.8,0.0,81.85,95.91,27.1,0.4,78.0,0,None
2023-09-22 22:00:00,Maharashtra,Western Region,344.23,337.05,6349.0,6188.5,0.0,76.0,88.61,25.2,0.0,84.6,0,None
2023-09-22 23:00:00,Maharashtra,Western Region,324.55,320.47,6023.3,5793.0,0.0,91.73,92.14,25.0,0.0,64.2,0,None
2023-09-23 00:00:00,Maharashtra,Western Region,287.34,285.98,5317.8,5243.4,0.0,99.22,97.32,26.5,0.0,77.2,0,None
2023-09-23 01:00:00,Maharashtra,Western Region,265.45,258.61,4889.8,4865.6,0.0,98.64,84.25,22.4,4.0,76.3,0,None
2023-09-23 02:00:00,Maharashtra,Western Region,247.3,244.78,4575.8,4478.7,0.0,95.61,91.73,21.1,0.0,76.0,0,None
2023-09-23 03:00:00,Maharashtra,Western Region,229.37,226.61,4218.1,4113.0,0.0,97.73,93.42,22.6,0.0,48.5,0,None
2023-09-23 04:00:00,Maharashtra,Western Region,262.52,257.5,4858.7,4798.5,0.0,92.36,91.0,25.3,0.0,72.8,0,None
2023-09-23 05:00:00,Maharashtra,Western Region,271.85,265.97,5071.9,5039.3,0.0,81.53,84.05,24.4,1.6,68.3,0,None
2023-09-23 06:00:00,Maharashtra,Western Region,317.87,317.49,5836.4,5662.7,1.62,84.14,92.7,25.8,0.0,64.0,0,None
2023-09-23 07:00:00,Maharashtra,Western Region,368.68,361.54,6873.9,6603.9,35.9,75.83,86.15,24.5,0.0,83.8,0,None
2023-09-23 08:00:00,Maharashtra,Western Region,438.3,434.82,8174.0,7968.0,30.36,68.9,86.89,26.9,1.8,68.3,0,None
2023-09-23 09:00:00,Maharashtra,Western Region,502.38,494.03,9339.7,9104.8,37.97,61.07,83.16,28.3,0.7,73.1,0,None
2023-09-23 10:00:00,Maharashtra,Western Region,567.23,554.52,10464.9,10399.9,96.69,58.21,85.06,29.5,0.0,64.5,0,None
2023-09-23 11:00:00,Maharashtra,Western Region,584.18,578.32,10806.8,10517.0,115.48,70.29,91.29,30.9,0.0,59.5,0,None
2023-09-23 12:00:00,Maharashtra,Western Region,551.61,551.44,10255.2,9960.2,114.19,66.8,95.63,30.7,0.0,58.7,0,None
2023-09-23 13:00:00,Maharashtra,Western Region,540.89,537.86,10001.8,9784.0,120.3,47.36,80.05,31.5,0.0,69.5,0,None
2023-09-23 14:00:00,Maharashtra,Western Region,528.82,520.41,9730.0,9507.8,98.39,67.43,100.9,33.4,0.0,79.7,0,None
2023-09-23 15:00:00,Maharashtra,Western Region,462.63,453.08,8602.3,8393.2,41.71,80.56,88.88,29.9,1.9,78.2,0,None
2023-09-23 16:00:00,Maharashtra,Western Region,451.19,448.92,8417.7,8105.8,53.37,75.27,84.5,32.4,0.0,80.8,0,None
2023-09-23 17:00:00,Maharashtra,Western Region,425.07,423.79,7947.1,7746.0,8.4,70.15,87.03,30.7,0.3,74.9,0,None
2023-09-23 18:00:00,Maharashtra,Western Region,403.62,403.19,7497.0,7473.9,1.61,75.72,93.98,28.5,0.0,73.4,0,None
2023-09-23 19:00:00,Maharashtra,Western Region,431.22,431.17,8023.1,7856.0,0.0,89.49,84.99,30.1,0.0,57.7,0,None
2023-09-23 20:00:00,Maharashtra,Western Region,345.84,344.97,6417.4,6358.7,0.0,92.47,92.25,23.9,0.0,88.8,0,None
2023-09-23 21:00:00,Maharashtra,Western Region,386.4,375.25,7166.6,6938.1,0.0,100.57,87.3,27.7,0.0,99.8,0,None
2023-09-23 22:00:00,Maharashtra,Western Region,341.23,331.94,6274.8,6252.3,0.0,93.39,89.71,25.8,0.0,78.7,0,None
2023-09-23 23:00:00,Maharashtra,Western Region,331.12,323.49,6080.4,5992.3,0.0,104.1,85.21,22.7,0.0,69.9,0,None
2023-09-24 00:00:00,Maharashtra,Western Region,244.94,243.24,4482.6,4383.2,0.0,93.62,93.64,25.6,0.0,72.3,1,None
2023-09-24 01:00:00,Maharashtra,Western Region,232.04,230.83,4318.2,4226.7,0.0,93.93,84.92,24.6,0.0,52.6,1,None
2023-09-24 02:00:00,Maharashtra,Western Region,212.55,212.17,3987.8,3861.8,0.0,98.75,91.22,24.3,0.0,73.7,1,None
2023-09-24 03:00:00,Maharashtra,Western Region,187.89,184.46,3454.6,3379.5,0.0,103.74,91.35,22.6,2.3,82.0,1,None
2023-09-24 04:00:00,Maharashtra,Western Region,182.22,178.32,3474.8,3350.6,0.0,94.89,90.03,22.4,0.0,81.4,1,None
2023-09-24 05:00:00,Maharashtra,Western Region,240.94,239.02,4438.4,4315.4,0.0,82.97,96.8,22.4,0.0,57.0,1,None
2023-09-24 06:00:00,Maharashtra,Western Region,269.85,265.34,4984.9,4887.4,5.0,82.46,87.89,24.2,3.5,66.7,1,None
2023-09-24 07:00:00,Maharashtra,Western Region,314.69,314.2,5785.1,5739.9,12.33,72.14,88.22,25.3,0.4,73.9,1,None
2023-09-24 08:00:00,Maharashtra,Western Region,412.65,402.65,7715.8,7492.1,55.07,81.25,87.14,27.8,0.0,82.4,1,None
2023-09-24 09:00:00,Maharashtra,Western Region,432.21,419.33,8040.9,7809.9,81.12,75.04,105.2,26.9,0.0,80.4,1,None
2023-09-24 10:00:00,Maharashtra,Western Region,544.04,534.84,10129.6,10054.1,50.0,64.59,96.34,33.3,1.7,79.9,1,None
2023-09-24 11:00:00,Maharashtra,Western Region,476.59,473.69,8839.7,8807.4,121.26,47.73,89.27,28.5,0.0,73.4,1,None
2023-09-24 12:00:00,Maharashtra,Western Region,510.3,502.83,9399.2,9067.3,65.56,70.2,96.31,31.8,0.3,86.4,1,None
2023-09-24 13:00:00,Maharashtra,Western Region,516.66,513.59,9568.4,9391.0,41.18,58.64,91.99,32.4,1.0,79.4,1,None
2023-09-24 14:00:00,Maharashtra,Western Region,468.88,462.5,8692.3,8420.3,44.36,88.81,90.62,32.8,0.2,61.1,1,None
2023-09-24 15:00:00,Maharashtra,Western Region,410.43,401.63,7532.8,7364.4,45.89,73.77,85.76,31.6,7.2,84.2,1,None
2023-09-24 16:00:00,Maharashtra,Western Region,450.4,443.79,8412.8,8176.4,61.44,78.91,92.45,33.2,0.0,65.0,1,None
2023-09-24 17:00:00,Maharashtra,Western Region,370.25,361.5,6847.8,6835.1,32.74,70.19,98.36,30.4,0.0,73.5,1,None
2023-09-24 18:00:00,Maharashtra,Western Region,359.83,357.5,6673.1,6514.0,1.89,72.46,83.65,28.4,0.0,74.3,1,None
2023-09-24 19:00:00,Maharashtra,Western Region,361.1,350.49,6641.7,6582.6,0.0,81.51,87.23,28.5,0.0,63.8,1,None
2023-09-24 20:00:00,Maharashtra,Western Region,402.32,399.04,7458.4,7327.0,0.0,82.79,90.37,30.2,0.0,77.6,1,None
2023-09-24 21:00:00,Maharashtra,Western Region,323.55,318.31,5923.6,5773.3,0.0,92.33,76.76,25.9,0.0,71.5,1,None
2023-09-24 22:00:00,Maharashtra,Western Region,292.4,290.69,5460.3,5357.9,0.0,92.49,90.72,25.0,0.0,91.7,1,None
2023-09-24 23:00:00,Maharashtra,Western Region,293.17,289.02,5349.7,5162.4,0.0,94.84,87.99,27.6,0.0,90.3,1,None
2023-09-25 00:00:00,Maharashtra,Western Region,310.35,303.39,5684.0,5585.4,0.0,89.67,92.28,22.9,0.0,71.5,0,None
2023-09-25 01:00:00,Maharashtra,Western Region,273.9,272.78,5000.9,4847.5,0.0,102.17,83.47,23.0,0.0,64.9,0,None
2023-09-25 02:00:00,Maharashtra,Western Region,216.11,215.49,4058.9,3950.1,0.0,94.82,87.04,21.6,0.0,86.0,0,None
2023-09-25 03:00:00,Maharashtra,Western Region,237.33,237.15,4434.8,4404.6,0.0,93.41,90.78,21.2,0.0,82.6,0,None
2023-09-25 04:00:00,Maharashtra,Western Region,231.21,226.6,4343.2,4274.5,0.0,85.68,87.65,25.5,0.0,71.9,0,None
2023-09-25 05:00:00,Maharashtra,Western Region,244.33,243.1,4561.0,4445.0,0.0,95.66,87.87,25.1,0.0,69.2,0,None
2023-09-25 06:00:00,Maharashtra,Western Region,314.1,308.35,5852.4,5727.5,0.0,80.33,83.97,23.8,0.0,71.4,0,None
2023-09-25 07:00:00,Maharashtra,Western Region,374.33,365.87,6880.9,6656.5,22.97,71.46,94.36,25.4,0.0,79.4,0,None
2023-09-25 08:00:00,Maharashtra,Western Region,413.48,408.13,7707.2,7591.2,64.86,85.21,97.15,25.2,0.0,88.7,0,None
2023-09-25 09:00:00,Maharashtra,Western Region,485.58,477.35,9043.0,8879.8,92.8,53.38,88.62,28.4,0.0,83.7,0,None
2023-09-25 10:00:00,Maharashtra,Western Region,537.72,532.66,9945.6,9742.4,50.26,55.23,93.48,30.9,1.2,78.6,0,None
2023-09-25 11:00:00,Maharashtra,Western Region,592.57,577.44,10971.1,10894.0,117.68,76.11,91.47,30.7,0.0,72.4,0,None
2023-09-25 12:00:00,Maharashtra,Western Region,557.46,551.28,10331.6,10170.7,122.55,53.01,87.81,30.6,0.0,63.7,0,None
2023-09-25 13:00:00,Maharashtra,Western Region,524.19,520.46,9819.8,9667.9,116.25,74.37,87.43,29.9,0.0,57.4,0,None
2023-09-25 14:00:00,Maharashtra,Western Region,452.5,445.05,8444.3,8270.5,96.97,75.99,81.12,28.0,0.0,81.9,0,None
2023-09-25 15:00:00,Maharashtra,Western Region,433.02,423.52,8016.1,7848.2,76.51,68.41,81.4,29.6,0.0,79.4,0,None
2023-09-25 16:00:00,Maharashtra,Western Region,385.19,378.24,7089.8,6876.0,34.75,72.27,98.49,26.9,1.1,69.2,0,None
2023-09-25 17:00:00,Maharashtra,Western Region,361.39,356.48,6623.7,6526.9,39.62,64.46,99.07,28.1,0.0,70.2,0,None
2023-09-25 18:00:00,Maharashtra,Western Region,422.69,418.6,7839.2,7586.5,0.0,60.7,86.3,30.3,0.0,71.8,0,None
2023-09-25 19:00:00,Maharashtra,Western Region,406.72,406.04,7560.2,7381.4,0.0,78.74,89.07,27.9,0.0,60.3,0,None
2023-09-25 20:00:00,Maharashtra,Western Region,358.98,349.16,6636.4,6498.9,0.0,88.5,85.91,27.4,0.0,73.6,0,None
2023-09-25 21:00:00,Maharashtra,Western Region,336.47,329.76,6148.0,5930.5,0.0,92.79,102.91,25.6,0.0,76.0,0,None
2023-09-25 22:00:00,Maharashtra,Western Region,363.17,356.98,6650.1,6516.5,0.0,100.02,86.43,24.7,0.0,69.9,0,None
2023-09-25 23:00:00,Maharashtra,Western Region,344.74,336.2,6327.3,6080.6,0.0,108.92,87.26,24.3,0.7,58.4,0,None
2023-09-26 00:00:00,Maharashtra,Western Region,315.36,311.05,5759.2,5659.2,0.0,96.36,90.51,18.5,0.0,82.6,0,None
2023-09-26 01:00:00,Maharashtra,Western Region,259.1,255.73,4801.0,4702.3,0.0,98.5,102.16,23.7,0.0,81.2,0,None
2023-09-26 02:00:00,Maharashtra,Western Region,244.42,242.55,4560.5,4395.1,0.0,91.7,82.98,22.5,0.0,78.5,0,None
2023-09-26 03:00:00,Maharashtra,Western Region,218.23,212.59,4070.4,4021.7,0.0,90.74,91.81,25.0,0.0,73.3,0,None
2023-09-26 04:00:00,Maharashtra,Western Region,244.74,237.63,4469.0,4308.6,0.0,95.81,95.35,22.8,0.5,74.5,0,None
2023-09-26 05:00:00,Maharashtra,Western Region,278.97,274.76,5198.3,5168.0,0.0,75.81,89.01,26.9,0.0,78.2,0,None
2023-09-26 06:00:00,Maharashtra,Western Region,278.24,277.58,5213.2,5180.2,4.26,82.18,92.05,22.5,0.0,82.3,0,None
2023-09-26 07:00:00,Maharashtra,Western Region,338.83,337.08,6294.3,6166.0,27.31,72.5,86.0,24.3,0.0,68.7,0,None
2023-09-26 08:00:00,Maharashtra,Western Region,389.34,383.62,7196.2,6976.7,61.75,78.08,96.92,25.4,0.0,73.4,0,None
2023-09-26 09:00:00,Maharashtra,Western Region,504.05,500.51,9212.1,9197.7,82.16,53.24,85.94,29.8,0.0,72.0,0,None
2023-09-26 10:00:00,Maharashtra,Western Region,533.59,523.77,9837.1,9748.6,109.11,72.38,91.35,30.1,0.0,67.1,0,None
2023-09-26 11:00:00,Maharashtra,Western Region,620.9,602.64,11455.8,11338.4,120.17,69.32,93.41,32.8,0.0,84.9,0,None
2023-09-26 12:00:00,Maharashtra,Western Region,529.11,525.75,9765.8,9582.3,117.91,68.42,89.2,28.7,0.0,79.2,0,None
2023-09-26 13:00:00,Maharashtra,Western Region,496.84,488.87,9219.1,9202.0,115.0,50.03,84.31,29.0,0.0,59.4,0,None
2023-09-26 14:00:00,Maharashtra,Western Region,516.74,503.41,9571.5,9244.1,47.76,69.56,96.82,32.1,0.5,100.0,0,None
2023-09-26 15:00:00,Maharashtra,Western Region,442.52,430.86,8165.9,8140.3,84.65,77.55,97.55,28.6,0.0,76.7,0,None
2023-09-26 16:00:00,Maharashtra,Western Region,433.34,420.74,8028.5,7979.7,33.83,62.78,104.31,29.7,0.1,79.6,0,None
2023-09-26 17:00:00,Maharashtra,Western Region,418.65,411.13,7735.0,7481.7,28.85,90.38,82.77,29.1,0.0,64.5,0,None
2023-09-26 18:00:00,Maharashtra,Western Region,389.64,384.39,7154.4,7060.5,0.0,82.1,93.8,28.7,0.0,58.7,0,None
2023-09-26 19:00:00,Maharashtra,Western Region,411.0,408.36,7566.8,7273.9,0.0,94.47,90.0,27.6,0.0,73.4,0,None
2023-09-26 20:00:00,Maharashtra,Western Region,386.04,383.8,7134.2,7087.2,0.0,92.13,84.31,26.2,0.0,75.8,0,None
2023-09-26 21:00:00,Maharashtra,Western Region,364.37,358.1,6678.6,6536.1,0.0,101.95,79.78,26.7,0.0,79.7,0,None
2023-09-26 22:00:00,Maharashtra,Western Region,331.7,330.43,6193.4,6159.1,0.0,91.33,92.09,26.7,0.0,76.3,0,None
2023-09-26 23:00:00,Maharashtra,Western Region,321.11,313.06,5876.7,5693.0,0.0,98.87,85.96,24.0,0.2,76.7,0,None
2023-09-27 00:00:00,Maharashtra,Western Region,295.67,292.96,5411.3,5217.0,0.0,92.3,91.34,24.3,0.1,90.8,0,None
2023-09-27 01:00:00,Maharashtra,Western Region,257.64,251.4,4649.2,4508.8,0.0,100.82,100.24,23.1,0.0,72.7,0,None
2023-09-27 02:00:00,Maharashtra,Western Region,243.32,238.73,4557.2,4381.4,0.0,111.72,83.59,22.6,0.0,83.9,0,None
2023-09-27 03:00:00,Maharashtra,Western Region,219.6,213.33,4118.0,4110.4,0.0,88.82,92.71,22.0,0.0,79.3,0,None
2023-09-27 04:00:00,Maharashtra,Western Region,229.23,225.28,4179.4,4144.5,0.0,79.3,86.73,23.2,0.0,66.7,0,None
2023-09-27 05:00:00,Maharashtra,Western Region,283.71,275.81,5246.5,5103.0,0.0,78.05,88.29,22.3,1.1,87.0,0,None
2023-09-27 06:00:00,Maharashtra,Western Region,326.28,323.99,6127.5,6081.7,0.0,66.06,94.87,27.6,0.0,76.0,0,None
2023-09-27 07:00:00,Maharashtra,Western Region,361.34,351.82,6625.4,6598.9,31.79,60.59,74.08,24.6,0.0,93.1,0,None
2023-09-27 08:00:00,Maharashtra,Western Region,430.68,421.59,7989.0,7962.6,64.74,72.21,93.11,26.1,0.0,62.1,0,None
2023-09-27 09:00:00,Maharashtra,Western Region,493.79,491.15,9171.6,9133.9,86.52,74.55,90.42,28.4,0.0,100.0,0,None
2023-09-27 10:00:00,Maharashtra,Western Region,534.52,518.73,9954.2,9900.5,55.69,73.94,82.77,29.1,1.5,50.8,0,None
2023-09-27 11:00:00,Maharashtra,Western Region,522.72,519.64,9662.6,9532.4,111.52,68.99,81.97,27.0,0.0,80.0,0,None
2023-09-27 12:00:00,Maharashtra,Western Region,559.85,552.35,10432.4,10398.1,57.26,70.79,86.14,30.4,0.3,64.1,0,None
2023-09-27 13:00:00,Maharashtra,Western Region,491.12,478.45,9130.2,8896.0,117.68,78.0,82.86,28.7,0.0,61.3,0,None
2023-09-27 14:00:00,Maharashtra,Western Region,543.12,530.61,10114.0,9781.0,103.65,64.1,85.26,32.1,0.0,79.1,0,None
2023-09-27 15:00:00,Maharashtra,Western Region,481.02,470.77,8879.2,8546.9,40.99,77.22,84.19,32.2,1.8,68.1,0,None
2023-09-27 16:00:00,Maharashtra,Western Region,386.23,384.04,7177.4,7121.0,65.81,71.15,100.21,30.5,0.0,75.7,0,None
2023-09-27 17:00:00,Maharashtra,Western Region,463.73,455.41,8543.3,8481.8,33.98,73.27,79.98,31.2,0.0,63.1,0,None
2023-09-27 18:00:00,Maharashtra,Western Region,380.53,377.43,7055.2,6892.2,0.0,76.85,95.24,29.6,1.7,75.7,0,None
2023-09-27 19:00:00,Maharashtra,Western Region,400.97,390.78,7462.3,7444.6,0.0,95.5,90.13,28.5,0.5,67.1,0,None
2023-09-27 20:00:00,Maharashtra,Western Region,362.68,353.86,6646.8,6621.4,0.0,92.12,86.15,26.1,0.1,89.5,0,None
2023-09-27 21:00:00,Maharashtra,Western Region,353.23,343.45,6542.3,6326.8,0.0,84.21,84.64,26.4,0.0,73.2,0,None
2023-09-27 22:00:00,Maharashtra,Western Region,341.25,338.77,6386.5,6246.1,0.0,88.13,93.0,24.5,0.3,73.7,0,None
2023-09-27 23:00:00,Maharashtra,Western Region,347.72,341.89,6373.4,6268.6,0.0,94.15,87.21,23.7,0.0,80.1,0,None
2023-09-28 00:00:00,Maharashtra,Western Region,285.47,278.97,5309.8,5300.1,0.0,88.36,90.49,24.6,3.5,68.8,0,None
2023-09-28 01:00:00,Maharashtra,Western Region,245.95,243.93,4535.4,4404.1,0.0,96.28,94.54,21.6,0.0,79.7,0,None
2023-09-28 02:00:00,Maharashtra,Western Region,218.96,212.73,4119.0,4008.8,0.0,99.58,83.98,26.0,0.0,88.1,0,None
2023-09-28 03:00:00,Maharashtra,Western Region,209.78,204.88,3888.2,3757.6,0.0,90.84,90.3,24.9,0.0,69.1,0,None
2023-09-28 04:00:00,Maharashtra,Western Region,204.82,200.53,3747.5,3668.9,0.0,87.43,84.46,26.1,0.0,70.6,0,None
2023-09-28 05:00:00,Maharashtra,Western Region,292.49,287.8,5417.4,5308.3,0.0,82.61,92.64,27.9,0.0,79.2,0,None
2023-09-28 06:00:00,Maharashtra,Western Region,283.22,280.25,5332.0,5287.8,0.0,81.02,91.81,25.0,0.0,86.0,0,None
2023-09-28 07:00:00,Maharashtra,Western Region,385.49,376.44,7119.9,6887.2,26.07,73.77,87.52,26.4,0.0,79.8,0,None
2023-09-28 08:00:00,Maharashtra,Western Region,418.79,412.34,7672.3,7420.2,32.11,72.46,92.82,24.0,0.1,67.9,0,None
2023-09-28 09:00:00,Maharashtra,Western Region,533.52,533.25,9854.8,9719.8,97.19,79.04,93.96,30.2,0.0,82.7,0,None
2023-09-28 10:00:00,Maharashtra,Western Region,566.73,555.21,10462.8,10300.1,113.21,60.05,85.25,30.8,0.0,71.1,0,None
2023-09-28 11:00:00,Maharashtra,Western Region,602.87,598.85,11146.0,10959.5,58.62,58.04,89.16,31.1,0.2,74.3,0,None
2023-09-28 12:00:00,Maharashtra,Western Region,545.51,538.18,9956.5,9571.6,111.48,62.88,86.98,29.1,0.0,77.6,0,None
2023-09-28 13:00:00,Maharashtra,Western Region,531.25,516.91,9845.3,9542.3,61.84,50.84,93.44,29.8,0.8,69.3,0,None
2023-09-28 14:00:00,Maharashtra,Western Region,522.91,522.07,9613.4,9450.1,109.86,55.88,96.76,32.2,0.0,74.0,0,None
2023-09-28 15:00:00,Maharashtra,Western Region,492.29,481.05,9094.0,8949.2,82.3,79.24,93.29,31.9,0.0,59.4,0,None
2023-09-28 16:00:00,Maharashtra,Western Region,446.0,441.7,8192.0,8056.0,26.81,82.81,81.4,30.6,0.6,68.2,0,None
2023-09-28 17:00:00,Maharashtra,Western Region,390.5,380.43,7170.2,7106.2,12.05,85.97,78.02,28.9,1.2,78.3,0,None
2023-09-28 18:00:00,Maharashtra,Western Region,391.31,387.08,7312.1,7097.2,0.0,70.21,81.45,28.7,0.0,68.6,0,None
2023-09-28 19:00:00,Maharashtra,Western Region,435.3,425.33,8025.7,7734.0,0.0,99.6,84.7,30.2,0.0,71.8,0,None
2023-09-28 20:00:00,Maharashtra,Western Region,435.75,432.74,8112.3,8075.2,0.0,83.74,93.7,29.0,0.0,74.1,0,None
2023-09-28 21:00:00,Maharashtra,Western Region,364.44,358.06,6703.0,6694.6,0.0,87.59,86.0,23.7,0.0,76.8,0,None
2023-09-28 22:00:00,Maharashtra,Western Region,340.3,338.67,6197.9,5968.7,0.0,91.53,91.16,23.4,0.0,86.7,0,None
2023-09-28 23:00:00,Maharashtra,Western Region,282.61,275.68,5220.9,5188.1,0.0,90.14,84.61,23.9,0.0,53.4,0,None
2023-09-29 00:00:00,Maharashtra,Western Region,323.09,316.15,5920.4,5745.6,0.0,93.29,83.33,24.5,0.0,71.7,0,None
2023-09-29 01:00:00,Maharashtra,Western Region,262.95,259.59,4816.3,4689.0,0.0,94.16,94.68,22.8,0.0,63.3,0,None
2023-09-29 02:00:00,Maharashtra,Western Region,235.47,229.94,4271.8,4141.6,0.0,90.71,87.33,21.0,0.0,71.8,0,None
2023-09-29 03:00:00,Maharashtra,Western Region,244.71,237.88,4595.0,4444.2,0.0,98.3,94.58,23.4,1.0,90.1,0,None
2023-09-29 04:00:00,Maharashtra,Western Region,237.88,234.3,4414.6,4382.2,0.0,78.05,99.9,22.3,0.6,80.1,0,None
2023-09-29 05:00:00,Maharashtra,Western Region,293.97,292.4,5396.3,5389.8,0.0,67.98,87.53,26.6,0.0,73.1,0,None
2023-09-29 06:00:00,Maharashtra,Western Region,325.81,316.5,6011.2,5809.0,0.0,91.41,95.06,27.5,0.0,74.1,0,None
2023-09-29 07:00:00,Maharashtra,Western Region,377.39,370.52,6962.5,6788.1,33.24,79.78,90.32,25.6,0.0,82.7,0,None
2023-09-29 08:00:00,Maharashtra,Western Region,473.01,459.95,8770.1,8644.8,57.81,92.78,93.33,30.2,0.0,65.2,0,None
2023-09-29 09:00:00,Maharashtra,Western Region,462.51,453.24,8548.2,8474.3,91.01,57.86,79.84,26.1,0.0,63.7,0,None
2023-09-29 10:00:00,Maharashtra,Western Region,567.24,560.48,10443.2,10082.4,107.86,57.47,91.47,29.6,0.0,87.0,0,None
2023-09-29 11:00:00,Maharashtra,Western Region,605.71,601.35,11339.1,11269.1,54.75,74.79,78.91,30.5,1.2,71.8,0,None
2023-09-29 12:00:00,Maharashtra,Western Region,543.72,540.94,10077.0,10068.2,129.47,70.94,81.03,29.2,0.0,77.6,0,None
2023-09-29 13:00:00,Maharashtra,Western Region,531.57,530.33,9845.5,9455.0,121.31,64.75,90.02,30.7,0.0,69.0,0,None
2023-09-29 14:00:00,Maharashtra,Western Region,513.72,511.96,9494.5,9398.8,47.84,65.63,78.66,30.8,0.4,74.5,0,None
2023-09-29 15:00:00,Maharashtra,Western Region,438.39,436.22,8098.9,7790.2,84.08,60.15,101.46,29.2,0.0,81.0,0,None
2023-09-29 16:00:00,Maharashtra,Western Region,443.17,432.92,8067.8,7809.3,65.36,63.51,90.53,30.3,0.0,74.6,0,None
2023-09-29 17:00:00,Maharashtra,Western Region,416.92,416.54,7693.0,7625.5,21.27,93.0,81.0,29.9,3.2,71.9,0,None
2023-09-29 18:00:00,Maharashtra,Western Region,387.03,380.58,7182.1,6961.2,0.0,72.61,88.44,29.4,0.0,65.0,0,None
2023-09-29 19:00:00,Maharashtra,Western Region,406.22,401.58,7619.9,7407.2,0.0,75.98,86.78,27.4,0.0,84.0,0,None
2023-09-29 20:00:00,Maharashtra,Western Region,366.35,363.74,6723.8,6547.0,0.0,96.36,94.74,25.3,0.0,67.4,0,None
2023-09-29 21:00:00,Maharashtra,Western Region,386.65,382.17,7083.2,6957.0,0.0,80.44,91.82,26.7,0.0,66.6,0,None
2023-09-29 22:00:00,Maharashtra,Western Region,350.62,343.77,6501.9,6274.6,0.0,87.81,84.69,26.0,0.3,80.7,0,None
2023-09-29 23:00:00,Maharashtra,Western Region,323.09,322.49,6035.0,5829.1,0.0,102.08,91.28,24.6,4.0,53.8,0,None
2023-09-30 00:00:00,Maharashtra,Western Region,283.02,281.58,5187.8,5151.4,0.0,97.24,89.94,24.9,0.0,81.1,0,None
2023-09-30 01:00:00,Maharashtra,Western Region,266.71,264.19,4842.0,4660.4,0.0,102.51,75.64,23.3,0.0,61.6,0,None
2023-09-30 02:00:00,Maharashtra,Western Region,228.32,225.09,4264.7,4156.7,0.0,98.12,78.62,22.3,1.2,53.1,0,None
2023-09-30 03:00:00,Maharashtra,Western Region,217.38,216.84,3928.8,3870.8,0.0,86.64,84.92,22.0,0.0,72.7,0,None
2023-09-30 04:00:00,Maharashtra,Western Region,222.75,219.86,4209.8,4074.0,0.0,91.63,94.33,23.6,0.0,78.6,0,None
2023-09-30 05:00:00,Maharashtra,Western Region,263.94,263.78,4965.3,4805.4,0.0,86.09,90.7,24.6,0.0,98.8,0,None
2023-09-30 06:00:00,Maharashtra,Western Region,350.41,340.15,6482.7,6406.4,0.0,79.3,85.12,26.9,0.0,91.0,0,None
2023-09-30 07:00:00,Maharashtra,Western Region,352.75,351.83,6532.2,6326.9,29.8,74.6,105.61,26.9,0.0,71.9,0,None
2023-09-30 08:00:00,Maharashtra,Western Region,466.76,456.31,8651.2,8619.8,52.98,67.11,93.25,27.9,0.0,70.9,0,None
2023-09-30 09:00:00,Maharashtra,Western Region,495.45,484.38,9290.8,9147.0,83.97,82.2,99.18,28.9,0.0,64.5,0,None
2023-09-30 10:00:00,Maharashtra,Western Region,543.64,533.32,10062.4,9929.5,55.47,72.66,86.48,29.7,0.4,77.3,0,None
2023-09-30 11:00:00,Maharashtra,Western Region,563.99,554.4,10446.6,10212.9,121.41,65.86,93.39,29.5,0.0,72.9,0,None
2023-09-30 12:00:00,Maharashtra,Western Region,513.19,506.48,9460.3,9428.5,115.58,61.55,91.45,28.9,0.0,80.0,0,None
2023-09-30 13:00:00,Maharashtra,Western Region,557.93,556.86,10363.0,10307.5,116.37,65.18,94.87,32.0,0.0,60.6,0,None
2023-09-30 14:00:00,Maharashtra,Western Region,537.43,521.39,9853.4,9838.1,42.09,71.72,94.69,32.9,1.4,86.8,0,None
2023-09-30 15:00:00,Maharashtra,Western Region,410.05,408.74,7618.5,7618.4,86.76,66.14,90.32,29.5,0.0,75.7,0,None
2023-09-30 16:00:00,Maharashtra,Western Region,434.15,432.43,7968.2,7855.8,58.63,64.13,94.45,30.7,0.0,72.5,0,None
2023-09-30 17:00:00,Maharashtra,Western Region,402.43,402.23,7430.1,7157.0,8.28,84.54,83.44,28.3,0.5,74.2,0,None
2023-09-30 18:00:00,Maharashtra,Western Region,357.95,355.24,6565.5,6331.4,0.0,68.51,87.39,26.6,0.0,66.8,0,None
2023-09-30 19:00:00,Maharashtra,Western Region,388.51,383.05,7253.8,7249.3,0.0,73.01,90.42,27.1,0.8,87.8,0,None
2023-09-30 20:00:00,Maharashtra,Western Region,379.57,368.34,7002.1,6981.4,0.0,93.68,91.58,23.8,0.0,62.6,0,None
2023-09-30 21:00:00,Maharashtra,Western Region,392.06,384.66,7295.5,7182.9,0.0,98.73,91.74,25.7,0.0,74.3,0,None
2023-09-30 22:00:00,Maharashtra,Western Region,402.33,393.44,7390.1,7178.8,0.0,87.99,90.73,27.6,1.9,89.9,0,None
2023-09-30 23:00:00,Maharashtra,Western Region,334.09,324.91,6195.2,6175.6,0.0,87.98,99.6,24.3,0.3,92.9,0,None
2023-10-01 00:00:00,Maharashtra,Western Region,280.3,271.92,5047.3,4954.4,0.0,50.61,99.63,24.6,0.0,46.7,1,None
2023-10-01 01:00:00,Maharashtra,Western Region,242.19,237.16,4416.5,4309.3,0.0,53.37,78.12,23.8,0.0,49.2,1,None
2023-10-01 02:00:00,Maharashtra,Western Region,209.4,203.7,3847.3,3804.9,0.0,42.81,85.03,21.3,0.0,46.6,1,None
2023-10-01 03:00:00,Maharashtra,Western Region,208.66,206.85,3878.4,3798.4,0.0,59.15,96.28,23.2,0.0,41.3,1,None
2023-10-01 04:00:00,Maharashtra,Western Region,213.67,213.04,3959.6,3816.1,0.0,35.59,90.32,25.9,0.0,26.9,1,None
2023-10-01 05:00:00,Maharashtra,Western Region,252.59,251.74,4710.6,4656.3,0.0,43.11,89.22,25.2,0.0,47.8,1,None
2023-10-01 06:00:00,Maharashtra,Western Region,281.27,277.39,5149.3,5071.3,0.0,35.9,82.72,24.1,0.0,45.3,1,None
2023-10-01 07:00:00,Maharashtra,Western Region,298.45,292.75,5478.5,5372.3,35.87,35.84,92.59,24.0,0.0,46.7,1,None
2023-10-01 08:00:00,Maharashtra,Western Region,397.57,386.93,7307.1,7150.8,66.36,18.49,94.45,27.6,0.0,43.5,1,None
2023-10-01 09:00:00,Maharashtra,Western Region,446.04,439.48,8184.8,8030.6,86.46,26.48,79.82,28.0,0.0,63.3,1,None
2023-10-01 10:00:00,Maharashtra,Western Region,465.78,464.3,8585.9,8568.2,102.46,23.43,83.38,28.2,0.0,45.5,1,None
2023-10-01 11:00:00,Maharashtra,Western Region,499.59,491.82,9361.4,9233.2,107.4,13.34,93.61,28.3,0.0,20.5,1,None
2023-10-01 12:00:00,Maharashtra,Western Region,493.4,486.78,9086.6,8831.7,117.9,22.63,91.88,30.8,0.0,47.8,1,None
2023-10-01 13:00:00,Maharashtra,Western Region,505.08,494.61,9324.2,8991.0,121.07,14.89,93.76,30.0,0.0,43.4,1,None
2023-10-01 14:00:00,Maharashtra,Western Region,471.47,463.41,8806.3,8512.7,98.2,17.9,84.44,32.3,0.0,36.8,1,None
2023-10-01 15:00:00,Maharashtra,Western Region,433.84,422.17,8074.0,8011.1,89.13,20.68,100.79,32.0,0.0,43.2,1,None
2023-10-01 16:00:00,Maharashtra,Western Region,416.9,412.48,7674.3,7574.9,59.33,23.27,93.52,31.3,0.0,52.1,1,None
2023-10-01 17:00:00,Maharashtra,Western Region,371.34,367.48,6870.0,6643.7,33.51,24.34,98.79,29.0,0.0,33.7,1,None
2023-10-01 18:00:00,Maharashtra,Western Region,340.45,338.91,6401.6,6225.4,3.55,25.74,91.1,26.7,0.2,52.0,1,None
2023-10-01 19:00:00,Maharashtra,Western Region,366.14,355.53,6847.9,6610.3,0.0,32.8,93.63,29.2,0.0,41.2,1,None
2023-10-01 20:00:00,Maharashtra,Western Region,309.82,306.12,5691.5,5468.3,0.0,39.54,86.53,26.1,0.0,44.6,1,None
2023-10-01 21:00:00,Maharashtra,Western Region,306.26,300.84,5655.6,5580.9,0.0,44.79,85.52,24.1,0.0,54.6,1,None
2023-10-01 22:00:00,Maharashtra,Western Region,321.43,316.9,5969.8,5934.1,0.0,47.89,94.51,25.8,0.0,42.2,1,None
2023-10-01 23:00:00,Maharashtra,Western Region,284.48,283.98,5230.1,5116.4,0.0,55.93,84.24,21.9,0.0,34.3,1,None
2023-10-02 00:00:00,Maharashtra,Western Region,286.1,279.95,5306.5,5201.5,0.0,28.4,90.42,25.2,0.0,26.3,1,Gandhi Jayanti
2023-10-02 01:00:00,Maharashtra,Western Region,226.21,223.79,4229.2,4080.7,0.0,58.51,78.84,22.7,0.0,31.9,1,Gandhi Jayanti
2023-10-02 02:00:00,Maharashtra,Western Region,198.38,197.58,3676.4,3539.4,0.0,49.42,91.72,25.7,0.0,50.8,1,Gandhi Jayanti
2023-10-02 03:00:00,Maharashtra,Western Region,188.69,187.2,3486.5,3380.5,0.0,61.95,77.18,23.7,0.0,39.6,1,Gandhi Jayanti
2023-10-02 04:00:00,Maharashtra,Western Region,186.64,185.78,3494.6,3433.2,0.0,33.68,87.05,24.5,0.0,48.2,1,Gandhi Jayanti
2023-10-02 05:00:00,Maharashtra,Western Region,210.36,206.72,3958.3,3902.4,0.0,43.44,94.79,25.4,0.0,42.9,1,Gandhi Jayanti
2023-10-02 06:00:00,Maharashtra,Western Region,259.68,252.38,4903.2,4830.3,2.07,30.45,88.37,25.6,0.0,41.9,1,Gandhi Jayanti
2023-10-02 07:00:00,Maharashtra,Western Region,287.89,284.13,5330.6,5263.3,31.21,25.05,84.76,24.0,0.0,50.8,1,Gandhi Jayanti
2023-10-02 08:00:00,Maharashtra,Western Region,369.03,364.48,6801.4,6694.3,65.26,20.43,90.7,27.3,0.0,41.7,1,Gandhi Jayanti
2023-10-02 09:00:00,Maharashtra,Western Region,387.32,382.63,7113.5,6985.9,82.37,33.56,94.24,26.9,0.0,61.4,1,Gandhi Jayanti
2023-10-02 10:00:00,Maharashtra,Western Region,525.11,517.29,9684.5,9661.0,109.6,28.84,73.09,31.0,0.0,44.7,1,Gandhi Jayanti
2023-10-02 11:00:00,Maharashtra,Western Region,502.33,488.43,9301.9,9026.9,110.8,19.6,75.89,28.8,0.0,36.7,1,Gandhi Jayanti
2023-10-02 12:00:00,Maharashtra,Western Region,460.34,446.71,8572.6,8263.0,122.23,19.31,90.32,28.2,0.0,60.8,1,Gandhi Jayanti
2023-10-02 13:00:00,Maharashtra,Western Region,497.48,488.24,9194.8,9082.5,108.45,24.93,92.74,30.6,0.0,34.2,1,Gandhi Jayanti
2023-10-02 14:00:00,Maharashtra,Western Region,457.3,449.92,8538.4,8239.1,105.06,21.79,89.01,30.3,0.0,44.2,1,Gandhi Jayanti
2023-10-02 15:00:00,Maharashtra,Western Region,450.39,448.9,8307.9,8088.5,82.33,25.13,89.04,30.9,0.0,37.3,1,Gandhi Jayanti
2023-10-02 16:00:00,Maharashtra,Western Region,430.68,426.22,7965.9,7829.9,64.25,32.78,81.48,31.5,0.0,35.4,1,Gandhi Jayanti
2023-10-02 17:00:00,Maharashtra,Western Region,339.84,336.4,6233.4,6000.4,28.26,23.84,90.49,28.2,0.0,46.3,1,Gandhi Jayanti
2023-10-02 18:00:00,Maharashtra,Western Region,342.89,335.36,6369.0,6272.4,0.0,17.33,87.28,27.5,0.0,46.0,1,Gandhi Jayanti
2023-10-02 19:00:00,Maharashtra,Western Region,353.39,351.3,6607.1,6354.7,0.0,40.94,87.76,28.3,0.0,47.9,1,Gandhi Jayanti
2023-10-02 20:00:00,Maharashtra,Western Region,331.16,331.0,6161.6,5915.6,0.0,43.03,93.17,26.6,0.0,47.7,1,Gandhi Jayanti
2023-10-02 21:00:00,Maharashtra,Western Region,311.43,306.27,5825.7,5797.8,0.0,43.86,92.74,27.3,0.0,49.0,1,Gandhi Jayanti
2023-10-02 22:00:00,Maharashtra,Western Region,329.62,321.3,6053.6,5993.2,0.0,42.51,85.28,26.6,0.0,31.7,1,Gandhi Jayanti
2023-10-02 23:00:00,Maharashtra,Western Region,300.07,291.67,5568.4,5496.6,0.0,62.24,88.72,22.9,2.6,64.9,1,Gandhi Jayanti
2023-10-03 00:00:00,Maharashtra,Western Region,298.95,296.68,5541.1,5463.0,0.0,53.68,90.0,26.4,0.0,37.8,0,None
2023-10-03 01:00:00,Maharashtra,Western Region,257.36,257.08,4800.2,4714.6,0.0,50.68,85.23,22.7,0.0,49.1,0,None
2023-10-03 02:00:00,Maharashtra,Western Region,215.43,214.44,4003.0,3912.8,0.0,54.61,88.79,22.4,0.0,43.8,0,None
2023-10-03 03:00:00,Maharashtra,Western Region,221.42,218.98,4097.9,4035.4,0.0,49.18,80.18,22.3,0.0,66.4,0,None
2023-10-03 04:00:00,Maharashtra,Western Region,238.29,231.93,4345.3,4183.9,0.0,42.58,89.22,26.3,0.0,44.3,0,None
2023-10-03 05:00:00,Maharashtra,Western Region,254.43,254.1,4795.3,4713.9,0.0,46.41,91.63,25.9,0.0,54.8,0,None
2023-10-03 06:00:00,Maharashtra,Western Region,308.44,306.23,5600.7,5553.2,0.0,35.93,91.61,25.7,0.0,47.0,0,None
2023-10-03 07:00:00,Maharashtra,Western Region,393.53,382.64,7315.8,7083.4,29.57,19.19,92.86,26.2,0.0,39.5,0,None
2023-10-03 08:00:00,Maharashtra,Western Region,435.41,434.2,8124.7,8122.6,62.66,31.53,89.53,27.7,0.0,54.2,0,None
2023-10-03 09:00:00,Maharashtra,Western Region,516.76,515.25,9573.4,9402.9,82.7,16.24,100.21,29.0,0.1,42.4,0,None
2023-10-03 10:00:00,Maharashtra,Western Region,510.57,497.65,9499.6,9483.9,101.92,29.24,90.67,27.3,0.0,60.0,0,None
2023-10-03 11:00:00,Maharashtra,Western Region,600.59,595.42,11135.8,11062.3,117.46,25.58,85.85,31.6,0.0,48.8,0,None
2023-10-03 12:00:00,Maharashtra,Western Region,559.67,544.16,10356.3,10170.4,117.84,14.72,77.23,29.3,0.0,48.5,0,None
2023-10-03 13:00:00,Maharashtra,Western Region,444.22,440.49,8335.2,8134.8,115.2,22.63,87.1,28.0,0.0,38.4,0,None
2023-10-03 14:00:00,Maharashtra,Western Region,521.97,509.58,9771.0,9719.5,112.84,26.49,94.01,31.6,0.0,42.8,0,None
2023-10-03 15:00:00,Maharashtra,Western Region,459.26,454.67,8460.2,8241.9,78.27,40.78,79.16,30.5,0.0,38.6,0,None
2023-10-03 16:00:00,Maharashtra,Western Region,347.67,347.57,6341.4,6110.9,56.78,18.46,97.57,24.2,0.0,39.9,0,None
2023-10-03 17:00:00,Maharashtra,Western Region,373.27,369.82,6934.5,6689.2,38.16,15.36,97.26,28.3,0.0,36.8,0,None
2023-10-03 18:00:00,Maharashtra,Western Region,407.87,405.93,7511.8,7349.8,0.0,38.43,85.17,29.6,0.0,50.0,0,None
2023-10-03 19:00:00,Maharashtra,Western Region,367.58,357.18,6764.6,6748.8,0.0,48.97,95.54,27.8,0.0,38.6,0,None
2023-10-03 20:00:00,Maharashtra,Western Region,383.52,382.28,7098.7,6865.9,0.0,38.24,96.08,26.9,0.2,44.5,0,None
2023-10-03 21:00:00,Maharashtra,Western Region,392.3,382.8,7202.0,6979.5,0.0,37.79,95.11,27.9,0.0,39.2,0,None
2023-10-03 22:00:00,Maharashtra,Western Region,340.19,337.56,6361.0,6210.1,0.0,50.73,88.51,25.4,0.0,63.2,0,None
2023-10-03 23:00:00,Maharashtra,Western Region,325.06,317.65,5992.4,5876.4,0.0,48.63,88.95,23.3,0.0,49.1,0,None
2023-10-04 00:00:00,Maharashtra,Western Region,270.99,267.17,4982.8,4799.0,0.0,61.81,95.23,24.7,0.0,54.1,0,None
2023-10-04 01:00:00,Maharashtra,Western Region,282.63,276.06,5252.4,5185.5,0.0,64.46,99.98,24.0,0.0,53.9,0,None
2023-10-04 02:00:00,Maharashtra,Western Region,257.94,254.5,4768.3,4755.0,0.0,49.89,90.89,22.6,0.0,68.9,0,None
2023-10-04 03:00:00,Maharashtra,Western Region,238.13,233.7,4455.2,4418.1,0.0,42.13,97.67,21.0,0.0,45.3,0,None
2023-10-04 04:00:00,Maharashtra,Western Region,246.43,245.99,4627.4,4531.5,0.0,55.0,92.38,23.1,0.0,42.3,0,None
2023-10-04 05:00:00,Maharashtra,Western Region,265.66,260.69,4879.9,4795.5,0.0,28.78,89.2,24.6,0.0,52.3,0,None
2023-10-04 06:00:00,Maharashtra,Western Region,313.6,311.95,5759.7,5612.9,5.3,29.3,94.03,26.2,0.0,50.5,0,None
2023-10-04 07:00:00,Maharashtra,Western Region,394.75,391.12,7333.5,7172.4,37.88,41.78,105.63,27.2,0.0,41.3,0,None
2023-10-04 08:00:00,Maharashtra,Western Region,461.46,451.22,8517.9,8214.2,53.3,34.46,87.55,28.3,0.0,41.3,0,None
2023-10-04 09:00:00,Maharashtra,Western Region,505.86,505.71,9337.6,9262.7,80.25,23.41,78.25,28.8,0.0,55.7,0,None
2023-10-04 10:00:00,Maharashtra,Western Region,562.07,545.54,10385.6,9986.7,107.5,16.76,90.6,29.3,0.0,40.5,0,None
2023-10-04 11:00:00,Maharashtra,Western Region,603.86,595.21,11191.0,10792.8,122.17,18.95,98.37,31.1,0.0,42.4,0,None
2023-10-04 12:00:00,Maharashtra,Western Region,594.66,578.79,11023.3,10865.5,116.43,26.56,85.74,33.3,0.0,43.8,0,None
2023-10-04 13:00:00,Maharashtra,Western Region,560.4,559.59,10419.5,10377.5,132.27,27.9,93.95,31.1,0.0,47.6,0,None
2023-10-04 14:00:00,Maharashtra,Western Region,496.72,493.21,9190.5,9014.6,109.6,29.89,95.21,30.2,0.0,60.9,0,None
2023-10-04 15:00:00,Maharashtra,Western Region,469.09,458.08,8668.1,8474.3,87.26,15.73,96.4,30.7,0.0,51.7,0,None
2023-10-04 16:00:00,Maharashtra,Western Region,496.11,494.54,9096.2,8941.6,64.68,32.14,83.98,33.4,0.0,47.6,0,None
2023-10-04 17:00:00,Maharashtra,Western Region,457.88,455.83,8457.1,8176.0,30.52,36.86,94.58,33.4,0.0,58.1,0,None
2023-10-04 18:00:00,Maharashtra,Western Region,410.94,399.18,7547.4,7396.3,0.0,30.99,94.78,28.9,0.0,41.7,0,None
2023-10-04 19:00:00,Maharashtra,Western Region,403.24,393.42,7496.1,7309.5,0.0,34.28,90.47,28.2,0.0,36.0,0,None
2023-10-04 20:00:00,Maharashtra,Western Region,393.28,381.52,7226.9,7093.6,0.0,36.25,83.52,27.2,0.0,48.3,0,None
2023-10-04 21:00:00,Maharashtra,Western Region,367.33,361.05,6821.6,6737.2,0.0,49.96,90.88,23.0,0.0,38.5,0,None
2023-10-04 22:00:00,Maharashtra,Western Region,348.81,341.24,6426.0,6335.8,0.0,51.25,94.14,22.8,0.0,50.9,0,None
2023-10-04 23:00:00,Maharashtra,Western Region,317.93,317.3,5880.9,5683.5,0.0,49.77,94.24,24.6,0.0,54.6,0,None
2023-10-05 00:00:00,Maharashtra,Western Region,295.69,291.63,5477.3,5343.0,0.0,40.2,94.51,22.7,0.0,52.2,0,None
2023-10-05 01:00:00,Maharashtra,Western Region,241.38,237.44,4484.2,4312.7,0.0,54.48,98.61,24.0,0.0,56.5,0,None
2023-10-05 02:00:00,Maharashtra,Western Region,221.06,214.92,4188.9,4158.7,0.0,49.74,86.54,23.0,0.0,50.0,0,None
2023-10-05 03:00:00,Maharashtra,Western Region,212.68,206.9,3893.7,3852.6,0.0,39.87,91.38,24.4,0.0,44.2,0,None
2023-10-05 04:00:00,Maharashtra,Western Region,233.32,226.38,4274.1,4220.2,0.0,45.67,81.65,22.8,0.0,38.3,0,None
2023-10-05 05:00:00,Maharashtra,Western Region,254.88,254.47,4698.5,4615.2,0.0,43.25,83.12,23.1,0.0,41.8,0,None
2023-10-05 06:00:00,Maharashtra,Western Region,318.53,314.75,5819.2,5709.5,3.12,26.11,81.62,24.7,0.0,62.5,0,None
2023-10-05 07:00:00,Maharashtra,Western Region,346.33,336.31,6469.5,6434.9,38.66,37.26,92.71,24.4,0.0,29.7,0,None
2023-10-05 08:00:00,Maharashtra,Western Region,423.57,414.06,7801.5,7703.1,50.26,25.94,83.89,27.6,0.8,41.5,0,None
2023-10-05 09:00:00,Maharashtra,Western Region,474.5,470.56,8772.1,8740.6,81.36,9.63,95.67,26.7,0.0,50.7,0,None
2023-10-05 10:00:00,Maharashtra,Western Region,503.3,490.54,9321.4,9032.2,106.08,21.89,90.18,26.8,0.1,48.6,0,None
2023-10-05 11:00:00,Maharashtra,Western Region,596.26,578.75,11028.0,11015.8,113.47,18.96,85.14,32.2,0.0,42.0,0,None
2023-10-05 12:00:00,Maharashtra,Western Region,593.64,583.73,10979.2,10583.6,118.04,16.37,106.1,32.3,0.0,51.0,0,None
2023-10-05 13:00:00,Maharashtra,Western Region,501.97,499.15,9269.8,8989.7,124.2,18.59,90.54,29.6,0.0,62.3,0,None
2023-10-05 14:00:00,Maharashtra,Western Region,502.58,495.15,9292.8,8995.3,104.89,29.89,78.82,31.0,0.0,49.0,0,None
2023-10-05 15:00:00,Maharashtra,Western Region,453.06,449.62,8396.8,8221.8,87.66,34.13,90.93,30.2,0.0,46.9,0,None
2023-10-05 16:00:00,Maharashtra,Western Region,414.83,404.77,7678.6,7377.1,59.35,17.26,86.07,29.0,0.0,33.7,0,None
2023-10-05 17:00:00,Maharashtra,Western Region,398.32,390.74,7377.6,7290.6,33.5,22.31,93.99,28.7,0.0,52.3,0,None
2023-10-05 18:00:00,Maharashtra,Western Region,426.46,424.61,7811.7,7547.6,0.0,32.24,101.48,30.9,0.0,49.2,0,None
2023-10-05 19:00:00,Maharashtra,Western Region,388.79,388.63,7156.6,7135.8,0.0,26.16,86.74,28.2,0.0,34.8,0,None
2023-10-05 20:00:00,Maharashtra,Western Region,413.23,409.96,7613.1,7549.1,0.0,42.23,91.41,27.1,0.0,40.4,0,None
2023-10-05 21:00:00,Maharashtra,Western Region,398.13,392.61,7388.5,7095.0,0.0,47.15,105.65,26.1,0.0,40.6,0,None
2023-10-05 22:00:00,Maharashtra,Western Region,339.24,333.32,6413.8,6281.2,0.0,45.38,103.03,24.4,0.0,48.7,0,None
2023-10-05 23:00:00,Maharashtra,Western Region,309.83,302.55,5638.0,5595.1,0.0,46.58,94.07,21.6,0.0,49.7,0,None
2023-10-06 00:00:00,Maharashtra,Western Region,332.0,326.57,6144.6,6002.7,0.0,57.54,91.09,22.6,0.0,46.0,0,None
2023-10-06 01:00:00,Maharashtra,Western Region,266.42,264.86,4994.1,4901.1,0.0,49.64,91.0,23.3,0.0,34.3,0,None
2023-10-06 02:00:00,Maharashtra,Western Region,231.22,228.98,4277.1,4240.1,0.0,49.01,91.96,20.4,0.2,27.5,0,None
2023-10-06 03:00:00,Maharashtra,Western Region,219.02,214.76,3973.8,3815.6,0.0,55.33,94.39,22.6,0.0,46.6,0,None
2023-10-06 04:00:00,Maharashtra,Western Region,242.58,241.65,4576.7,4493.4,0.0,33.82,94.75,26.3,0.0,51.6,0,None
2023-10-06 05:00:00,Maharashtra,Western Region,282.84,281.4,5263.6,5161.7,0.0,39.31,77.86,24.9,0.0,41.4,0,None
2023-10-06 06:00:00,Maharashtra,Western Region,295.56,292.25,5379.6,5308.2,0.0,38.42,99.87,23.0,0.0,42.1,0,None
2023-10-06 07:00:00,Maharashtra,Western Region,364.3,363.11,6756.2,6713.7,41.95,27.1,83.9,25.8,0.0,39.3,0,None
2023-10-06 08:00:00,Maharashtra,Western Region,502.73,487.78,9321.5,8962.9,57.1,40.64,88.95,29.7,0.0,25.6,0,None
2023-10-06 09:00:00,Maharashtra,Western Region,529.07,525.38,9807.1,9445.4,80.07,24.68,100.39,29.7,0.0,53.7,0,None
2023-10-06 10:00:00,Maharashtra,Western Region,507.56,497.15,9344.9,9208.1,97.37,20.89,99.28,26.1,0.0,41.6,0,None
2023-10-06 11:00:00,Maharashtra,Western Region,565.06,553.37,10493.7,10331.2,120.68,22.96,87.48,30.2,0.0,44.5,0,None
2023-10-06 12:00:00,Maharashtra,Western Region,526.15,524.11,9725.8,9667.7,125.86,24.26,93.64,29.3,0.0,46.7,0,None
2023-10-06 13:00:00,Maharashtra,Western Region,516.76,507.14,9507.6,9506.6,112.0,33.26,85.4,29.4,0.0,33.9,0,None
2023-10-06 14:00:00,Maharashtra,Western Region,575.8,569.57,10754.3,10714.3,105.88,27.07,91.99,33.5,0.0,51.8,0,None
2023-10-06 15:00:00,Maharashtra,Western Region,461.54,459.25,8540.2,8281.3,85.84,27.45,95.25,31.1,0.0,52.1,0,None
2023-10-06 16:00:00,Maharashtra,Western Region,446.61,443.52,8253.7,7944.3,66.3,37.11,96.56,30.5,0.0,40.6,0,None
2023-10-06 17:00:00,Maharashtra,Western Region,456.16,449.7,8368.6,8123.7,33.94,38.57,94.66,31.8,0.0,35.4,0,None
2023-10-06 18:00:00,Maharashtra,Western Region,397.26,389.77,7354.2,7122.0,0.0,29.12,84.2,29.3,0.0,55.7,0,None
2023-10-06 19:00:00,Maharashtra,Western Region,386.47,381.4,7073.7,7044.0,0.0,27.44,85.85,28.1,0.0,41.6,0,None
2023-10-06 20:00:00,Maharashtra,Western Region,350.4,350.03,6420.0,6398.0,0.0,51.52,96.49,24.2,0.0,28.6,0,None
2023-10-06 21:00:00,Maharashtra,Western Region,375.94,367.9,6990.5,6989.2,0.0,39.38,78.11,25.2,0.0,41.5,0,None
2023-10-06 22:00:00,Maharashtra,Western Region,364.36,354.06,6767.0,6505.7,0.0,44.24,98.29,26.7,0.0,51.9,0,None
2023-10-06 23:00:00,Maharashtra,Western Region,313.13,310.14,5800.7,5612.6,0.0,64.42,88.79,25.4,0.0,50.1,0,None
2023-10-07 00:00:00,Maharashtra,Western Region,276.03,271.11,5138.8,5005.0,0.0,44.3,89.6,22.6,0.0,43.0,0,None
2023-10-07 01:00:00,Maharashtra,Western Region,258.89,251.78,4825.9,4646.6,0.0,51.37,86.04,23.0,0.0,45.1,0,None
2023-10-07 02:00:00,Maharashtra,Western Region,236.64,231.06,4359.1,4277.8,0.0,62.54,89.38,23.2,0.0,49.9,0,None
2023-10-07 03:00:00,Maharashtra,Western Region,228.45,225.28,4219.6,4155.8,0.0,44.56,92.49,22.2,0.0,43.0,0,None
2023-10-07 04:00:00,Maharashtra,Western Region,228.02,227.13,4177.3,4044.9,0.0,44.03,89.06,25.0,0.0,33.0,0,None
2023-10-07 05:00:00,Maharashtra,Western Region,279.87,272.61,5088.0,4953.1,0.0,34.33,95.74,24.2,0.0,42.4,0,None
2023-10-07 06:00:00,Maharashtra,Western Region,260.14,252.82,4907.4,4824.7,0.85,20.91,81.4,24.3,0.0,52.2,0,None
2023-10-07 07:00:00,Maharashtra,Western Region,357.76,349.46,6589.0,6419.0,31.78,36.16,86.05,24.0,0.0,62.6,0,None
2023-10-07 08:00:00,Maharashtra,Western Region,393.39,390.95,7248.4,7142.4,65.65,22.71,87.29,25.5,0.0,41.0,0,None
2023-10-07 09:00:00,Maharashtra,Western Region,520.28,516.59,9561.5,9465.3,86.88,14.1,82.69,28.5,0.0,35.5,0,None
2023-10-07 10:00:00,Maharashtra,Western Region,580.92,575.04,10753.8,10612.4,101.73,22.88,94.07,29.9,0.0,43.5,0,None
2023-10-07 11:00:00,Maharashtra,Western Region,612.32,601.0,11336.3,11209.8,116.34,38.66,94.29,33.3,0.0,47.6,0,None
2023-10-07 12:00:00,Maharashtra,Western Region,535.92,530.8,9999.1,9773.5,122.19,21.61,79.14,28.5,0.0,36.9,0,None
2023-10-07 13:00:00,Maharashtra,Western Region,591.94,575.02,10985.9,10566.1,118.79,21.41,83.79,32.4,0.0,44.4,0,None
2023-10-07 14:00:00,Maharashtra,Western Region,527.65,516.47,9867.2,9739.0,101.4,25.87,87.12,30.7,0.0,49.0,0,None
2023-10-07 15:00:00,Maharashtra,Western Region,481.63,470.85,8936.8,8713.1,89.56,21.22,95.74,31.5,0.0,49.7,0,None
2023-10-07 16:00:00,Maharashtra,Western Region,425.73,420.54,7929.0,7857.9,62.66,22.56,94.74,30.7,0.0,44.0,0,None
2023-10-07 17:00:00,Maharashtra,Western Region,413.28,405.44,7641.3,7470.7,21.08,35.32,83.93,29.6,0.0,53.2,0,None
2023-10-07 18:00:00,Maharashtra,Western Region,375.58,374.47,6905.9,6857.5,0.0,31.19,96.39,27.8,0.0,48.1,0,None
2023-10-07 19:00:00,Maharashtra,Western Region,360.74,360.0,6655.9,6497.3,0.0,41.94,91.75,26.2,0.0,54.1,0,None
2023-10-07 20:00:00,Maharashtra,Western Region,418.86,415.19,7717.7,7712.5,0.0,33.77,86.24,29.6,0.0,38.7,0,None
2023-10-07 21:00:00,Maharashtra,Western Region,364.0,357.28,6680.3,6461.8,0.0,59.92,88.94,26.7,0.0,38.4,0,None
2023-10-07 22:00:00,Maharashtra,Western Region,350.77,341.2,6503.5,6341.3,0.0,58.01,80.75,23.3,0.0,44.5,0,None
2023-10-07 23:00:00,Maharashtra,Western Region,347.39,339.77,6425.6,6211.9,0.0,52.11,94.23,24.4,0.0,46.8,0,None
2023-10-08 00:00:00,Maharashtra,Western Region,251.3,246.9,4755.8,4591.7,0.0,55.14,97.03,23.7,0.0,40.4,1,None
2023-10-08 01:00:00,Maharashtra,Western Region,249.46,246.82,4616.5,4455.4,0.0,46.18,100.04,22.0,0.0,45.5,1,None
2023-10-08 02:00:00,Maharashtra,Western Region,217.54,211.69,4096.7,3990.2,0.0,38.32,99.46,19.8,0.0,50.4,1,None
2023-10-08 03:00:00,Maharashtra,Western Region,203.03,198.51,3807.0,3775.1,0.0,57.06,80.79,22.1,0.0,41.3,1,None
2023-10-08 04:00:00,Maharashtra,Western Region,209.81,209.27,3901.8,3888.6,0.0,25.72,89.18,26.3,0.0,30.2,1,None
2023-10-08 05:00:00,Maharashtra,Western Region,221.24,218.29,4055.1,4004.1,0.0,25.17,86.09,22.5,0.0,47.1,1,None
2023-10-08 06:00:00,Maharashtra,Western Region,248.79,243.4,4601.3,4556.8,3.44,33.47,84.2,24.6,0.0,43.2,1,None
2023-10-08 07:00:00,Maharashtra,Western Region,296.55,294.73,5454.7,5390.8,25.79,30.23,82.06,21.8,0.0,37.7,1,None
2023-10-08 08:00:00,Maharashtra,Western Region,361.8,352.19,6635.5,6610.9,60.58,22.67,82.81,26.2,0.0,32.9,1,None
2023-10-08 09:00:00,Maharashtra,Western Region,435.86,432.42,8087.4,7789.1,81.23,16.89,91.04,29.4,0.0,40.2,1,None
2023-10-08 10:00:00,Maharashtra,Western Region,487.73,475.89,9040.4,8792.1,99.53,26.48,88.13,28.9,0.0,51.7,1,None
2023-10-08 11:00:00,Maharashtra,Western Region,520.95,518.32,9663.2,9530.0,118.42,9.0,90.88,29.9,0.0,44.4,1,None
2023-10-08 12:00:00,Maharashtra,Western Region,508.0,496.07,9391.7,9209.2,109.85,16.59,82.32,30.8,0.0,31.8,1,None
2023-10-08 13:00:00,Maharashtra,Western Region,510.97,505.88,9581.2,9383.4,117.81,29.06,82.3,33.2,0.0,43.0,1,None
2023-10-08 14:00:00,Maharashtra,Western Region,442.78,432.35,8187.6,8153.1,98.25,34.82,101.18,30.5,0.0,55.0,1,None
2023-10-08 15:00:00,Maharashtra,Western Region,401.44,393.62,7402.2,7117.6,77.39,12.39,73.27,30.0,0.0,62.4,1,None
2023-10-08 16:00:00,Maharashtra,Western Region,410.32,406.07,7640.8,7414.0,62.56,12.49,92.04,31.2,0.0,39.0,1,None
2023-10-08 17:00:00,Maharashtra,Western Region,327.55,326.84,6092.2,5852.7,30.35,33.24,93.55,28.0,0.0,55.3,1,None
2023-10-08 18:00:00,Maharashtra,Western Region,387.34,381.11,7168.0,7106.1,0.0,24.64,84.09,30.4,0.0,56.9,1,None
2023-10-08 19:00:00,Maharashtra,Western Region,376.07,374.11,6963.8,6905.2,0.0,30.99,96.7,27.7,0.0,39.9,1,None
2023-10-08 20:00:00,Maharashtra,Western Region,318.72,309.31,5882.1,5802.2,0.0,44.85,87.57,25.6,0.0,50.9,1,None
2023-10-08 21:00:00,Maharashtra,Western Region,376.65,367.79,6996.4,6878.3,0.0,42.49,82.51,28.8,0.0,49.3,1,None
2023-10-08 22:00:00,Maharashtra,Western Region,327.82,325.26,6105.9,6072.6,0.0,57.54,101.27,25.2,0.0,46.8,1,None
2023-10-08 23:00:00,Maharashtra,Western Region,285.93,284.1,5405.2,5403.3,0.0,56.45,87.71,23.9,0.0,52.5,1,None
2023-10-09 00:00:00,Maharashtra,Western Region,290.8,286.56,5392.4,5359.4,0.0,39.77,89.67,22.4,0.0,34.0,0,None
2023-10-09 01:00:00,Maharashtra,Western Region,257.28,254.08,4836.8,4796.1,0.0,50.16,95.15,21.2,0.0,51.9,0,None
2023-10-09 02:00:00,Maharashtra,Western Region,246.88,246.34,4595.4,4413.5,0.0,52.55,92.46,22.8,0.0,53.1,0,None
2023-10-09 03:00:00,Maharashtra,Western Region,216.57,213.15,4021.4,3882.9,0.0,40.74,95.15,23.7,0.0,49.2,0,None
2023-10-09 04:00:00,Maharashtra,Western Region,240.23,237.3,4403.8,4319.7,0.0,35.36,94.36,24.4,0.0,38.3,0,None
2023-10-09 05:00:00,Maharashtra,Western Region,257.67,251.91,4780.2,4676.4,0.0,39.2,82.92,25.8,0.0,60.3,0,None
2023-10-09 06:00:00,Maharashtra,Western Region,313.76,307.34,5770.0,5595.7,2.88,36.13,98.96,24.1,0.0,50.7,0,None
2023-10-09 07:00:00,Maharashtra,Western Region,387.72,385.89,7084.9,7063.3,38.33,24.15,86.14,26.6,0.0,36.2,0,None
2023-10-09 08:00:00,Maharashtra,Western Region,414.41,414.31,7721.7,7673.6,55.45,36.6,88.52,25.7,0.0,42.2,0,None
2023-10-09 09:00:00,Maharashtra,Western Region,474.06,461.13,8811.5,8526.1,81.42,16.48,84.23,26.5,0.0,49.9,0,None
2023-10-09 10:00:00,Maharashtra,Western Region,555.68,541.6,10339.3,9951.6,102.89,19.47,84.11,29.3,0.0,50.9,0,None
2023-10-09 11:00:00,Maharashtra,Western Region,576.25,571.18,10612.4,10582.1,110.1,17.22,85.84,31.3,0.0,57.7,0,None
2023-10-09 12:00:00,Maharashtra,Western Region,607.31,596.26,11228.9,10845.4,124.33,47.61,90.2,30.6,0.0,32.6,0,None
2023-10-09 13:00:00,Maharashtra,Western Region,573.24,570.22,10664.8,10655.1,115.6,18.01,87.65,32.5,0.0,50.0,0,None
2023-10-09 14:00:00,Maharashtra,Western Region,532.43,524.28,9847.2,9828.5,105.72,12.2,87.86,32.4,0.0,43.7,0,None
2023-10-09 15:00:00,Maharashtra,Western Region,517.83,507.49,9634.6,9622.3,90.27,24.47,85.39,33.3,0.0,49.1,0,None
2023-10-09 16:00:00,Maharashtra,Western Region,415.06,405.78,7630.2,7334.7,51.98,31.07,84.23,29.0,0.0,50.2,0,None
2023-10-09 17:00:00,Maharashtra,Western Region,400.01,397.37,7462.0,7386.2,25.9,33.94,92.54,29.9,0.0,49.0,0,None
2023-10-09 18:00:00,Maharashtra,Western Region,433.7,425.42,8051.2,7976.8,0.0,25.5,95.51,31.9,0.0,51.5,0,None
2023-10-09 19:00:00,Maharashtra,Western Region,373.42,362.26,6897.4,6732.4,0.0,50.16,78.05,25.8,0.0,42.9,0,None
2023-10-09 20:00:00,Maharashtra,Western Region,401.12,392.09,7369.5,7305.8,0.0,49.09,100.67,27.7,0.0,47.4,0,None
2023-10-09 21:00:00,Maharashtra,Western Region,360.23,352.56,6631.0,6558.4,0.0,43.73,100.2,25.9,0.0,53.9,0,None
2023-10-09 22:00:00,Maharashtra,Western Region,361.01,354.6,6671.0,6446.9,0.0,55.63,95.89,27.7,0.0,32.3,0,None
2023-10-09 23:00:00,Maharashtra,Western Region,302.23,300.64,5613.7,5589.4,0.0,46.99,93.49,23.5,0.0,44.7,0,None
2023-10-10 00:00:00,Maharashtra,Western Region,302.13,301.94,5655.4,5566.5,0.0,48.45,101.17,25.8,0.0,56.3,0,None
2023-10-10 01:00:00,Maharashtra,Western Region,260.21,256.97,4826.8,4686.7,0.0,52.69,85.11,23.3,0.0,43.2,0,None
2023-10-10 02:00:00,Maharashtra,Western Region,255.28,248.85,4706.1,4561.4,0.0,59.27,89.94,23.6,0.0,56.5,0,None
2023-10-10 03:00:00,Maharashtra,Western Region,208.68,207.9,3844.5,3769.0,0.0,37.45,89.78,22.2,0.0,42.9,0,None
2023-10-10 04:00:00,Maharashtra,Western Region,225.09,220.28,4210.1,4049.6,0.0,32.57,84.82,23.3,0.0,48.1,0,None
2023-10-10 05:00:00,Maharashtra,Western Region,258.3,251.23,4730.0,4652.2,0.0,39.41,84.78,24.5,0.0,30.1,0,None
2023-10-10 06:00:00,Maharashtra,Western Region,293.22,290.12,5443.4,5350.8,0.0,55.09,97.08,25.2,0.0,41.1,0,None
2023-10-10 07:00:00,Maharashtra,Western Region,341.44,340.02,6308.8,6263.6,27.74,36.3,82.35,24.8,0.0,49.1,0,None
2023-10-10 08:00:00,Maharashtra,Western Region,441.39,440.19,8110.2,8067.9,58.47,25.28,88.02,27.5,0.0,29.3,0,None
2023-10-10 09:00:00,Maharashtra,Western Region,457.16,450.63,8536.3,8269.1,82.67,34.24,102.76,25.4,0.0,39.3,0,None
2023-10-10 10:00:00,Maharashtra,Western Region,510.84,501.98,9473.9,9425.3,106.65,17.61,84.66,28.2,0.0,50.6,0,None
2023-10-10 11:00:00,Maharashtra,Western Region,553.56,550.13,10298.3,10246.4,113.99,21.34,90.59,31.1,0.0,46.6,0,None
2023-10-10 12:00:00,Maharashtra,Western Region,570.72,563.21,10569.6,10304.5,123.87,34.7,102.94,31.1,0.0,47.0,0,None
2023-10-10 13:00:00,Maharashtra,Western Region,553.33,545.8,10281.9,10090.3,115.7,23.72,85.89,31.0,0.0,43.1,0,None
2023-10-10 14:00:00,Maharashtra,Western Region,488.82,477.46,8988.1,8715.2,104.36,29.7,89.58,32.1,0.0,61.2,0,None
2023-10-10 15:00:00,Maharashtra,Western Region,445.59,435.67,8290.7,8154.6,79.59,19.03,86.24,30.6,0.0,40.7,0,None
2023-10-10 16:00:00,Maharashtra,Western Region,380.9,376.96,7060.3,6954.6,57.51,25.47,94.09,28.9,0.0,51.8,0,None
2023-10-10 17:00:00,Maharashtra,Western Region,422.3,422.29,7859.1,7701.4,35.0,26.04,87.98,29.8,0.0,40.5,0,None
2023-10-10 18:00:00,Maharashtra,Western Region,354.28,351.18,6613.7,6515.7,5.05,40.52,96.18,27.2,0.0,38.1,0,None
2023-10-10 19:00:00,Maharashtra,Western Region,398.79,392.9,7359.7,7107.7,0.0,38.01,98.28,26.7,0.0,43.1,0,None
2023-10-10 20:00:00,Maharashtra,Western Region,346.28,339.14,6369.7,6297.8,0.0,45.49,93.35,24.6,0.0,51.8,0,None
2023-10-10 21:00:00,Maharashtra,Western Region,368.5,368.06,6818.3,6718.4,0.0,35.92,87.79,26.2,0.0,26.1,0,None
2023-10-10 22:00:00,Maharashtra,Western Region,350.69,347.54,6422.9,6199.0,0.0,53.5,85.73,24.6,0.0,47.5,0,None
2023-10-10 23:00:00,Maharashtra,Western Region,299.75,291.04,5501.0,5371.9,0.0,56.22,93.05,25.2,0.0,52.0,0,None
2023-10-11 00:00:00,Maharashtra,Western Region,289.82,284.99,5310.9,5222.7,0.0,47.47,87.49,24.2,0.0,39.5,0,None
2023-10-11 01:00:00,Maharashtra,Western Region,253.51,252.09,4676.6,4499.0,0.0,42.49,76.39,23.5,0.0,36.5,0,None
2023-10-11 02:00:00,Maharashtra,Western Region,259.58,259.24,4703.8,4601.5,0.0,50.69,96.35,23.9,0.0,59.3,0,None
2023-10-11 03:00:00,Maharashtra,Western Region,235.66,230.06,4299.8,4165.9,0.0,49.66,91.93,20.0,0.0,43.4,0,None
2023-10-11 04:00:00,Maharashtra,Western Region,244.45,238.68,4463.0,4339.8,0.0,37.57,91.01,21.9,0.0,41.0,0,None
2023-10-11 05:00:00,Maharashtra,Western Region,260.15,254.64,4766.2,4766.0,0.0,34.02,88.59,23.6,0.0,39.9,0,None
2023-10-11 06:00:00,Maharashtra,Western Region,301.09,296.03,5551.3,5409.7,0.0,43.64,93.82,26.0,0.5,21.9,0,None
2023-10-11 07:00:00,Maharashtra,Western Region,344.87,339.07,6428.4,6223.6,41.24,23.5,86.38,24.8,0.0,51.0,0,None
2023-10-11 08:00:00,Maharashtra,Western Region,454.61,451.5,8357.6,8301.9,51.88,26.23,82.5,28.1,0.0,55.9,0,None
2023-10-11 09:00:00,Maharashtra,Western Region,447.76,442.07,8214.0,7938.3,89.68,20.59,89.03,26.9,0.0,49.0,0,None
2023-10-11 10:00:00,Maharashtra,Western Region,540.12,529.43,9937.6,9595.8,105.13,9.59,91.41,29.1,0.0,40.7,0,None
2023-10-11 11:00:00,Maharashtra,Western Region,573.28,570.92,10586.0,10507.1,110.08,13.77,88.8,29.6,0.0,33.3,0,None
2023-10-11 12:00:00,Maharashtra,Western Region,572.35,571.31,10566.0,10206.0,122.2,17.78,82.05,30.8,0.0,60.7,0,None
2023-10-11 13:00:00,Maharashtra,Western Region,564.82,553.68,10504.6,10416.9,116.81,12.5,90.73,32.8,0.0,38.2,0,None
2023-10-11 14:00:00,Maharashtra,Western Region,518.45,504.3,9581.6,9523.8,104.9,36.06,89.27,32.0,0.0,52.2,0,None
2023-10-11 15:00:00,Maharashtra,Western Region,446.41,433.52,8204.8,8003.1,78.14,14.18,87.32,29.1,0.0,45.7,0,None
2023-10-11 16:00:00,Maharashtra,Western Region,454.55,451.76,8438.5,8268.0,52.31,30.46,91.15,31.8,0.0,52.3,0,None
2023-10-11 17:00:00,Maharashtra,Western Region,418.19,416.7,7755.5,7565.1,32.71,26.09,83.98,31.2,0.0,38.2,0,None
2023-10-11 18:00:00,Maharashtra,Western Region,395.21,387.81,7299.9,7106.9,4.74,44.55,88.51,28.2,0.0,43.8,0,None
2023-10-11 19:00:00,Maharashtra,Western Region,385.18,383.57,7103.4,6911.4,0.0,47.15,80.44,29.5,0.0,52.7,0,None
2023-10-11 20:00:00,Maharashtra,Western Region,355.19,349.61,6524.1,6473.3,0.0,45.92,86.88,25.5,0.0,48.3,0,None
2023-10-11 21:00:00,Maharashtra,Western Region,384.75,383.28,7108.7,7099.6,0.0,40.7,81.9,28.0,0.0,50.7,0,None
2023-10-11 22:00:00,Maharashtra,Western Region,336.39,326.76,6218.9,6123.1,0.0,54.92,84.0,23.0,0.0,55.8,0,None
2023-10-11 23:00:00,Maharashtra,Western Region,328.46,327.0,6044.3,6013.4,0.0,46.68,88.9,22.9,0.0,40.8,0,None
2023-10-12 00:00:00,Maharashtra,Western Region,290.71,290.27,5371.1,5319.3,0.0,59.43,96.17,24.5,0.0,45.4,0,None
2023-10-12 01:00:00,Maharashtra,Western Region,270.5,266.38,5014.2,4957.8,0.0,55.31,91.48,23.2,0.0,39.7,0,None
2023-10-12 02:00:00,Maharashtra,Western Region,246.67,243.31,4523.6,4390.2,0.0,45.85,92.82,24.2,0.0,61.7,0,None
2023-10-12 03:00:00,Maharashtra,Western Region,221.23,221.23,4231.7,4212.8,0.0,34.88,87.25,22.5,0.0,50.5,0,None
2023-10-12 04:00:00,Maharashtra,Western Region,244.43,242.63,4629.5,4472.6,0.0,31.48,81.57,24.9,0.0,36.4,0,None
2023-10-12 05:00:00,Maharashtra,Western Region,274.21,270.97,5100.5,4936.9,0.0,34.69,97.73,25.8,0.5,43.2,0,None
2023-10-12 06:00:00,Maharashtra,Western Region,327.21,323.67,6093.2,6072.1,8.38,39.68,96.61,26.4,0.0,48.9,0,None
2023-10-12 07:00:00,Maharashtra,Western Region,334.95,326.32,6213.7,5982.8,41.04,40.79,84.47,25.1,0.0,46.0,0,None
2023-10-12 08:00:00,Maharashtra,Western Region,433.97,428.1,7975.3,7674.7,57.42,32.92,84.53,25.3,0.2,54.1,0,None
2023-10-12 09:00:00,Maharashtra,Western Region,556.49,555.87,10205.8,9897.8,91.38,26.71,92.92,31.4,0.0,29.2,0,None
2023-10-12 10:00:00,Maharashtra,Western Region,560.42,545.34,10306.9,9896.3,99.37,11.95,85.31,29.2,0.0,47.7,0,None
2023-10-12 11:00:00,Maharashtra,Western Region,560.4,558.4,10353.4,10214.9,113.43,10.36,96.5,30.8,0.0,49.2,0,None
2023-10-12 12:00:00,Maharashtra,Western Region,564.54,555.73,10453.6,10187.9,120.54,19.06,87.76,30.1,0.0,39.4,0,None
2023-10-12 13:00:00,Maharashtra,Western Region,537.74,535.88,10037.0,9829.8,119.46,21.44,84.95,30.9,0.0,32.1,0,None
2023-10-12 14:00:00,Maharashtra,Western Region,468.61,463.63,8632.0,8591.5,105.88,4.3,85.81,29.1,0.0,38.9,0,None
2023-10-12 15:00:00,Maharashtra,Western Region,494.12,484.78,9154.5,9101.4,85.35,23.85,84.0,31.0,0.0,28.2,0,None
2023-10-12 16:00:00,Maharashtra,Western Region,465.31,458.68,8561.5,8498.5,57.84,35.26,95.38,32.0,0.0,51.0,0,None
2023-10-12 17:00:00,Maharashtra,Western Region,415.53,407.3,7704.3,7626.9,32.51,34.58,97.11,30.6,0.0,48.5,0,None
2023-10-12 18:00:00,Maharashtra,Western Region,359.82,350.09,6662.0,6468.8,7.47,45.6,104.35,28.0,0.0,49.2,0,None
2023-10-12 19:00:00,Maharashtra,Western Region,359.22,355.73,6693.6,6653.4,0.0,38.29,80.29,24.8,0.2,47.0,0,None
2023-10-12 20:00:00,Maharashtra,Western Region,335.29,331.74,6204.2,6049.3,0.0,43.65,93.44,24.9,0.0,41.7,0,None
2023-10-12 21:00:00,Maharashtra,Western Region,389.38,381.97,7162.8,7079.4,0.0,54.54,92.8,28.1,0.0,67.7,0,None
2023-10-12 22:00:00,Maharashtra,Western Region,382.05,378.93,7047.2,6825.8,0.0,59.04,96.13,26.8,0.0,47.1,0,None
2023-10-12 23:00:00,Maharashtra,Western Region,320.54,320.46,5923.2,5732.6,0.0,54.36,96.97,25.0,0.0,48.5,0,None
2023-10-13 00:00:00,Maharashtra,Western Region,290.52,287.19,5355.6,5344.7,0.0,58.41,86.14,23.5,0.0,44.3,0,None
2023-10-13 01:00:00,Maharashtra,Western Region,253.24,246.5,4738.1,4583.4,0.0,47.85,105.31,18.9,0.0,56.3,0,None
2023-10-13 02:00:00,Maharashtra,Western Region,249.96,244.88,4707.6,4590.5,0.0,42.21,94.52,21.7,0.0,41.9,0,None
2023-10-13 03:00:00,Maharashtra,Western Region,243.45,236.35,4505.1,4414.9,0.0,47.47,95.58,24.2,0.0,30.7,0,None
2023-10-13 04:00:00,Maharashtra,Western Region,250.08,249.44,4651.7,4544.1,0.0,41.75,80.57,24.9,0.0,51.4,0,None
2023-10-13 05:00:00,Maharashtra,Western Region,258.71,251.09,4868.9,4776.4,0.0,42.48,85.64,22.7,0.0,37.4,0,None
2023-10-13 06:00:00,Maharashtra,Western Region,301.08,298.6,5598.8,5385.3,0.0,29.66,100.1,27.1,0.0,43.4,0,None
2023-10-13 07:00:00,Maharashtra,Western Region,370.0,363.17,6853.3,6596.3,27.62,38.04,85.0,26.7,0.0,39.1,0,None
2023-10-13 08:00:00,Maharashtra,Western Region,444.63,443.55,8264.1,8000.7,62.95,37.65,81.74,26.2,0.0,34.2,0,None
2023-10-13 09:00:00,Maharashtra,Western Region,470.81,468.52,8758.5,8734.1,87.17,10.55,91.22,25.7,0.0,40.4,0,None
2023-10-13 10:00:00,Maharashtra,Western Region,535.5,533.58,9828.1,9772.5,104.12,19.49,93.4,29.4,0.0,56.8,0,None
2023-10-13 11:00:00,Maharashtra,Western Region,570.87,565.47,10519.1,10249.6,110.07,25.43,93.26,30.4,0.0,30.6,0,None
2023-10-13 12:00:00,Maharashtra,Western Region,476.87,470.27,8800.0,8631.6,116.7,26.03,80.14,26.6,0.0,49.4,0,None
2023-10-13 13:00:00,Maharashtra,Western Region,472.85,464.6,8734.2,8404.3,125.44,27.97,85.79,28.8,0.0,53.7,0,None
2023-10-13 14:00:00,Maharashtra,Western Region,505.0,497.6,9304.8,9236.7,104.61,20.22,90.89,30.1,0.0,30.6,0,None
2023-10-13 15:00:00,Maharashtra,Western Region,514.23,513.12,9533.5,9438.9,84.55,17.42,102.78,32.8,0.0,42.3,0,None
2023-10-13 16:00:00,Maharashtra,Western Region,411.87,401.6,7674.0,7565.1,64.95,25.56,87.88,28.7,0.0,45.5,0,None
2023-10-13 17:00:00,Maharashtra,Western Region,438.04,434.05,8203.5,8131.8,25.79,27.64,86.58,30.6,0.0,44.6,0,None
2023-10-13 18:00:00,Maharashtra,Western Region,436.66,436.58,8082.1,7760.2,1.88,44.55,90.91,33.0,0.0,36.3,0,None
2023-10-13 19:00:00,Maharashtra,Western Region,346.96,337.11,6432.3,6360.8,0.0,48.26,92.98,26.2,0.0,43.5,0,None
2023-10-13 20:00:00,Maharashtra,Western Region,361.36,361.22,6747.8,6619.4,0.0,38.81,85.52,24.8,0.0,42.5,0,None
2023-10-13 21:00:00,Maharashtra,Western Region,348.25,339.6,6406.3,6279.0,0.0,35.33,92.85,23.9,0.0,45.8,0,None
2023-10-13 22:00:00,Maharashtra,Western Region,392.49,385.86,7348.1,7244.6,0.0,39.06,94.34,28.6,0.0,49.6,0,None
2023-10-13 23:00:00,Maharashtra,Western Region,389.8,378.74,7103.6,6928.5,0.0,54.55,74.09,29.3,0.8,46.4,0,None
2023-10-14 00:00:00,Maharashtra,Western Region,286.46,280.2,5273.0,5152.3,0.0,41.29,101.3,24.2,0.0,46.4,0,None
2023-10-14 01:00:00,Maharashtra,Western Region,273.76,267.98,5004.3,4843.0,0.0,48.47,89.61,25.5,0.0,56.5,0,None
2023-10-14 02:00:00,Maharashtra,Western Region,253.78,251.17,4698.9,4644.5,0.0,46.88,86.27,24.6,0.0,50.4,0,None
2023-10-14 03:00:00,Maharashtra,Western Region,206.71,202.28,3827.9,3802.2,0.0,41.42,93.55,24.1,0.0,37.9,0,None
2023-10-14 04:00:00,Maharashtra,Western Region,202.65,201.75,3694.7,3573.1,0.0,41.97,100.6,25.2,0.0,52.4,0,None
2023-10-14 05:00:00,Maharashtra,Western Region,284.34,277.92,5358.9,5194.9,0.0,41.8,85.93,23.4,0.0,32.0,0,None
2023-10-14 06:00:00,Maharashtra,Western Region,304.0,296.83,5649.1,5608.7,0.0,45.47,92.26,24.3,0.0,54.2,0,None
2023-10-14 07:00:00,Maharashtra,Western Region,363.37,356.65,6654.0,6545.9,31.96,22.71,100.53,26.0,0.0,39.8,0,None
2023-10-14 08:00:00,Maharashtra,Western Region,379.64,376.3,7004.4,6919.2,60.4,19.74,83.76,24.7,0.0,42.5,0,None
2023-10-14 09:00:00,Maharashtra,Western Region,464.25,453.17,8622.0,8293.6,96.12,27.09,90.9,26.8,0.0,37.5,0,None
2023-10-14 10:00:00,Maharashtra,Western Region,540.6,531.17,10082.4,9904.0,104.16,31.2,83.29,29.3,0.0,35.6,0,None
2023-10-14 11:00:00,Maharashtra,Western Region,622.33,613.56,11614.7,11508.9,122.49,13.15,86.65,32.3,0.0,45.3,0,None
2023-10-14 12:00:00,Maharashtra,Western Region,583.78,567.6,10797.5,10672.3,114.29,14.77,93.88,31.6,0.0,36.2,0,None
2023-10-14 13:00:00,Maharashtra,Western Region,542.68,528.89,10046.7,9921.9,117.76,23.28,89.28,31.8,0.1,41.6,0,None
2023-10-14 14:00:00,Maharashtra,Western Region,479.74,465.67,8865.9,8533.6,104.1,13.13,96.52,29.3,0.0,48.0,0,None
2023-10-14 15:00:00,Maharashtra,Western Region,476.43,465.9,8849.2,8500.8,87.97,20.84,98.24,30.6,0.0,34.7,0,None
2023-10-14 16:00:00,Maharashtra,Western Region,474.6,461.61,8839.6,8709.1,63.16,20.3,78.05,32.2,0.0,42.5,0,None
2023-10-14 17:00:00,Maharashtra,Western Region,422.14,421.64,7745.5,7503.1,21.39,40.46,94.1,31.2,0.0,39.3,0,None
2023-10-14 18:00:00,Maharashtra,Western Region,400.05,391.08,7486.6,7327.6,1.34,14.63,82.91,29.6,0.0,54.0,0,None
2023-10-14 19:00:00,Maharashtra,Western Region,408.54,403.54,7565.6,7434.8,0.0,39.92,87.96,29.2,0.0,45.5,0,None
2023-10-14 20:00:00,Maharashtra,Western Region,416.9,406.21,7748.5,7572.1,0.0,44.27,70.79,29.0,0.0,44.5,0,None
2023-10-14 21:00:00,Maharashtra,Western Region,384.13,382.73,7128.3,6947.1,0.0,57.4,91.32,26.8,0.0,48.6,0,None
2023-10-14 22:00:00,Maharashtra,Western Region,333.15,329.23,6171.9,6051.9,0.0,60.75,80.46,24.7,0.0,44.0,0,None
2023-10-14 23:00:00,Maharashtra,Western Region,302.92,295.66,5606.6,5470.7,0.0,54.6,93.87,23.5,0.0,48.0,0,None
2023-10-15 00:00:00,Maharashtra,Western Region,273.43,273.09,5080.2,5062.1,0.0,56.92,86.19,23.0,0.0,47.7,1,None
2023-10-15 01:00:00,Maharashtra,Western Region,236.04,230.01,4352.0,4289.3,0.0,46.34,98.91,22.6,0.0,45.9,1,None
2023-10-15 02:00:00,Maharashtra,Western Region,215.28,211.83,4052.4,3953.1,0.0,46.46,92.35,24.6,0.0,30.3,1,None
2023-10-15 03:00:00,Maharashtra,Western Region,217.96,214.32,4055.6,4027.5,0.0,31.04,98.03,23.0,0.0,66.7,1,None
2023-10-15 04:00:00,Maharashtra,Western Region,240.93,233.86,4410.3,4279.8,0.0,41.2,90.25,23.2,0.0,45.0,1,None
2023-10-15 05:00:00,Maharashtra,Western Region,207.29,202.62,3839.8,3720.2,0.0,60.13,95.11,25.6,0.0,40.9,1,None
2023-10-15 06:00:00,Maharashtra,Western Region,260.68,259.21,4900.8,4731.8,8.07,27.66,91.56,24.0,0.0,42.5,1,None
2023-10-15 07:00:00,Maharashtra,Western Region,333.55,329.23,6125.8,5964.7,25.32,24.81,95.82,24.2,0.0,41.6,1,None
2023-10-15 08:00:00,Maharashtra,Western Region,420.05,413.76,7773.5,7477.4,54.99,28.83,96.59,28.3,0.0,46.9,1,None
2023-10-15 09:00:00,Maharashtra,Western Region,369.48,367.47,6798.0,6630.8,82.88,21.77,89.06,26.5,0.0,51.3,1,None
2023-10-15 10:00:00,Maharashtra,Western Region,520.21,509.35,9608.7,9527.7,114.7,29.78,89.59,30.7,0.0,56.6,1,None
2023-10-15 11:00:00,Maharashtra,Western Region,557.25,551.82,10279.7,9978.4,119.93,24.23,92.09,31.4,0.0,46.4,1,None
2023-10-15 12:00:00,Maharashtra,Western Region,483.52,479.2,9029.9,8873.0,121.83,21.06,91.32,29.5,0.0,42.0,1,None
2023-10-15 13:00:00,Maharashtra,Western Region,493.22,491.95,9167.4,8851.8,114.31,14.16,90.45,31.1,0.0,39.1,1,None
2023-10-15 14:00:00,Maharashtra,Western Region,496.44,490.09,9219.0,8940.4,101.74,29.59,91.61,33.1,0.0,42.7,1,None
2023-10-15 15:00:00,Maharashtra,Western Region,425.64,413.66,7824.8,7711.8,88.54,22.17,85.28,31.1,0.0,48.7,1,None
2023-10-15 16:00:00,Maharashtra,Western Region,404.56,400.02,7508.1,7457.8,61.08,26.49,85.81,31.8,0.0,36.2,1,None
2023-10-15 17:00:00,Maharashtra,Western Region,384.26,380.45,7135.2,7101.7,27.79,7.0,101.81,30.0,0.0,51.6,1,None
2023-10-15 18:00:00,Maharashtra,Western Region,370.87,360.67,6886.6,6698.1,0.95,40.09,92.53,30.9,0.0,48.1,1,None
2023-10-15 19:00:00,Maharashtra,Western Region,332.13,322.95,6114.8,6014.1,0.0,31.29,88.65,29.5,0.0,37.5,1,None
2023-10-15 20:00:00,Maharashtra,Western Region,336.52,330.73,6269.5,6245.6,0.0,59.9,88.3,24.4,0.0,38.7,1,None
2023-10-15 21:00:00,Maharashtra,Western Region,309.04,303.35,5780.5,5768.7,0.0,56.09,97.51,25.3,0.0,42.9,1,None
2023-10-15 22:00:00,Maharashtra,Western Region,301.25,297.97,5657.1,5485.8,0.0,40.12,95.48,23.9,0.0,43.5,1,None
2023-10-15 23:00:00,Maharashtra,Western Region,287.67,281.56,5286.1,5173.4,0.0,52.08,91.96,25.0,0.0,51.8,1,None
2023-10-16 00:00:00,Maharashtra,Western Region,310.68,306.39,5760.8,5568.1,0.0,51.72,86.8,26.5,0.0,34.1,0,None
2023-10-16 01:00:00,Maharashtra,Western Region,254.33,248.76,4757.1,4606.2,0.0,52.05,93.48,25.2,0.0,57.5,0,None
2023-10-16 02:00:00,Maharashtra,Western Region,221.19,215.51,4069.6,4056.5,0.0,48.49,89.61,24.1,0.0,53.0,0,None
2023-10-16 03:00:00,Maharashtra,Western Region,194.71,191.24,3571.4,3481.3,0.0,40.69,74.96,22.6,0.0,37.8,0,None
2023-10-16 04:00:00,Maharashtra,Western Region,232.83,230.96,4415.9,4322.7,0.0,41.75,91.18,20.4,0.0,42.4,0,None
2023-10-16 05:00:00,Maharashtra,Western Region,279.75,275.17,5138.7,4950.8,0.0,38.36,92.08,24.6,0.0,61.1,0,None
2023-10-16 06:00:00,Maharashtra,Western Region,340.31,336.42,6287.6,6057.1,0.0,29.49,100.17,26.7,0.0,40.8,0,None
2023-10-16 07:00:00,Maharashtra,Western Region,420.96,415.11,7777.6,7613.3,35.94,26.86,85.05,28.9,0.0,36.5,0,None
2023-10-16 08:00:00,Maharashtra,Western Region,468.95,455.77,8644.4,8320.9,56.47,26.22,95.15,28.0,0.0,30.0,0,None
2023-10-16 09:00:00,Maharashtra,Western Region,473.62,462.19,8769.9,8629.7,90.68,20.8,90.02,28.1,0.0,40.7,0,None
2023-10-16 10:00:00,Maharashtra,Western Region,518.3,516.83,9573.9,9277.0,101.89,19.81,86.49,28.0,0.0,39.7,0,None
2023-10-16 11:00:00,Maharashtra,Western Region,571.95,563.51,10541.6,10436.8,118.88,14.28,79.6,29.8,0.0,45.0,0,None
2023-10-16 12:00:00,Maharashtra,Western Region,586.1,582.94,10826.8,10397.3,119.24,12.61,84.93,30.5,0.0,49.2,0,None
2023-10-16 13:00:00,Maharashtra,Western Region,532.32,520.7,9902.0,9700.2,112.86,8.7,89.57,30.7,0.0,50.4,0,None
2023-10-16 14:00:00,Maharashtra,Western Region,506.69,502.03,9322.7,9260.4,110.11,20.35,96.52,30.4,0.0,49.4,0,None
2023-10-16 15:00:00,Maharashtra,Western Region,443.87,434.0,8238.5,8165.0,89.02,19.54,79.06,31.2,0.0,57.5,0,None
2023-10-16 16:00:00,Maharashtra,Western Region,454.37,445.46,8367.7,8146.3,54.46,17.85,97.52,31.5,0.0,49.1,0,None
2023-10-16 17:00:00,Maharashtra,Western Region,435.31,426.54,8124.6,8075.8,36.72,35.09,93.42,31.4,0.0,51.4,0,None
2023-10-16 18:00:00,Maharashtra,Western Region,407.98,407.55,7546.0,7354.5,0.0,37.12,81.79,30.1,0.0,46.1,0,None
2023-10-16 19:00:00,Maharashtra,Western Region,356.29,351.78,6627.3,6484.6,0.0,32.55,89.91,27.2,0.0,49.0,0,None
2023-10-16 20:00:00,Maharashtra,Western Region,371.28,368.36,6913.5,6709.5,0.0,36.54,82.82,26.7,0.0,46.0,0,None
2023-10-16 21:00:00,Maharashtra,Western Region,363.33,359.63,6698.5,6608.5,0.0,46.76,86.6,24.8,0.0,52.8,0,None
2023-10-16 22:00:00,Maharashtra,Western Region,325.92,321.87,6030.4,5836.2,0.0,60.63,87.65,24.5,0.3,31.9,0,None
2023-10-16 23:00:00,Maharashtra,Western Region,294.55,292.52,5410.4,5286.8,0.0,55.82,85.32,25.2,0.0,34.5,0,None
2023-10-17 00:00:00,Maharashtra,Western Region,298.87,297.17,5545.6,5324.1,0.0,38.37,94.43,21.3,0.0,31.2,0,None
2023-10-17 01:00:00,Maharashtra,Western Region,279.53,275.56,5224.9,5144.6,0.0,40.63,86.63,23.3,0.0,35.7,0,None
2023-10-17 02:00:00,Maharashtra,Western Region,244.56,237.23,4456.0,4295.6,0.0,40.61,77.63,23.5,0.0,57.1,0,None
2023-10-17 03:00:00,Maharashtra,Western Region,229.94,228.36,4265.1,4231.6,0.0,31.2,86.42,21.6,0.0,46.2,0,None
2023-10-17 04:00:00,Maharashtra,Western Region,234.53,229.7,4266.0,4108.7,0.0,39.59,90.89,21.6,0.0,47.2,0,None
2023-10-17 05:00:00,Maharashtra,Western Region,268.88,264.97,5028.3,4930.6,0.0,27.53,92.17,27.2,0.0,39.0,0,None
2023-10-17 06:00:00,Maharashtra,Western Region,277.28,276.63,5130.1,4943.0,0.86,33.81,85.92,23.3,0.0,46.4,0,None
2023-10-17 07:00:00,Maharashtra,Western Region,343.04,338.4,6287.2,6234.5,34.59,34.22,98.41,24.0,0.0,42.7,0,None
2023-10-17 08:00:00,Maharashtra,Western Region,414.61,403.82,7718.6,7614.0,63.89,45.4,83.05,26.8,0.0,44.8,0,None
2023-10-17 09:00:00,Maharashtra,Western Region,540.2,531.8,10069.3,9908.1,87.06,14.92,85.22,30.0,0.4,45.3,0,None
2023-10-17 10:00:00,Maharashtra,Western Region,527.45,512.17,9734.4,9416.3,108.03,19.09,91.49,28.3,0.0,46.3,0,None
2023-10-17 11:00:00,Maharashtra,Western Region,557.84,544.87,10299.5,10146.3,115.25,9.81,87.59,29.9,0.0,38.4,0,None
2023-10-17 12:00:00,Maharashtra,Western Region,551.19,542.01,10199.7,10090.9,121.6,5.77,85.96,30.8,0.0,40.7,0,None
2023-10-17 13:00:00,Maharashtra,Western Region,488.4,482.57,9064.1,8876.2,109.19,5.34,81.82,28.7,0.0,43.4,0,None
2023-10-17 14:00:00,Maharashtra,Western Region,476.96,469.79,8716.8,8586.9,102.07,17.84,80.24,30.0,0.0,36.4,0,None
2023-10-17 15:00:00,Maharashtra,Western Region,492.14,489.22,9123.3,8893.8,84.52,17.93,88.21,31.7,0.0,38.3,0,None
2023-10-17 16:00:00,Maharashtra,Western Region,459.08,451.34,8525.8,8510.0,58.55,25.34,96.3,30.5,0.0,35.6,0,None
2023-10-17 17:00:00,Maharashtra,Western Region,421.91,420.14,7878.0,7725.6,34.52,32.47,82.27,30.1,0.0,48.4,0,None
2023-10-17 18:00:00,Maharashtra,Western Region,417.16,412.61,7678.7,7677.4,1.56,34.0,93.39,28.4,0.0,60.8,0,None
2023-10-17 19:00:00,Maharashtra,Western Region,415.68,413.91,7671.5,7668.3,0.0,36.62,85.18,27.3,0.0,51.0,0,None
2023-10-17 20:00:00,Maharashtra,Western Region,423.73,421.38,7897.2,7607.9,0.0,35.61,90.74,28.7,0.0,27.0,0,None
2023-10-17 21:00:00,Maharashtra,Western Region,335.04,333.21,6095.4,5936.5,0.0,51.08,83.91,23.7,0.0,41.0,0,None
2023-10-17 22:00:00,Maharashtra,Western Region,364.45,355.03,6641.3,6611.7,0.0,47.68,74.59,26.0,0.0,41.4,0,None
2023-10-17 23:00:00,Maharashtra,Western Region,336.07,335.95,6246.6,6188.9,0.0,43.42,90.51,21.0,0.0,53.0,0,None
2023-10-18 00:00:00,Maharashtra,Western Region,284.94,277.1,5214.8,5036.8,0.0,42.81,95.12,21.7,0.0,46.7,0,None
2023-10-18 01:00:00,Maharashtra,Western Region,270.0,269.76,4956.9,4906.1,0.0,41.15,84.34,22.5,0.0,40.8,0,None
2023-10-18 02:00:00,Maharashtra,Western Region,243.77,243.75,4501.1,4422.1,0.0,55.27,95.04,23.6,0.0,48.8,0,None
2023-10-18 03:00:00,Maharashtra,Western Region,251.15,244.75,4731.6,4721.1,0.0,46.7,87.01,21.5,0.0,33.9,0,None
2023-10-18 04:00:00,Maharashtra,Western Region,250.92,249.16,4766.4,4623.7,0.0,48.26,90.24,27.2,0.0,56.9,0,None
2023-10-18 05:00:00,Maharashtra,Western Region,228.55,224.05,4263.2,4092.9,0.0,52.61,79.55,23.8,0.2,34.3,0,None
2023-10-18 06:00:00,Maharashtra,Western Region,295.97,290.43,5522.0,5405.4,0.0,34.96,93.13,24.5,0.0,48.5,0,None
2023-10-18 07:00:00,Maharashtra,Western Region,407.5,402.41,7569.2,7457.5,33.39,34.49,82.06,28.3,0.0,47.0,0,None
2023-10-18 08:00:00,Maharashtra,Western Region,443.63,435.94,8252.1,8179.8,64.86,25.82,88.76,27.2,0.0,44.2,0,None
2023-10-18 09:00:00,Maharashtra,Western Region,490.59,485.07,9052.8,8953.3,86.35,15.93,92.21,28.2,0.0,43.2,0,None
2023-10-18 10:00:00,Maharashtra,Western Region,455.68,448.3,8490.1,8298.9,109.92,28.52,84.07,25.5,0.0,46.7,0,None
2023-10-18 11:00:00,Maharashtra,Western Region,582.62,569.64,10832.5,10545.0,119.86,9.72,85.56,29.6,0.0,53.5,0,None
2023-10-18 12:00:00,Maharashtra,Western Region,569.28,564.67,10584.6,10564.5,120.9,24.88,81.4,30.9,0.0,47.6,0,None
2023-10-18 13:00:00,Maharashtra,Western Region,528.16,517.82,9782.3,9609.4,107.07,12.69,90.68,31.0,0.0,47.7,0,None
2023-10-18 14:00:00,Maharashtra,Western Region,515.06,509.66,9485.7,9127.2,111.7,12.19,99.41,32.1,0.0,42.0,0,None
2023-10-18 15:00:00,Maharashtra,Western Region,524.7,509.72,9837.0,9759.8,83.15,18.42,84.64,33.6,0.0,30.0,0,None
2023-10-18 16:00:00,Maharashtra,Western Region,455.4,445.89,8521.6,8448.1,56.4,25.32,93.81,30.1,0.0,43.2,0,None
2023-10-18 17:00:00,Maharashtra,Western Region,406.36,401.55,7487.9,7302.7,24.43,48.03,85.51,28.2,0.0,47.3,0,None
2023-10-18 18:00:00,Maharashtra,Western Region,433.1,427.1,8055.9,7788.2,0.0,28.78,89.02,31.8,0.0,48.3,0,None
2023-10-18 19:00:00,Maharashtra,Western Region,382.22,376.72,7051.4,6942.1,0.0,20.69,91.17,27.4,0.0,43.4,0,None
2023-10-18 20:00:00,Maharashtra,Western Region,387.44,378.5,7068.5,6973.8,0.0,54.37,96.41,27.9,0.0,41.5,0,None
2023-10-18 21:00:00,Maharashtra,Western Region,398.28,392.18,7305.9,7041.3,0.0,60.04,92.27,28.7,0.0,51.7,0,None
2023-10-18 22:00:00,Maharashtra,Western Region,352.13,348.83,6463.2,6301.5,0.0,54.46,90.82,26.3,0.0,39.2,0,None
2023-10-18 23:00:00,Maharashtra,Western Region,335.59,335.05,6160.7,6030.1,0.0,47.05,88.04,25.9,0.0,37.4,0,None
2023-10-19 00:00:00,Maharashtra,Western Region,272.94,272.36,5076.0,4995.9,0.0,37.84,90.02,21.7,1.0,43.5,0,None
2023-10-19 01:00:00,Maharashtra,Western Region,260.66,258.03,4768.4,4656.0,0.0,33.15,86.4,24.1,0.0,31.2,0,None
2023-10-19 02:00:00,Maharashtra,Western Region,236.37,229.44,4302.0,4291.4,0.0,59.54,86.37,24.1,0.0,60.2,0,None
2023-10-19 03:00:00,Maharashtra,Western Region,220.77,214.55,4146.6,4123.0,0.0,60.02,84.0,22.8,0.0,53.8,0,None
2023-10-19 04:00:00,Maharashtra,Western Region,242.85,237.2,4564.4,4544.5,0.0,44.89,90.58,24.4,0.0,49.2,0,None
2023-10-19 05:00:00,Maharashtra,Western Region,260.9,260.02,4812.3,4621.6,0.0,37.26,84.79,23.2,0.0,30.1,0,None
2023-10-19 06:00:00,Maharashtra,Western Region,279.9,278.71,5251.4,5199.8,0.0,28.18,90.08,25.1,0.0,28.3,0,None
2023-10-19 07:00:00,Maharashtra,Western Region,417.81,407.23,7697.1,7402.5,31.32,29.12,95.34,29.1,0.0,42.2,0,None
2023-10-19 08:00:00,Maharashtra,Western Region,435.97,433.31,8059.3,7959.9,59.61,24.47,97.04,26.3,1.4,37.9,0,None
2023-10-19 09:00:00,Maharashtra,Western Region,560.21,547.55,10382.8,10256.2,97.31,38.5,87.9,31.5,0.0,51.3,0,None
2023-10-19 10:00:00,Maharashtra,Western Region,502.37,497.91,9343.4,9315.5,98.31,13.22,85.64,26.9,0.0,51.1,0,None
2023-10-19 11:00:00,Maharashtra,Western Region,543.32,530.13,10058.0,9943.8,118.9,16.76,89.17,29.0,0.0,35.8,0,None
2023-10-19 12:00:00,Maharashtra,Western Region,560.28,546.05,10496.4,10325.5,119.38,15.42,90.51,31.2,0.0,44.2,0,None
2023-10-19 13:00:00,Maharashtra,Western Region,552.36,544.84,10296.7,10087.2,114.86,28.77,99.67,31.5,0.0,41.3,0,None
2023-10-19 14:00:00,Maharashtra,Western Region,559.82,556.83,10403.6,10088.1,110.92,26.79,95.74,34.2,0.0,44.5,0,None
2023-10-19 15:00:00,Maharashtra,Western Region,483.74,469.37,9022.6,8974.0,81.55,26.07,90.12,31.2,0.0,41.1,0,None
2023-10-19 16:00:00,Maharashtra,Western Region,471.68,462.02,8772.1,8438.9,59.45,28.48,85.29,30.3,0.0,36.5,0,None
2023-10-19 17:00:00,Maharashtra,Western Region,396.76,385.64,7349.5,7084.2,24.25,34.2,100.7,28.1,0.0,47.1,0,None
2023-10-19 18:00:00,Maharashtra,Western Region,433.59,432.77,8036.0,7820.3,5.62,37.99,79.43,32.6,0.0,36.8,0,None
2023-10-19 19:00:00,Maharashtra,Western Region,378.36,369.29,6997.8,6809.4,0.0,35.21,98.02,26.8,0.0,40.2,0,None
2023-10-19 20:00:00,Maharashtra,Western Region,367.04,365.51,6768.3,6665.8,0.0,48.4,87.75,26.1,0.0,38.0,0,None
2023-10-19 21:00:00,Maharashtra,Western Region,332.33,323.42,6121.8,6088.0,0.0,48.05,92.86,24.9,0.0,53.9,0,None
2023-10-19 22:00:00,Maharashtra,Western Region,339.77,336.85,6270.6,6081.7,0.0,49.17,91.4,26.3,0.0,57.6,0,None
2023-10-19 23:00:00,Maharashtra,Western Region,298.7,291.76,5491.0,5357.4,0.0,42.6,84.57,23.2,0.0,54.1,0,None
2023-10-20 00:00:00,Maharashtra,Western Region,283.96,282.7,5313.8,5198.0,0.0,42.65,82.14,24.3,0.0,30.9,0,None
2023-10-20 01:00:00,Maharashtra,Western Region,276.64,270.1,5127.4,4941.0,0.0,39.4,85.75,25.7,0.0,60.6,0,None
2023-10-20 02:00:00,Maharashtra,Western Region,215.38,210.22,4018.2,3960.5,0.0,42.9,87.78,19.3,1.3,46.2,0,None
2023-10-20 03:00:00,Maharashtra,Western Region,227.57,224.83,4178.4,4032.9,0.0,65.71,91.89,23.4,0.0,58.2,0,None
2023-10-20 04:00:00,Maharashtra,Western Region,233.95,233.45,4347.5,4281.2,0.0,20.65,87.64,20.5,0.0,39.6,0,None
2023-10-20 05:00:00,Maharashtra,Western Region,260.13,252.94,4787.8,4774.1,0.0,43.43,95.08,24.0,0.4,45.7,0,None
2023-10-20 06:00:00,Maharashtra,Western Region,303.57,298.87,5674.1,5578.1,0.0,39.17,77.37,23.4,0.0,47.8,0,None
2023-10-20 07:00:00,Maharashtra,Western Region,363.45,361.66,6732.7,6569.5,25.56,30.04,93.42,25.9,0.0,40.9,0,None
2023-10-20 08:00:00,Maharashtra,Western Region,422.72,419.35,7810.6,7751.1,56.85,37.62,94.45,27.2,0.0,45.4,0,None
2023-10-20 09:00:00,Maharashtra,Western Region,499.94,491.47,9235.3,8985.0,77.18,31.43,90.75,28.2,0.0,49.7,0,None
2023-10-20 10:00:00,Maharashtra,Western Region,534.18,521.09,9856.3,9477.5,110.92,38.6,95.48,29.1,0.0,39.5,0,None
2023-10-20 11:00:00,Maharashtra,Western Region,581.24,569.35,10846.5,10550.1,118.5,15.33,87.47,30.7,0.0,46.3,0,None
2023-10-20 12:00:00,Maharashtra,Western Region,609.53,593.39,11215.7,10854.2,118.62,21.82,92.02,31.8,0.0,39.7,0,None
2023-10-20 13:00:00,Maharashtra,Western Region,515.97,514.17,9542.9,9192.1,115.62,22.91,91.67,31.5,0.0,49.1,0,None
2023-10-20 14:00:00,Maharashtra,Western Region,527.39,516.35,9763.2,9602.4,99.7,17.75,83.51,31.0,0.0,45.7,0,None
2023-10-20 15:00:00,Maharashtra,Western Region,468.19,461.43,8702.3,8568.0,84.7,19.03,87.46,29.0,0.0,42.9,0,None
2023-10-20 16:00:00,Maharashtra,Western Region,431.46,424.34,7918.5,7635.4,62.92,23.21,94.25,29.0,0.0,47.2,0,None
2023-10-20 17:00:00,Maharashtra,Western Region,391.83,390.13,7294.9,7070.1,28.66,34.35,91.64,30.3,0.0,53.4,0,None
2023-10-20 18:00:00,Maharashtra,Western Region,432.67,424.2,7990.3,7878.3,7.75,20.39,96.92,30.4,0.0,46.5,0,None
2023-10-20 19:00:00,Maharashtra,Western Region,370.15,362.72,6883.1,6698.8,0.0,51.17,97.11,27.9,0.0,45.5,0,None
2023-10-20 20:00:00,Maharashtra,Western Region,381.3,375.88,7076.0,6962.1,0.0,51.92,87.44,27.2,0.0,43.0,0,None
2023-10-20 21:00:00,Maharashtra,Western Region,355.75,354.03,6506.6,6361.8,0.0,48.8,90.88,25.9,0.0,40.3,0,None
2023-10-20 22:00:00,Maharashtra,Western Region,348.27,339.41,6462.5,6327.4,0.0,54.29,95.27,24.9,0.0,49.0,0,None
2023-10-20 23:00:00,Maharashtra,Western Region,336.18,328.09,6199.1,5969.2,0.0,48.27,92.86,24.8,0.0,50.4,0,None
2023-10-21 00:00:00,Maharashtra,Western Region,295.18,286.65,5441.1,5236.4,0.0,44.09,94.36,22.6,0.0,51.8,0,None
2023-10-21 01:00:00,Maharashtra,Western Region,287.45,281.33,5229.1,5198.2,0.0,53.61,95.13,22.5,0.0,34.9,0,None
2023-10-21 02:00:00,Maharashtra,Western Region,222.96,218.46,4064.9,3992.7,0.0,47.01,86.53,21.6,0.0,39.7,0,None
2023-10-21 03:00:00,Maharashtra,Western Region,237.74,234.44,4370.2,4285.5,0.0,40.55,83.64,23.4,0.0,28.8,0,None
2023-10-21 04:00:00,Maharashtra,Western Region,226.0,224.37,4176.1,4028.8,0.0,46.95,92.28,24.5,0.0,56.9,0,None
2023-10-21 05:00:00,Maharashtra,Western Region,274.35,273.71,5066.9,4995.6,0.0,46.69,93.27,23.8,0.0,44.1,0,None
2023-10-21 06:00:00,Maharashtra,Western Region,315.23,314.87,5742.8,5607.8,5.0,33.18,83.49,25.6,0.0,63.3,0,None
2023-10-21 07:00:00,Maharashtra,Western Region,348.0,345.21,6472.1,6415.0,38.73,33.24,90.05,24.4,0.0,47.4,0,None
2023-10-21 08:00:00,Maharashtra,Western Region,445.97,441.47,8235.9,8095.0,55.69,25.43,90.25,26.6,0.0,49.7,0,None
2023-10-21 09:00:00,Maharashtra,Western Region,480.9,467.76,8839.1,8753.9,75.45,20.95,92.17,29.3,0.0,48.6,0,None
2023-10-21 10:00:00,Maharashtra,Western Region,603.23,585.42,11106.5,11068.8,103.24,16.48,89.98,32.4,0.0,42.9,0,None
2023-10-21 11:00:00,Maharashtra,Western Region,583.24,571.32,10818.2,10422.1,119.19,16.95,92.11,29.9,0.0,56.6,0,None
2023-10-21 12:00:00,Maharashtra,Western Region,560.84,552.38,10371.1,10352.3,114.23,23.34,87.26,30.6,0.0,49.4,0,None
2023-10-21 13:00:00,Maharashtra,Western Region,553.91,540.73,10215.5,10004.9,120.84,27.75,84.61,31.3,0.0,35.6,0,None
2023-10-21 14:00:00,Maharashtra,Western Region,538.44,527.63,9929.7,9901.7,96.59,25.67,98.38,33.9,0.0,36.5,0,None
2023-10-21 15:00:00,Maharashtra,Western Region,460.78,455.35,8519.1,8260.2,84.16,32.36,89.37,30.6,0.0,51.7,0,None
2023-10-21 16:00:00,Maharashtra,Western Region,450.12,447.31,8232.7,8031.0,59.25,18.95,92.11,31.4,0.0,40.4,0,None
2023-10-21 17:00:00,Maharashtra,Western Region,417.68,407.02,7658.0,7446.5,35.92,8.16,90.6,29.7,0.0,49.6,0,None
2023-10-21 18:00:00,Maharashtra,Western Region,414.28,407.0,7641.0,7415.6,4.52,35.09,88.97,29.7,0.0,48.9,0,None
2023-10-21 19:00:00,Maharashtra,Western Region,416.16,413.87,7739.6,7497.1,0.0,39.34,79.27,28.1,0.0,45.2,0,None
2023-10-21 20:00:00,Maharashtra,Western Region,386.4,382.58,7133.1,7095.6,0.0,45.71,86.74,26.1,0.0,39.9,0,None
2023-10-21 21:00:00,Maharashtra,Western Region,370.59,365.05,6846.9,6655.8,0.0,59.4,91.81,26.7,0.0,40.1,0,None
2023-10-21 22:00:00,Maharashtra,Western Region,346.82,340.25,6358.5,6306.8,0.0,56.8,89.95,24.1,0.0,39.4,0,None
2023-10-21 23:00:00,Maharashtra,Western Region,362.88,354.7,6707.1,6526.6,0.0,61.67,97.89,26.1,0.0,48.6,0,None
2023-10-22 00:00:00,Maharashtra,Western Region,236.77,230.9,4357.8,4234.6,0.0,56.71,90.47,22.1,0.0,50.4,1,None
2023-10-22 01:00:00,Maharashtra,Western Region,242.76,241.43,4489.3,4347.6,0.0,57.82,98.75,24.6,0.0,38.3,1,None
2023-10-22 02:00:00,Maharashtra,Western Region,197.79,191.91,3632.3,3631.5,0.0,57.98,81.68,20.5,0.0,40.2,1,None
2023-10-22 03:00:00,Maharashtra,Western Region,208.81,204.86,3907.3,3899.4,0.0,41.87,81.22,24.0,0.0,41.1,1,None
2023-10-22 04:00:00,Maharashtra,Western Region,225.19,223.93,4140.4,4041.0,0.0,38.72,95.0,21.8,0.0,40.0,1,None
2023-10-22 05:00:00,Maharashtra,Western Region,253.68,248.11,4703.9,4564.1,0.0,48.55,90.72,27.0,0.0,49.6,1,None
2023-10-22 06:00:00,Maharashtra,Western Region,282.04,276.74,5179.7,5123.3,0.0,39.66,88.27,25.3,0.0,43.0,1,None
2023-10-22 07:00:00,Maharashtra,Western Region,339.71,334.65,6322.8,6245.4,26.26,31.42,97.14,27.1,0.0,45.5,1,None
2023-10-22 08:00:00,Maharashtra,Western Region,406.91,395.95,7563.4,7520.4,57.03,32.12,86.7,29.3,0.0,46.0,1,None
2023-10-22 09:00:00,Maharashtra,Western Region,388.47,380.56,7207.5,7181.7,87.82,33.45,84.84,25.5,0.0,44.2,1,None
2023-10-22 10:00:00,Maharashtra,Western Region,522.29,514.94,9611.0,9501.6,107.72,20.79,87.52,29.3,0.0,43.7,1,None
2023-10-22 11:00:00,Maharashtra,Western Region,482.67,471.57,8974.7,8648.6,104.37,8.25,90.15,28.4,0.0,47.0,1,None
2023-10-22 12:00:00,Maharashtra,Western Region,473.34,471.55,8778.0,8462.5,122.13,17.59,89.17,27.4,0.0,63.2,1,None
2023-10-22 13:00:00,Maharashtra,Western Region,528.73,518.88,9877.0,9565.0,110.19,37.11,100.48,31.9,0.0,47.5,1,None
2023-10-22 14:00:00,Maharashtra,Western Region,419.4,412.14,7798.4,7582.7,112.22,40.93,91.74,29.6,0.0,73.0,1,None
2023-10-22 15:00:00,Maharashtra,Western Region,429.74,422.79,7987.1,7840.1,79.15,14.13,89.68,31.3,0.0,55.6,1,None
2023-10-22 16:00:00,Maharashtra,Western Region,432.69,427.6,8016.6,7925.5,61.65,46.41,93.8,31.7,0.0,39.4,1,None
2023-10-22 17:00:00,Maharashtra,Western Region,398.43,388.88,7301.5,7060.8,32.05,41.25,83.02,31.3,0.0,40.3,1,None
2023-10-22 18:00:00,Maharashtra,Western Region,379.68,377.36,7122.3,7112.0,10.2,26.77,91.84,29.9,0.0,43.2,1,None
2023-10-22 19:00:00,Maharashtra,Western Region,340.28,331.77,6277.5,6074.0,0.0,45.91,84.3,27.7,0.0,47.0,1,None
2023-10-22 20:00:00,Maharashtra,Western Region,357.94,355.01,6601.1,6449.8,0.0,33.73,98.01,27.4,0.0,41.5,1,None
2023-10-22 21:00:00,Maharashtra,Western Region,318.43,310.58,5870.3,5844.8,0.0,45.55,90.79,26.2,0.0,42.5,1,None
2023-10-22 22:00:00,Maharashtra,Western Region,271.26,269.17,5038.5,4874.8,0.0,45.43,90.52,25.3,0.0,35.0,1,None
2023-10-22 23:00:00,Maharashtra,Western Region,261.18,253.84,4898.3,4854.6,0.0,58.22,85.08,22.0,0.0,43.8,1,None
2023-10-23 00:00:00,Maharashtra,Western Region,315.05,309.81,5790.7,5673.8,0.0,55.02,98.42,25.5,0.0,44.2,0,None
2023-10-23 01:00:00,Maharashtra,Western Region,255.87,253.74,4756.2,4589.7,0.0,56.64,100.9,24.1,0.0,41.5,0,None
2023-10-23 02:00:00,Maharashtra,Western Region,230.15,224.86,4249.6,4119.7,0.0,49.18,85.59,22.6,0.4,50.7,0,None
2023-10-23 03:00:00,Maharashtra,Western Region,234.87,229.11,4376.8,4219.4,0.0,49.68,101.78,24.5,0.0,43.3,0,None
2023-10-23 04:00:00,Maharashtra,Western Region,221.01,219.89,4051.0,3944.8,0.0,41.71,84.46,24.0,0.0,44.6,0,None
2023-10-23 05:00:00,Maharashtra,Western Region,284.15,282.42,5331.9,5195.7,0.0,46.7,95.23,25.8,0.0,33.3,0,None
2023-10-23 06:00:00,Maharashtra,Western Region,328.39,327.84,6111.8,5876.8,0.0,32.99,95.78,27.7,0.0,43.4,0,None
2023-10-23 07:00:00,Maharashtra,Western Region,348.03,345.03,6541.6,6297.2,32.23,26.77,93.29,23.0,0.0,47.3,0,None
2023-10-23 08:00:00,Maharashtra,Western Region,435.2,428.02,8043.1,7796.8,64.67,25.25,101.87,25.6,0.0,58.9,0,None
2023-10-23 09:00:00,Maharashtra,Western Region,539.1,526.53,9947.4,9689.3,86.25,33.66,84.75,29.6,0.0,37.9,0,None
2023-10-23 10:00:00,Maharashtra,Western Region,533.59,531.21,9849.7,9530.2,102.38,24.81,85.22,27.8,0.0,54.3,0,None
2023-10-23 11:00:00,Maharashtra,Western Region,622.39,610.64,11531.1,11319.2,111.66,13.09,84.89,33.6,0.0,40.5,0,None
2023-10-23 12:00:00,Maharashtra,Western Region,618.03,602.14,11497.5,11112.9,122.99,17.4,86.16,33.4,0.0,51.5,0,None
2023-10-23 13:00:00,Maharashtra,Western Region,529.55,520.5,9831.0,9789.5,119.85,23.89,98.5,30.5,0.0,51.3,0,None
2023-10-23 14:00:00,Maharashtra,Western Region,539.25,536.66,9973.3,9937.4,100.32,24.84,96.68,33.6,0.0,53.9,0,None
2023-10-23 15:00:00,Maharashtra,Western Region,440.51,439.8,8188.4,7909.9,89.86,15.04,87.63,28.6,0.0,42.8,0,None
2023-10-23 16:00:00,Maharashtra,Western Region,421.44,418.83,7755.6,7567.2,53.0,22.2,95.47,30.6,0.0,26.5,0,None
2023-10-23 17:00:00,Maharashtra,Western Region,422.22,416.02,7817.4,7705.4,36.45,33.12,88.4,29.8,0.0,46.1,0,None
2023-10-23 18:00:00,Maharashtra,Western Region,451.59,450.64,8322.9,8201.0,2.25,19.19,95.36,31.2,0.0,43.3,0,None
2023-10-23 19:00:00,Maharashtra,Western Region,458.6,445.16,8537.7,8522.6,0.0,40.76,86.12,30.5,0.0,44.4,0,None
2023-10-23 20:00:00,Maharashtra,Western Region,393.69,392.85,7231.6,7033.6,0.0,49.5,97.16,26.6,0.0,40.7,0,None
2023-10-23 21:00:00,Maharashtra,Western Region,365.65,363.48,6751.0,6750.6,0.0,48.24,103.82,22.6,0.0,48.7,0,None
2023-10-23 22:00:00,Maharashtra,Western Region,350.04,343.36,6448.0,6346.0,0.0,29.39,91.87,24.3,0.0,44.3,0,None
2023-10-23 23:00:00,Maharashtra,Western Region,313.52,311.33,5796.2,5772.8,0.0,57.27,85.9,21.6,0.0,45.7,0,None
2023-10-24 00:00:00,Maharashtra,Western Region,257.81,253.55,4830.0,4680.8,0.0,34.12,89.68,23.9,0.0,37.2,1,Dussehra
2023-10-24 01:00:00,Maharashtra,Western Region,218.19,213.45,4029.5,3894.2,0.0,47.07,81.48,25.3,0.0,57.7,1,Dussehra
2023-10-24 02:00:00,Maharashtra,Western Region,225.95,225.87,4240.8,4079.0,0.0,46.32,93.94,23.1,0.0,53.4,1,Dussehra
2023-10-24 03:00:00,Maharashtra,Western Region,191.69,188.4,3527.6,3519.1,0.0,44.55,89.73,23.5,0.0,44.8,1,Dussehra
2023-10-24 04:00:00,Maharashtra,Western Region,208.73,208.02,3939.1,3904.9,0.0,36.08,103.1,19.2,0.0,50.6,1,Dussehra
2023-10-24 05:00:00,Maharashtra,Western Region,210.98,208.13,3902.8,3897.6,0.0,26.31,88.18,24.1,0.0,43.2,1,Dussehra
2023-10-24 06:00:00,Maharashtra,Western Region,280.35,276.87,5187.4,5040.0,0.0,29.97,94.3,26.4,0.0,60.8,1,Dussehra
2023-10-24 07:00:00,Maharashtra,Western Region,323.72,322.45,6052.6,5891.0,29.43,40.38,94.54,24.7,0.0,38.8,1,Dussehra
2023-10-24 08:00:00,Maharashtra,Western Region,362.85,361.97,6685.6,6536.1,54.17,24.68,87.96,26.6,0.0,43.0,1,Dussehra
2023-10-24 09:00:00,Maharashtra,Western Region,460.27,456.78,8594.6,8332.6,84.38,34.92,92.4,29.1,0.0,45.6,1,Dussehra
2023-10-24 10:00:00,Maharashtra,Western Region,496.86,482.31,9144.2,9115.0,104.09,37.32,101.1,29.2,0.0,27.8,1,Dussehra
2023-10-24 11:00:00,Maharashtra,Western Region,573.33,562.18,10679.0,10531.4,112.07,23.86,81.78,31.0,1.8,46.2,1,Dussehra
2023-10-24 12:00:00,Maharashtra,Western Region,470.14,467.1,8709.0,8634.6,109.76,1.34,90.29,28.0,0.0,47.2,1,Dussehra
2023-10-24 13:00:00,Maharashtra,Western Region,489.98,478.03,9025.8,9017.8,113.1,36.18,87.26,32.4,0.0,37.5,1,Dussehra
2023-10-24 14:00:00,Maharashtra,Western Region,447.13,440.72,8343.3,8068.8,112.04,24.0,99.52,29.4,0.1,46.6,1,Dussehra
2023-10-24 15:00:00,Maharashtra,Western Region,399.45,388.1,7413.0,7410.0,98.78,18.37,96.81,30.4,0.0,44.5,1,Dussehra
2023-10-24 16:00:00,Maharashtra,Western Region,411.92,407.26,7568.5,7290.5,65.42,25.78,85.85,30.8,0.0,46.0,1,Dussehra
2023-10-24 17:00:00,Maharashtra,Western Region,367.75,356.76,6832.8,6826.9,35.56,38.97,95.76,28.7,0.0,27.0,1,Dussehra
2023-10-24 18:00:00,Maharashtra,Western Region,379.99,372.49,7035.5,6948.8,0.0,37.42,91.46,29.0,0.0,47.2,1,Dussehra
2023-10-24 19:00:00,Maharashtra,Western Region,351.0,347.34,6506.7,6408.4,0.0,46.61,89.68,25.6,0.0,47.0,1,Dussehra
2023-10-24 20:00:00,Maharashtra,Western Region,323.97,323.41,5907.7,5858.2,0.0,45.08,89.13,27.1,0.0,50.3,1,Dussehra
2023-10-24 21:00:00,Maharashtra,Western Region,324.24,316.03,5958.7,5876.2,0.0,54.99,92.38,25.3,0.0,44.2,1,Dussehra
2023-10-24 22:00:00,Maharashtra,Western Region,309.1,302.2,5716.5,5707.4,0.0,46.69,91.2,25.7,0.0,41.5,1,Dussehra
2023-10-24 23:00:00,Maharashtra,Western Region,286.04,284.31,5345.4,5254.2,0.0,59.82,87.44,24.4,0.0,45.5,1,Dussehra
2023-10-25 00:00:00,Maharashtra,Western Region,305.96,300.38,5695.5,5688.0,0.0,62.01,89.27,22.2,0.0,53.0,0,None
2023-10-25 01:00:00,Maharashtra,Western Region,269.8,261.84,4905.9,4891.8,0.0,38.44,96.76,22.3,0.0,43.5,0,None
2023-10-25 02:00:00,Maharashtra,Western Region,240.56,238.11,4444.2,4297.8,0.0,36.65,95.65,22.4,0.0,38.6,0,None
2023-10-25 03:00:00,Maharashtra,Western Region,239.82,236.64,4446.7,4415.9,0.0,40.77,90.31,21.9,0.0,43.6,0,None
2023-10-25 04:00:00,Maharashtra,Western Region,248.13,242.81,4566.4,4489.1,0.0,53.32,78.09,24.2,0.0,49.5,0,None
2023-10-25 05:00:00,Maharashtra,Western Region,267.91,260.08,5013.8,4860.2,0.0,45.42,83.82,22.6,0.0,58.7,0,None
2023-10-25 06:00:00,Maharashtra,Western Region,309.31,301.08,5676.1,5658.5,4.6,46.51,91.04,25.3,0.0,53.1,0,None
2023-10-25 07:00:00,Maharashtra,Western Region,387.24,386.82,7191.8,7009.8,34.87,39.41,79.27,26.0,0.0,49.9,0,None
2023-10-25 08:00:00,Maharashtra,Western Region,442.84,435.1,8189.7,8023.6,62.49,28.16,93.87,26.2,0.0,39.7,0,None
2023-10-25 09:00:00,Maharashtra,Western Region,509.35,498.97,9400.7,9208.8,76.99,24.53,87.3,28.4,0.0,45.2,0,None
2023-10-25 10:00:00,Maharashtra,Western Region,547.14,544.62,10072.5,9672.8,103.6,28.42,83.79,29.6,0.0,43.5,0,None
2023-10-25 11:00:00,Maharashtra,Western Region,506.9,503.13,9364.8,9146.8,112.63,16.3,97.72,25.8,0.0,38.6,0,None
2023-10-25 12:00:00,Maharashtra,Western Region,542.2,541.89,10041.0,9728.0,119.32,18.19,92.47,31.0,0.0,34.2,0,None
2023-10-25 13:00:00,Maharashtra,Western Region,548.19,536.15,10167.0,10158.2,120.31,21.59,98.25,32.1,0.0,28.4,0,None
2023-10-25 14:00:00,Maharashtra,Western Region,508.93,500.79,9412.8,9092.1,104.17,21.5,84.16,31.3,0.0,45.8,0,None
2023-10-25 15:00:00,Maharashtra,Western Region,465.55,461.51,8529.5,8223.8,88.15,36.71,89.36,30.8,0.0,40.8,0,None
2023-10-25 16:00:00,Maharashtra,Western Region,429.36,418.24,7976.7,7889.6,64.88,18.06,88.98,29.1,0.0,48.8,0,None
2023-10-25 17:00:00,Maharashtra,Western Region,451.85,446.09,8401.0,8354.7,39.91,42.78,102.08,30.7,0.0,45.1,0,None
2023-10-25 18:00:00,Maharashtra,Western Region,393.07,388.21,7311.3,7295.7,0.0,29.09,82.94,28.1,0.0,41.2,0,None
2023-10-25 19:00:00,Maharashtra,Western Region,386.66,376.33,7095.2,6860.5,0.0,42.8,93.64,27.5,0.0,40.8,0,None
2023-10-25 20:00:00,Maharashtra,Western Region,400.35,389.49,7437.7,7382.5,0.0,43.91,91.76,27.5,0.0,43.3,0,None
2023-10-25 21:00:00,Maharashtra,Western Region,355.09,346.61,6627.4,6599.5,0.0,55.18,82.35,25.7,0.0,49.5,0,None
2023-10-25 22:00:00,Maharashtra,Western Region,381.54,379.87,7080.1,6929.2,0.0,50.58,91.6,24.6,0.0,38.6,0,None
2023-10-25 23:00:00,Maharashtra,Western Region,331.12,325.76,6064.4,5849.1,0.0,62.75,92.92,23.7,0.0,45.3,0,None
2023-10-26 00:00:00,Maharashtra,Western Region,261.29,258.6,4982.1,4832.1,0.0,37.9,85.46,24.0,0.0,47.6,0,None
2023-10-26 01:00:00,Maharashtra,Western Region,270.25,262.84,4993.6,4965.9,0.0,40.52,96.24,24.2,0.0,37.8,0,None
2023-10-26 02:00:00,Maharashtra,Western Region,265.38,263.01,4911.2,4878.8,0.0,51.14,89.26,22.8,0.0,41.8,0,None
2023-10-26 03:00:00,Maharashtra,Western Region,220.76,218.69,4049.9,3930.9,0.0,56.15,96.52,23.0,0.0,53.9,0,None
2023-10-26 04:00:00,Maharashtra,Western Region,231.05,226.65,4226.9,4152.9,0.0,56.9,101.27,19.5,0.0,23.7,0,None
2023-10-26 05:00:00,Maharashtra,Western Region,236.61,236.45,4291.1,4273.7,0.0,52.64,71.53,23.6,0.0,39.0,0,None
2023-10-26 06:00:00,Maharashtra,Western Region,302.31,294.09,5618.3,5436.3,0.0,47.78,83.0,23.6,0.0,54.4,0,None
2023-10-26 07:00:00,Maharashtra,Western Region,326.21,319.66,5983.0,5902.5,34.33,29.75,97.72,25.0,0.0,43.4,0,None
2023-10-26 08:00:00,Maharashtra,Western Region,398.19,393.63,7403.6,7317.1,61.16,25.47,92.72,24.2,0.0,63.8,0,None
2023-10-26 09:00:00,Maharashtra,Western Region,526.71,520.48,9641.0,9560.3,87.79,20.63,85.44,29.3,0.0,35.5,0,None
2023-10-26 10:00:00,Maharashtra,Western Region,456.76,452.63,8420.6,8252.5,103.14,39.99,101.39,26.5,0.0,45.3,0,None
2023-10-26 11:00:00,Maharashtra,Western Region,550.84,539.4,10196.4,10130.0,120.95,22.38,90.62,30.4,0.0,53.3,0,None
2023-10-26 12:00:00,Maharashtra,Western Region,564.64,552.11,10429.8,10390.0,116.66,35.46,84.51,30.1,0.0,45.3,0,None
2023-10-26 13:00:00,Maharashtra,Western Region,501.97,490.64,9333.9,9137.1,111.92,17.54,93.22,29.2,0.0,32.8,0,None
2023-10-26 14:00:00,Maharashtra,Western Region,502.75,489.01,9247.8,8889.8,106.5,15.09,88.81,31.6,0.0,51.3,0,None
2023-10-26 15:00:00,Maharashtra,Western Region,469.25,467.1,8720.8,8626.7,76.9,27.44,86.24,30.5,0.0,62.1,0,None
2023-10-26 16:00:00,Maharashtra,Western Region,452.71,448.89,8408.8,8170.8,60.26,36.22,73.66,32.0,0.0,38.5,0,None
2023-10-26 17:00:00,Maharashtra,Western Region,377.12,370.93,6998.9,6942.9,28.02,35.13,88.73,28.8,0.0,51.3,0,None
2023-10-26 18:00:00,Maharashtra,Western Region,388.29,383.15,7212.0,6998.0,0.0,44.02,97.09,28.9,0.0,61.8,0,None
2023-10-26 19:00:00,Maharashtra,Western Region,376.98,373.03,6900.0,6806.2,0.0,51.73,83.59,26.6,0.0,44.0,0,None
2023-10-26 20:00:00,Maharashtra,Western Region,385.42,376.57,7106.1,6887.5,0.0,48.24,90.5,27.9,0.0,43.0,0,None
2023-10-26 21:00:00,Maharashtra,Western Region,379.86,369.95,7028.2,6866.0,0.0,45.69,86.61,25.6,0.0,38.4,0,None
2023-10-26 22:00:00,Maharashtra,Western Region,343.57,343.09,6288.9,6063.3,0.0,43.33,92.13,25.2,0.0,40.4,0,None
2023-10-26 23:00:00,Maharashtra,Western Region,332.17,329.57,6122.7,6022.2,0.0,61.33,82.92,23.4,0.0,41.1,0,None
2023-10-27 00:00:00,Maharashtra,Western Region,296.48,294.74,5528.7,5323.9,0.0,52.84,92.74,22.4,0.0,59.7,0,None
2023-10-27 01:00:00,Maharashtra,Western Region,252.58,249.33,4589.1,4526.9,0.0,57.92,77.82,22.3,0.0,52.3,0,None
2023-10-27 02:00:00,Maharashtra,Western Region,240.15,238.87,4353.0,4276.0,0.0,44.37,97.83,22.2,0.0,51.7,0,None
2023-10-27 03:00:00,Maharashtra,Western Region,257.03,251.58,4712.9,4549.0,0.0,49.71,99.88,25.1,0.0,41.7,0,None
2023-10-27 04:00:00,Maharashtra,Western Region,260.46,257.29,4888.8,4705.5,0.0,52.74,86.73,23.3,0.0,43.9,0,None
2023-10-27 05:00:00,Maharashtra,Western Region,255.35,249.45,4675.0,4656.5,0.0,36.48,84.76,24.2,0.0,34.5,0,None
2023-10-27 06:00:00,Maharashtra,Western Region,318.89,318.08,5962.8,5751.4,0.0,42.92,98.57,27.7,0.0,35.4,0,None
2023-10-27 07:00:00,Maharashtra,Western Region,379.99,377.74,7032.3,6821.8,33.68,21.9,97.55,25.9,0.1,61.3,0,None
2023-10-27 08:00:00,Maharashtra,Western Region,435.84,424.17,7986.5,7875.9,62.39,20.14,81.91,26.8,0.0,57.8,0,None
2023-10-27 09:00:00,Maharashtra,Western Region,471.27,469.0,8790.1,8523.6,81.32,30.92,85.56,25.9,0.0,50.8,0,None
2023-10-27 10:00:00,Maharashtra,Western Region,464.43,453.38,8537.0,8320.4,98.97,21.67,94.67,25.6,0.0,47.1,0,None
2023-10-27 11:00:00,Maharashtra,Western Region,533.84,533.48,9930.5,9780.2,111.1,24.35,93.36,29.3,0.0,55.7,0,None
2023-10-27 12:00:00,Maharashtra,Western Region,612.17,594.22,11328.7,11054.7,120.39,29.77,95.01,32.4,0.0,50.0,0,None
2023-10-27 13:00:00,Maharashtra,Western Region,518.02,507.78,9562.1,9492.6,113.39,25.2,97.36,30.6,0.0,45.4,0,None
2023-10-27 14:00:00,Maharashtra,Western Region,534.63,526.58,9885.6,9507.3,95.07,17.88,89.96,31.9,0.0,26.3,0,None
2023-10-27 15:00:00,Maharashtra,Western Region,460.09,453.61,8556.6,8307.4,84.78,28.72,94.29,30.4,0.0,48.7,0,None
2023-10-27 16:00:00,Maharashtra,Western Region,426.92,418.3,7863.5,7710.8,58.71,28.4,104.93,29.5,0.0,55.9,0,None
2023-10-27 17:00:00,Maharashtra,Western Region,424.05,423.04,7870.5,7715.1,24.68,27.63,87.49,31.0,0.0,55.5,0,None
2023-10-27 18:00:00,Maharashtra,Western Region,418.34,414.63,7724.5,7555.8,0.0,35.11,80.62,29.4,0.0,48.1,0,None
2023-10-27 19:00:00,Maharashtra,Western Region,418.16,407.57,7740.8,7562.8,0.0,41.0,81.65,28.7,0.0,50.3,0,None
2023-10-27 20:00:00,Maharashtra,Western Region,332.24,324.05,6242.6,6176.8,0.0,41.27,89.06,23.3,0.0,60.2,0,None
2023-10-27 21:00:00,Maharashtra,Western Region,352.27,347.36,6544.3,6482.5,0.0,44.18,90.76,25.1,0.0,49.9,0,None
2023-10-27 22:00:00,Maharashtra,Western Region,342.44,340.03,6393.7,6176.3,0.0,57.95,92.86,24.1,0.0,33.4,0,None
2023-10-27 23:00:00,Maharashtra,Western Region,290.68,286.02,5445.6,5412.6,0.0,59.14,88.02,24.9,0.0,35.7,0,None
2023-10-28 00:00:00,Maharashtra,Western Region,315.84,311.78,5935.5,5823.4,0.0,32.28,93.42,25.1,0.0,44.7,0,None
2023-10-28 01:00:00,Maharashtra,Western Region,244.78,242.35,4489.0,4436.5,0.0,38.2,88.06,24.4,0.0,44.2,0,None
2023-10-28 02:00:00,Maharashtra,Western Region,243.94,242.43,4658.8,4604.3,0.0,62.06,84.44,24.2,0.0,40.7,0,None
2023-10-28 03:00:00,Maharashtra,Western Region,208.64,203.55,3880.0,3793.8,0.0,51.88,82.96,23.0,4.4,46.5,0,None
2023-10-28 04:00:00,Maharashtra,Western Region,232.45,226.51,4218.0,4156.9,0.0,42.33,90.22,21.2,0.3,53.3,0,None
2023-10-28 05:00:00,Maharashtra,Western Region,279.48,277.42,5212.6,5198.9,0.0,29.5,91.07,23.6,0.0,48.6,0,None
2023-10-28 06:00:00,Maharashtra,Western Region,293.71,293.1,5358.9,5336.8,0.0,33.71,88.87,24.0,0.0,63.3,0,None
2023-10-28 07:00:00,Maharashtra,Western Region,353.54,347.82,6519.9,6342.5,36.37,44.5,87.43,25.8,0.0,29.6,0,None
2023-10-28 08:00:00,Maharashtra,Western Region,488.98,487.6,9006.9,8674.8,56.35,37.12,91.38,29.0,0.0,48.8,0,None
2023-10-28 09:00:00,Maharashtra,Western Region,501.01,496.15,9250.0,9119.7,88.32,20.31,97.33,28.7,0.0,27.9,0,None
2023-10-28 10:00:00,Maharashtra,Western Region,531.96,527.08,9862.7,9720.1,106.5,20.35,86.73,27.8,1.5,35.0,0,None
2023-10-28 11:00:00,Maharashtra,Western Region,558.05,551.68,10298.1,10296.3,117.46,29.31,83.99,29.8,0.0,62.9,0,None
2023-10-28 12:00:00,Maharashtra,Western Region,609.14,603.21,11258.5,11242.6,112.46,18.19,90.72,32.6,0.0,45.0,0,None
2023-10-28 13:00:00,Maharashtra,Western Region,488.84,481.9,8997.5,8706.7,117.49,18.98,86.65,29.2,0.0,48.8,0,None
2023-10-28 14:00:00,Maharashtra,Western Region,506.17,496.08,9385.0,9322.2,106.06,19.86,93.65,32.2,0.0,34.8,0,None
2023-10-28 15:00:00,Maharashtra,Western Region,508.54,498.19,9377.1,9228.5,82.08,20.13,78.55,32.6,0.0,50.0,0,None
2023-10-28 16:00:00,Maharashtra,Western Region,398.0,395.5,7367.6,7115.6,52.6,27.58,88.07,27.8,0.0,41.7,0,None
2023-10-28 17:00:00,Maharashtra,Western Region,499.95,486.79,9214.7,9205.2,25.59,22.23,90.26,33.2,0.0,51.8,0,None
2023-10-28 18:00:00,Maharashtra,Western Region,386.28,378.55,7150.0,6883.1,0.0,36.13,81.57,28.2,0.0,52.4,0,None
2023-10-28 19:00:00,Maharashtra,Western Region,418.01,416.88,7739.7,7707.6,0.0,31.52,92.9,29.0,0.0,49.1,0,None
2023-10-28 20:00:00,Maharashtra,Western Region,364.97,358.62,6835.0,6830.3,0.0,41.58,93.12,26.8,0.0,47.6,0,None
2023-10-28 21:00:00,Maharashtra,Western Region,393.65,392.34,7324.2,7065.4,0.0,54.06,92.09,28.1,0.1,41.5,0,None
2023-10-28 22:00:00,Maharashtra,Western Region,335.33,334.73,6222.1,6006.0,0.0,35.8,95.12,23.9,0.0,45.2,0,None
2023-10-28 23:00:00,Maharashtra,Western Region,332.19,325.31,6144.1,6080.4,0.0,45.35,88.91,23.2,0.0,53.3,0,None
2023-10-29 00:00:00,Maharashtra,Western Region,250.19,246.58,4644.7,4608.4,0.0,53.46,91.29,23.9,0.0,34.6,1,None
2023-10-29 01:00:00,Maharashtra,Western Region,265.29,262.49,4967.8,4965.0,0.0,59.03,97.75,22.5,0.0,38.0,1,None
2023-10-29 02:00:00,Maharashtra,Western Region,216.6,213.34,3972.7,3909.9,0.0,61.51,86.69,23.8,0.0,41.5,1,None
2023-10-29 03:00:00,Maharashtra,Western Region,200.3,199.88,3599.4,3497.5,0.0,47.71,105.27,21.7,0.0,52.9,1,None
2023-10-29 04:00:00,Maharashtra,Western Region,179.47,174.23,3311.6,3288.5,0.0,49.19,90.2,23.9,0.0,32.2,1,None
2023-10-29 05:00:00,Maharashtra,Western Region,214.29,210.28,4004.6,3968.7,0.0,37.4,90.66,24.5,0.0,49.2,1,None
2023-10-29 06:00:00,Maharashtra,Western Region,304.1,296.35,5684.7,5573.8,0.0,40.71,86.67,26.2,0.0,33.0,1,None
2023-10-29 07:00:00,Maharashtra,Western Region,310.08,305.9,5707.4,5683.1,24.11,34.46,88.52,24.9,0.0,43.5,1,None
2023-10-29 08:00:00,Maharashtra,Western Region,329.22,328.37,6090.9,5961.3,62.17,15.66,82.88,24.3,0.0,37.8,1,None
2023-10-29 09:00:00,Maharashtra,Western Region,406.53,395.85,7575.7,7336.0,87.31,19.1,102.38,26.3,0.0,42.0,1,None
2023-10-29 10:00:00,Maharashtra,Western Region,507.41,499.93,9464.0,9225.4,90.01,27.85,94.41,29.5,0.0,44.6,1,None
2023-10-29 11:00:00,Maharashtra,Western Region,530.63,527.84,9813.7,9487.3,109.02,18.35,97.28,31.6,0.0,45.4,1,None
2023-10-29 12:00:00,Maharashtra,Western Region,453.87,450.91,8463.5,8316.2,118.66,11.54,91.41,26.9,0.0,37.2,1,None
2023-10-29 13:00:00,Maharashtra,Western Region,472.41,471.99,8821.6,8768.6,121.86,18.88,95.36,28.9,0.0,38.1,1,None
2023-10-29 14:00:00,Maharashtra,Western Region,451.86,446.25,8269.4,8138.1,98.7,15.92,94.44,31.7,0.0,52.1,1,None
2023-10-29 15:00:00,Maharashtra,Western Region,430.19,421.91,7911.5,7726.1,80.47,14.22,89.77,31.5,0.0,47.9,1,None
2023-10-29 16:00:00,Maharashtra,Western Region,400.4,388.64,7422.2,7387.4,62.05,14.04,81.31,30.6,0.0,55.2,1,None
2023-10-29 17:00:00,Maharashtra,Western Region,395.13,392.91,7301.7,7203.5,29.05,23.27,99.56,31.7,0.0,48.7,1,None
2023-10-29 18:00:00,Maharashtra,Western Region,385.73,382.01,7154.6,6926.8,0.0,42.7,84.92,31.5,0.0,49.2,1,None
2023-10-29 19:00:00,Maharashtra,Western Region,331.74,325.9,6150.8,5947.4,0.0,32.89,85.2,28.2,0.1,47.8,1,None
2023-10-29 20:00:00,Maharashtra,Western Region,363.46,357.72,6676.0,6633.0,0.0,41.79,92.48,28.2,0.0,59.9,1,None
2023-10-29 21:00:00,Maharashtra,Western Region,327.37,325.24,6106.5,6079.4,0.0,41.08,87.09,24.8,0.0,49.3,1,None
2023-10-29 22:00:00,Maharashtra,Western Region,323.72,317.83,6005.7,5935.6,0.0,36.32,90.77,26.0,0.0,33.0,1,None
2023-10-29 23:00:00,Maharashtra,Western Region,264.04,261.94,4840.2,4670.0,0.0,49.41,84.14,24.8,0.0,27.9,1,None
2023-10-30 00:00:00,Maharashtra,Western Region,282.52,275.61,5328.8,5219.3,0.0,42.05,84.45,22.1,0.0,41.8,0,None
2023-10-30 01:00:00,Maharashtra,Western Region,258.35,252.9,4797.0,4783.7,0.0,39.35,78.3,22.3,0.0,53.1,0,None
2023-10-30 02:00:00,Maharashtra,Western Region,233.95,228.75,4396.8,4359.5,0.0,58.71,92.14,22.4,0.0,46.4,0,None
2023-10-30 03:00:00,Maharashtra,Western Region,211.5,208.43,3932.4,3873.5,0.0,40.17,91.04,23.0,0.0,50.3,0,None
2023-10-30 04:00:00,Maharashtra,Western Region,223.2,219.74,4089.6,4033.2,0.0,41.49,82.78,25.4,0.0,43.4,0,None
2023-10-30 05:00:00,Maharashtra,Western Region,258.73,253.81,4795.4,4764.8,0.0,33.94,91.82,24.4,0.0,50.5,0,None
2023-10-30 06:00:00,Maharashtra,Western Region,280.45,277.24,5158.9,5023.5,3.62,39.58,84.15,24.6,0.0,25.9,0,None
2023-10-30 07:00:00,Maharashtra,Western Region,395.27,388.35,7257.3,7082.9,23.85,23.18,104.7,26.4,0.0,45.3,0,None
2023-10-30 08:00:00,Maharashtra,Western Region,438.81,432.49,8063.1,7932.3,69.19,12.94,92.79,26.3,0.0,46.3,0,None
2023-10-30 09:00:00,Maharashtra,Western Region,519.87,506.81,9669.1,9515.0,89.11,27.09,86.57,29.4,0.0,32.2,0,None
2023-10-30 10:00:00,Maharashtra,Western Region,491.5,487.05,9149.8,8994.5,94.61,20.37,87.85,26.9,0.0,38.7,0,None
2023-10-30 11:00:00,Maharashtra,Western Region,571.25,558.49,10543.7,10332.4,114.39,26.65,88.16,30.9,0.0,22.6,0,None
2023-10-30 12:00:00,Maharashtra,Western Region,536.82,535.82,9967.5,9660.7,128.57,17.95,87.52,28.4,0.0,48.2,0,None
2023-10-30 13:00:00,Maharashtra,Western Region,561.89,554.14,10436.7,10373.4,119.48,3.85,87.07,30.8,0.0,42.6,0,None
2023-10-30 14:00:00,Maharashtra,Western Region,501.62,495.47,9381.1,9306.9,99.28,24.07,92.93,31.2,0.0,40.1,0,None
2023-10-30 15:00:00,Maharashtra,Western Region,476.15,462.95,8747.3,8587.9,85.55,34.13,102.07,29.8,0.0,45.4,0,None
2023-10-30 16:00:00,Maharashtra,Western Region,432.26,429.04,8073.6,7784.7,56.92,36.32,88.09,30.8,0.0,61.6,0,None
2023-10-30 17:00:00,Maharashtra,Western Region,443.0,431.12,8243.7,8027.5,26.32,20.55,80.34,31.1,0.0,48.7,0,None
2023-10-30 18:00:00,Maharashtra,Western Region,381.57,371.96,7116.6,7026.7,0.0,46.8,93.08,28.7,0.0,47.5,0,None
2023-10-30 19:00:00,Maharashtra,Western Region,386.09,376.09,7120.5,6978.4,0.0,40.21,85.76,27.2,0.0,50.4,0,None
2023-10-30 20:00:00,Maharashtra,Western Region,350.27,343.7,6475.9,6389.2,0.0,40.53,83.57,27.0,0.0,40.6,0,None
2023-10-30 21:00:00,Maharashtra,Western Region,336.1,328.23,6204.6,6169.2,0.0,48.17,89.68,24.7,0.0,46.7,0,None
2023-10-30 22:00:00,Maharashtra,Western Region,328.34,322.69,6164.5,5936.6,0.0,49.83,85.63,25.1,0.0,45.8,0,None
2023-10-30 23:00:00,Maharashtra,Western Region,315.31,309.82,5789.5,5774.0,0.0,50.69,89.34,25.2,0.0,40.2,0,None
2023-10-31 00:00:00,Maharashtra,Western Region,277.2,276.94,5177.8,5156.5,0.0,37.1,89.57,23.8,0.0,33.5,0,None
2023-10-31 01:00:00,Maharashtra,Western Region,261.6,256.73,4825.5,4817.8,0.0,61.27,92.49,24.5,0.0,30.2,0,None
2023-10-31 02:00:00,Maharashtra,Western Region,259.03,258.04,4822.8,4765.7,0.0,42.38,84.81,22.2,0.0,30.6,0,None
2023-10-31 03:00:00,Maharashtra,Western Region,217.64,214.7,3986.5,3979.6,0.0,58.07,88.5,25.4,0.0,46.3,0,None
2023-10-31 04:00:00,Maharashtra,Western Region,222.1,219.67,4120.1,3983.3,0.0,58.27,93.9,24.7,0.0,33.8,0,None
2023-10-31 05:00:00,Maharashtra,Western Region,281.07,277.41,5312.5,5116.7,0.0,41.77,83.14,25.5,0.0,51.0,0,None
2023-10-31 06:00:00,Maharashtra,Western Region,363.45,357.84,6777.3,6519.9,0.0,31.76,87.7,29.2,0.0,45.9,0,None
2023-10-31 07:00:00,Maharashtra,Western Region,402.67,394.22,7397.0,7150.6,31.62,42.13,97.29,27.9,0.1,44.2,0,None
2023-10-31 08:00:00,Maharashtra,Western Region,411.6,406.62,7552.5,7315.4,59.53,21.29,83.37,25.7,0.0,46.7,0,None
2023-10-31 09:00:00,Maharashtra,Western Region,490.09,487.98,9114.9,9064.6,79.9,24.06,98.16,27.7,0.0,45.0,0,None
2023-10-31 10:00:00,Maharashtra,Western Region,551.87,543.59,10220.2,9883.8,110.95,10.16,80.05,29.3,0.0,37.2,0,None
2023-10-31 11:00:00,Maharashtra,Western Region,566.12,552.76,10554.3,10463.2,121.2,12.43,76.26,29.2,0.0,38.7,0,None
2023-10-31 12:00:00,Maharashtra,Western Region,573.54,572.64,10530.9,10303.9,118.25,26.58,85.15,31.9,0.0,45.0,0,None
2023-10-31 13:00:00,Maharashtra,Western Region,556.69,540.63,10311.7,10073.4,119.7,17.57,78.78,31.4,0.0,58.7,0,None
2023-10-31 14:00:00,Maharashtra,Western Region,505.55,496.76,9334.4,9310.2,105.29,29.6,87.09,31.0,0.0,33.2,0,None
2023-10-31 15:00:00,Maharashtra,Western Region,492.55,478.32,9168.9,9105.8,91.63,32.36,97.12,32.2,0.0,52.9,0,None
2023-10-31 16:00:00,Maharashtra,Western Region,461.47,452.82,8485.3,8330.6,58.62,15.0,88.92,30.6,0.0,54.3,0,None
2023-10-31 17:00:00,Maharashtra,Western Region,431.26,426.73,8027.5,7890.2,36.54,29.42,97.52,31.7,0.0,38.7,0,None
2023-10-31 18:00:00,Maharashtra,Western Region,424.1,415.63,7848.0,7654.7,3.62,37.75,89.21,28.8,0.0,49.0,0,None
2023-10-31 19:00:00,Maharashtra,Western Region,391.12,382.16,7171.5,6889.5,0.0,38.94,98.21,27.9,0.0,41.2,0,None
2023-10-31 20:00:00,Maharashtra,Western Region,359.13,348.41,6670.3,6598.6,0.0,41.06,82.37,23.8,0.0,50.4,0,None
2023-10-31 21:00:00,Maharashtra,Western Region,362.92,357.91,6757.2,6531.3,0.0,28.33,85.09,26.1,0.0,38.8,0,None
2023-10-31 22:00:00,Maharashtra,Western Region,324.29,323.28,6051.3,5858.6,0.0,50.18,84.54,24.9,0.0,53.1,0,None
2023-10-31 23:00:00,Maharashtra,Western Region,337.75,330.64,6205.0,5972.2,0.0,44.47,100.47,24.6,0.0,49.8,0,None
2023-11-01 00:00:00,Maharashtra,Western Region,266.79,263.64,4952.9,4810.7,0.0,42.61,42.81,24.8,0.0,38.5,0,None
2023-11-01 01:00:00,Maharashtra,Western Region,238.3,236.04,4382.0,4358.7,0.0,41.19,53.07,22.1,0.0,40.9,0,None
2023-11-01 02:00:00,Maharashtra,Western Region,247.56,245.97,4585.5,4560.1,0.0,43.83,49.66,20.9,0.0,29.6,0,None
2023-11-01 03:00:00,Maharashtra,Western Region,223.49,218.75,4144.9,4084.9,0.0,43.82,45.79,23.9,0.0,34.1,0,None
2023-11-01 04:00:00,Maharashtra,Western Region,239.65,238.67,4434.6,4257.9,0.0,50.16,39.35,21.8,0.0,45.0,0,None
2023-11-01 05:00:00,Maharashtra,Western Region,286.53,280.22,5320.2,5185.8,0.0,35.5,51.98,26.6,0.0,46.9,0,None
2023-11-01 06:00:00,Maharashtra,Western Region,326.23,324.52,6061.9,6046.1,10.38,38.62,47.96,26.5,0.0,47.0,0,None
2023-11-01 07:00:00,Maharashtra,Western Region,354.52,350.23,6514.1,6472.6,31.19,25.37,50.85,23.6,0.0,37.7,0,None
2023-11-01 08:00:00,Maharashtra,Western Region,388.42,378.86,7177.8,7073.3,59.99,18.16,46.23,24.5,0.0,45.7,0,None
2023-11-01 09:00:00,Maharashtra,Western Region,446.1,434.49,8249.2,7919.7,90.89,25.42,56.47,26.2,0.0,36.9,0,None
2023-11-01 10:00:00,Maharashtra,Western Region,506.27,502.86,9368.5,9045.8,106.99,30.9,46.08,27.4,0.0,51.7,0,None
2023-11-01 11:00:00,Maharashtra,Western Region,600.94,593.08,11018.9,10864.5,116.94,7.38,48.85,31.0,0.0,40.4,0,None
2023-11-01 12:00:00,Maharashtra,Western Region,582.99,577.95,10787.5,10682.1,125.82,25.78,49.31,30.8,0.0,44.1,0,None
2023-11-01 13:00:00,Maharashtra,Western Region,542.81,535.98,10073.7,10070.0,111.85,22.46,45.65,30.8,0.0,31.4,0,None
2023-11-01 14:00:00,Maharashtra,Western Region,470.24,465.39,8741.1,8551.7,106.3,22.18,41.19,27.9,0.0,49.5,0,None
2023-11-01 15:00:00,Maharashtra,Western Region,504.33,490.47,9358.6,9171.1,88.39,28.16,39.97,33.0,0.0,53.1,0,None
2023-11-01 16:00:00,Maharashtra,Western Region,403.47,391.6,7405.6,7260.0,59.87,13.68,52.55,30.2,0.0,52.2,0,None
2023-11-01 17:00:00,Maharashtra,Western Region,447.22,441.58,8254.1,8223.2,39.01,23.54,52.97,30.4,0.0,51.7,0,None
2023-11-01 18:00:00,Maharashtra,Western Region,387.78,378.66,7201.3,6971.7,0.0,31.7,41.03,27.4,0.3,43.7,0,None
2023-11-01 19:00:00,Maharashtra,Western Region,408.43,396.5,7580.0,7492.2,0.0,28.13,52.96,28.3,0.0,45.7,0,None
2023-11-01 20:00:00,Maharashtra,Western Region,370.03,369.12,6846.0,6760.2,0.0,46.89,37.44,24.6,0.0,36.8,0,None
2023-11-01 21:00:00,Maharashtra,Western Region,400.63,394.13,7463.9,7400.4,0.0,36.85,51.86,27.3,0.0,35.7,0,None
2023-11-01 22:00:00,Maharashtra,Western Region,360.1,356.9,6675.5,6666.7,0.0,46.58,51.65,25.8,0.3,49.7,0,None
2023-11-01 23:00:00,Maharashtra,Western Region,297.78,290.94,5382.2,5305.7,0.0,40.84,57.95,22.5,0.0,39.8,0,None
2023-11-02 00:00:00,Maharashtra,Western Region,299.36,298.97,5539.0,5376.8,0.0,37.46,55.29,23.8,0.0,47.6,0,None
2023-11-02 01:00:00,Maharashtra,Western Region,279.07,274.26,5172.0,4980.6,0.0,53.32,51.65,23.0,0.5,49.0,0,None
2023-11-02 02:00:00,Maharashtra,Western Region,248.53,241.15,4631.4,4573.3,0.0,49.42,54.13,22.5,0.0,51.1,0,None
2023-11-02 03:00:00,Maharashtra,Western Region,242.26,239.75,4409.2,4242.4,0.0,43.78,47.27,22.5,0.0,39.1,0,None
2023-11-02 04:00:00,Maharashtra,Western Region,244.57,243.91,4607.9,4559.1,0.0,33.38,48.0,25.2,0.0,46.7,0,None
2023-11-02 05:00:00,Maharashtra,Western Region,263.61,257.75,4901.5,4894.2,0.0,38.85,45.86,23.5,0.0,48.7,0,None
2023-11-02 06:00:00,Maharashtra,Western Region,337.65,329.93,6276.9,6068.4,0.0,28.28,49.93,26.1,0.0,52.0,0,None
2023-11-02 07:00:00,Maharashtra,Western Region,330.19,320.97,6125.6,6059.8,37.21,6.33,52.02,24.1,0.0,58.0,0,None
2023-11-02 08:00:00,Maharashtra,Western Region,393.39,392.05,7188.1,6956.9,57.07,29.89,33.94,26.1,0.0,38.7,0,None
2023-11-02 09:00:00,Maharashtra,Western Region,471.04,458.58,8716.0,8462.3,82.69,29.77,45.14,27.8,0.0,40.0,0,None
2023-11-02 10:00:00,Maharashtra,Western Region,538.87,525.27,9999.6,9986.3,102.17,35.69,52.43,29.6,0.0,52.4,0,None
2023-11-02 11:00:00,Maharashtra,Western Region,574.48,564.67,10566.4,10343.2,118.27,0.0,46.46,29.6,0.0,34.2,0,None
2023-11-02 12:00:00,Maharashtra,Western Region,551.69,547.53,10172.1,9785.5,121.95,24.82,48.43,29.0,0.0,49.7,0,None
2023-11-02 13:00:00,Maharashtra,Western Region,573.85,566.29,10571.0,10251.3,123.45,25.18,49.75,31.3,0.0,35.0,0,None
2023-11-02 14:00:00,Maharashtra,Western Region,492.59,484.4,9081.8,9005.1,98.19,27.52,52.28,31.7,0.0,54.2,0,None
2023-11-02 15:00:00,Maharashtra,Western Region,498.49,493.34,9197.9,8848.5,84.1,21.88,49.61,34.2,0.1,48.6,0,None
2023-11-02 16:00:00,Maharashtra,Western Region,444.99,439.2,8222.9,8210.0,70.15,21.58,55.88,31.7,0.0,51.5,0,None
2023-11-02 17:00:00,Maharashtra,Western Region,418.8,407.4,7745.5,7596.8,34.64,21.75,44.68,30.4,0.0,43.6,0,None
2023-11-02 18:00:00,Maharashtra,Western Region,436.89,424.95,8113.3,7979.7,5.29,33.07,42.92,30.5,0.0,53.9,0,None
2023-11-02 19:00:00,Maharashtra,Western Region,428.57,417.45,7962.8,7931.8,0.0,23.62,49.75,29.9,0.0,53.4,0,None
2023-11-02 20:00:00,Maharashtra,Western Region,369.53,368.22,6772.2,6653.5,0.0,43.1,51.54,25.9,0.0,36.8,0,None
2023-11-02 21:00:00,Maharashtra,Western Region,340.39,334.71,6374.7,6201.5,0.0,42.66,45.21,25.4,0.0,39.4,0,None
2023-11-02 22:00:00,Maharashtra,Western Region,355.82,346.14,6501.7,6248.5,0.0,51.59,53.55,24.7,0.0,54.8,0,None
2023-11-02 23:00:00,Maharashtra,Western Region,353.62,344.11,6598.9,6505.2,0.0,48.46,60.05,25.8,0.0,31.4,0,None
2023-11-03 00:00:00,Maharashtra,Western Region,284.81,282.86,5290.8,5252.2,0.0,41.55,52.62,20.0,0.0,46.7,0,None
2023-11-03 01:00:00,Maharashtra,Western Region,262.8,261.13,4804.6,4650.7,0.0,40.08,55.77,23.0,0.0,50.6,0,None
2023-11-03 02:00:00,Maharashtra,Western Region,246.14,243.91,4553.4,4509.5,0.0,50.81,44.6,22.5,0.0,50.7,0,None
2023-11-03 03:00:00,Maharashtra,Western Region,213.02,211.71,3870.1,3862.9,0.0,56.48,47.22,24.1,0.0,37.8,0,None
2023-11-03 04:00:00,Maharashtra,Western Region,196.53,193.42,3649.5,3550.0,0.0,45.61,52.69,23.9,0.0,53.1,0,None
2023-11-03 05:00:00,Maharashtra,Western Region,302.94,293.91,5564.0,5486.7,0.0,35.18,56.48,25.2,0.0,47.6,0,None
2023-11-03 06:00:00,Maharashtra,Western Region,330.9,324.91,6106.6,5977.3,0.0,40.62,50.19,25.2,0.0,45.0,0,None
2023-11-03 07:00:00,Maharashtra,Western Region,363.37,358.02,6808.1,6764.0,31.67,26.06,37.47,24.9,0.1,45.0,0,None
2023-11-03 08:00:00,Maharashtra,Western Region,428.34,427.77,7952.7,7775.1,66.67,29.28,46.97,26.8,0.0,54.9,0,None
2023-11-03 09:00:00,Maharashtra,Western Region,538.16,535.02,9872.3,9572.5,88.34,22.98,48.5,29.1,0.0,44.9,0,None
2023-11-03 10:00:00,Maharashtra,Western Region,563.4,560.19,10459.8,10063.4,109.85,25.75,50.9,29.5,0.0,47.0,0,None
2023-11-03 11:00:00,Maharashtra,Western Region,476.96,475.42,8871.4,8812.9,110.17,17.52,55.34,25.9,0.0,37.5,0,None
2023-11-03 12:00:00,Maharashtra,Western Region,572.7,565.9,10531.6,10435.5,122.16,9.06,49.28,31.6,0.0,36.6,0,None
2023-11-03 13:00:00,Maharashtra,Western Region,528.2,514.73,9885.7,9511.6,120.3,32.4,49.84,29.2,0.0,50.7,0,None
2023-11-03 14:00:00,Maharashtra,Western Region,483.32,478.33,8899.4,8793.9,98.62,9.34,50.27,30.0,0.0,41.3,0,None
2023-11-03 15:00:00,Maharashtra,Western Region,465.37,460.03,8557.1,8227.6,83.66,27.27,48.58,30.3,0.0,46.6,0,None
2023-11-03 16:00:00,Maharashtra,Western Region,485.85,483.74,9004.8,8768.7,59.31,42.38,47.62,32.8,0.0,52.1,0,None
2023-11-03 17:00:00,Maharashtra,Western Region,423.6,417.13,7793.4,7616.3,32.0,27.53,55.89,31.5,0.0,51.7,0,None
2023-11-03 18:00:00,Maharashtra,Western Region,368.73,358.46,6779.0,6559.1,0.0,46.29,57.86,25.8,0.0,54.6,0,None
2023-11-03 19:00:00,Maharashtra,Western Region,408.22,402.08,7609.3,7337.5,0.0,38.63,52.45,28.6,0.0,48.1,0,None
2023-11-03 20:00:00,Maharashtra,Western Region,376.78,370.88,7010.7,6888.0,0.0,51.83,47.86,25.8,0.0,55.7,0,None
2023-11-03 21:00:00,Maharashtra,Western Region,368.12,359.14,6878.2,6810.8,0.0,37.31,54.77,27.4,0.0,37.5,0,None
2023-11-03 22:00:00,Maharashtra,Western Region,348.91,338.69,6452.2,6437.0,0.0,38.01,59.19,24.0,0.0,40.7,0,None
2023-11-03 23:00:00,Maharashtra,Western Region,311.91,311.62,5760.9,5738.4,0.0,50.69,52.12,23.0,0.0,45.5,0,None
2023-11-04 00:00:00,Maharashtra,Western Region,280.32,277.88,5113.0,5078.7,0.0,53.15,60.12,22.4,0.0,50.1,0,None
2023-11-04 01:00:00,Maharashtra,Western Region,235.41,231.25,4306.1,4164.8,0.0,61.63,48.54,24.8,0.0,42.5,0,None
2023-11-04 02:00:00,Maharashtra,Western Region,223.17,221.81,4158.3,4008.0,0.0,50.05,36.38,25.4,0.1,43.2,0,None
2023-11-04 03:00:00,Maharashtra,Western Region,234.37,232.66,4197.5,4043.8,0.0,44.96,50.63,22.2,0.0,53.9,0,None
2023-11-04 04:00:00,Maharashtra,Western Region,247.32,242.96,4584.6,4414.0,0.0,34.53,47.1,24.1,0.0,46.5,0,None
2023-11-04 05:00:00,Maharashtra,Western Region,277.33,270.24,5132.1,4932.2,0.0,25.54,54.2,22.8,0.0,61.6,0,None
2023-11-04 06:00:00,Maharashtra,Western Region,327.95,325.14,5982.8,5898.5,5.11,21.0,41.19,25.5,0.7,47.7,0,None
2023-11-04 07:00:00,Maharashtra,Western Region,368.14,363.47,6825.5,6554.8,30.92,34.95,50.95,27.2,0.0,37.0,0,None
2023-11-04 08:00:00,Maharashtra,Western Region,360.95,354.81,6688.8,6596.1,63.76,29.45,40.98,24.6,0.0,40.0,0,None
2023-11-04 09:00:00,Maharashtra,Western Region,457.63,446.72,8495.6,8157.0,83.68,26.4,41.8,27.3,0.0,52.2,0,None
2023-11-04 10:00:00,Maharashtra,Western Region,487.49,477.28,9054.3,8729.4,101.36,35.42,47.66,26.6,0.0,50.1,0,None
2023-11-04 11:00:00,Maharashtra,Western Region,543.17,529.25,10042.4,9764.2,110.19,5.07,40.11,30.3,0.0,48.0,0,None
2023-11-04 12:00:00,Maharashtra,Western Region,492.21,488.65,9092.8,8865.7,119.05,30.07,49.16,27.2,0.0,39.6,0,None
2023-11-04 13:00:00,Maharashtra,Western Region,516.43,509.88,9566.6,9421.3,114.62,31.8,43.65,30.4,0.0,48.6,0,None
2023-11-04 14:00:00,Maharashtra,Western Region,501.5,489.96,9281.3,9269.0,107.89,12.35,44.32,32.3,0.0,51.7,0,None
2023-11-04 15:00:00,Maharashtra,Western Region,482.79,470.9,8943.9,8745.7,90.18,38.48,50.04,31.5,0.0,45.9,0,None
2023-11-04 16:00:00,Maharashtra,Western Region,442.53,440.29,8185.7,8032.3,53.32,27.77,61.54,29.8,0.0,57.6,0,None
2023-11-04 17:00:00,Maharashtra,Western Region,443.01,429.95,8231.2,8207.5,33.43,47.02,52.11,31.8,0.0,47.7,0,None
2023-11-04 18:00:00,Maharashtra,Western Region,388.15,386.59,7183.8,7027.7,7.49,34.37,39.94,28.8,0.0,49.4,0,None
2023-11-04 19:00:00,Maharashtra,Western Region,400.59,393.73,7415.9,7311.5,0.0,44.62,42.38,27.7,0.0,51.7,0,None
2023-11-04 20:00:00,Maharashtra,Western Region,341.67,333.3,6414.3,6309.7,0.0,54.66,42.09,25.5,0.0,54.3,0,None
2023-11-04 21:00:00,Maharashtra,Western Region,336.81,334.71,6221.5,6139.2,0.0,54.95,55.41,23.8,0.0,33.2,0,None
2023-11-04 22:00:00,Maharashtra,Western Region,342.17,333.98,6330.5,6289.6,0.0,40.83,43.94,24.1,0.0,53.1,0,None
2023-11-04 23:00:00,Maharashtra,Western Region,317.14,311.26,5850.7,5783.8,0.0,43.26,51.97,26.1,0.0,34.4,0,None
2023-11-05 00:00:00,Maharashtra,Western Region,256.32,251.57,4687.3,4564.6,0.0,56.81,54.38,24.7,0.0,33.3,1,None
2023-11-05 01:00:00,Maharashtra,Western Region,238.27,234.21,4431.6,4402.9,0.0,43.93,50.61,21.4,0.0,47.2,1,None
2023-11-05 02:00:00,Maharashtra,Western Region,215.08,213.44,3989.5,3844.9,0.0,45.02,54.71,22.1,0.0,48.2,1,None
2023-11-05 03:00:00,Maharashtra,Western Region,228.55,222.07,4246.3,4213.0,0.0,45.46,49.25,26.3,0.0,49.8,1,None
2023-11-05 04:00:00,Maharashtra,Western Region,185.23,179.96,3419.3,3364.2,0.0,39.39,57.27,25.2,0.0,45.9,1,None
2023-11-05 05:00:00,Maharashtra,Western Region,218.6,217.01,4029.9,3981.3,0.0,40.86,46.01,24.2,0.0,29.3,1,None
2023-11-05 06:00:00,Maharashtra,Western Region,275.42,272.92,5175.7,4991.4,0.0,41.97,54.17,25.5,0.3,45.8,1,None
2023-11-05 07:00:00,Maharashtra,Western Region,356.72,352.32,6563.4,6541.4,39.75,42.37,50.2,26.7,0.0,35.1,1,None
2023-11-05 08:00:00,Maharashtra,Western Region,381.82,373.22,7042.7,6833.6,55.12,2.98,49.66,28.9,0.0,43.2,1,None
2023-11-05 09:00:00,Maharashtra,Western Region,432.48,425.98,7908.7,7662.7,89.64,34.83,44.12,28.9,0.0,45.6,1,None
2023-11-05 10:00:00,Maharashtra,Western Region,472.32,466.59,8858.6,8637.3,113.46,24.56,56.4,26.9,0.0,42.0,1,None
2023-11-05 11:00:00,Maharashtra,Western Region,539.85,530.08,9995.0,9898.6,120.27,7.21,40.97,30.2,0.0,46.6,1,None
2023-11-05 12:00:00,Maharashtra,Western Region,483.93,478.44,8945.5,8847.9,121.52,24.17,53.82,29.1,0.0,44.3,1,None
2023-11-05 13:00:00,Maharashtra,Western Region,513.04,512.74,9389.2,9094.5,118.21,27.04,47.63,33.0,0.0,39.1,1,None
2023-11-05 14:00:00,Maharashtra,Western Region,473.71,468.62,8790.2,8716.4,97.28,26.73,55.18,32.6,0.0,46.5,1,None
2023-11-05 15:00:00,Maharashtra,Western Region,471.64,462.83,8682.4,8426.2,90.7,14.45,50.11,33.3,0.0,41.7,1,None
2023-11-05 16:00:00,Maharashtra,Western Region,449.51,443.01,8340.6,8138.0,67.57,25.23,56.35,32.5,0.0,49.0,1,None
2023-11-05 17:00:00,Maharashtra,Western Region,367.5,358.48,6767.8,6691.1,28.88,26.17,44.05,28.8,0.0,49.6,1,None
2023-11-05 18:00:00,Maharashtra,Western Region,341.36,335.58,6294.4,6211.7,0.0,29.98,43.09,28.3,0.0,40.3,1,None
2023-11-05 19:00:00,Maharashtra,Western Region,361.93,360.84,6689.8,6434.0,0.0,28.36,54.01,28.4,0.0,51.3,1,None
2023-11-05 20:00:00,Maharashtra,Western Region,356.99,356.93,6657.4,6468.6,0.0,47.63,54.64,29.4,0.0,46.2,1,None
2023-11-05 21:00:00,Maharashtra,Western Region,310.18,304.43,5734.3,5729.8,0.0,45.1,46.68,25.1,0.0,33.1,1,None
2023-11-05 22:00:00,Maharashtra,Western Region,284.91,280.55,5251.0,5046.1,0.0,33.03,47.52,23.9,0.0,46.1,1,None
2023-11-05 23:00:00,Maharashtra,Western Region,302.98,301.49,5564.1,5492.2,0.0,47.82,46.74,26.9,0.0,44.3,1,None
2023-11-06 00:00:00,Maharashtra,Western Region,303.87,297.97,5574.1,5429.5,0.0,35.89,39.31,25.9,0.0,46.7,0,None
2023-11-06 01:00:00,Maharashtra,Western Region,255.79,253.49,4730.6,4709.1,0.0,62.59,70.68,23.7,0.0,49.3,0,None
2023-11-06 02:00:00,Maharashtra,Western Region,207.52,201.85,3796.4,3729.8,0.0,37.36,54.19,22.7,0.0,40.7,0,None
2023-11-06 03:00:00,Maharashtra,Western Region,223.86,217.38,4137.4,4109.0,0.0,43.29,51.84,22.5,0.0,31.4,0,None
2023-11-06 04:00:00,Maharashtra,Western Region,245.74,242.08,4492.1,4473.5,0.0,55.0,55.86,25.3,0.0,48.7,0,None
2023-11-06 05:00:00,Maharashtra,Western Region,278.03,270.69,5083.7,4958.4,0.0,35.94,54.82,23.8,0.0,40.2,0,None
2023-11-06 06:00:00,Maharashtra,Western Region,316.87,309.65,5896.3,5723.8,3.54,23.52,46.68,25.2,0.1,39.5,0,None
2023-11-06 07:00:00,Maharashtra,Western Region,418.05,406.47,7788.2,7683.9,33.76,29.02,49.36,28.3,0.0,48.0,0,None
2023-11-06 08:00:00,Maharashtra,Western Region,411.31,405.78,7639.9,7538.8,67.37,24.02,34.06,25.7,0.0,37.3,0,None
2023-11-06 09:00:00,Maharashtra,Western Region,484.09,481.29,8944.9,8707.6,85.49,32.55,43.59,26.5,0.0,41.4,0,None
2023-11-06 10:00:00,Maharashtra,Western Region,553.38,549.82,10237.8,10006.0,107.66,12.3,49.98,28.9,0.0,45.0,0,None
2023-11-06 11:00:00,Maharashtra,Western Region,577.95,564.12,10692.8,10459.1,117.99,17.24,46.02,30.4,0.0,33.9,0,None
2023-11-06 12:00:00,Maharashtra,Western Region,605.51,587.97,11276.8,11249.2,123.58,3.45,50.2,31.7,0.0,53.3,0,None
2023-11-06 13:00:00,Maharashtra,Western Region,585.93,579.71,10822.6,10814.2,119.12,19.09,58.31,31.9,0.0,55.2,0,None
2023-11-06 14:00:00,Maharashtra,Western Region,537.91,536.58,9998.9,9968.6,105.22,25.2,56.79,33.4,0.0,50.4,0,None
2023-11-06 15:00:00,Maharashtra,Western Region,425.71,422.34,7805.6,7659.4,84.76,12.95,48.38,27.2,0.0,40.1,0,None
2023-11-06 16:00:00,Maharashtra,Western Region,433.26,427.17,8002.0,7926.2,65.74,30.68,47.42,31.5,0.0,46.4,0,None
2023-11-06 17:00:00,Maharashtra,Western Region,416.32,404.56,7688.9,7536.0,26.47,34.08,46.04,29.2,0.0,37.8,0,None
2023-11-06 18:00:00,Maharashtra,Western Region,432.69,423.52,8037.7,7862.0,0.0,38.98,54.75,30.0,0.0,44.6,0,None
2023-11-06 19:00:00,Maharashtra,Western Region,392.75,392.66,7140.4,6892.3,0.0,42.6,49.55,29.5,0.0,40.8,0,None
2023-11-06 20:00:00,Maharashtra,Western Region,382.59,380.69,7057.2,6842.6,0.0,39.04,44.66,26.5,0.0,31.9,0,None
2023-11-06 21:00:00,Maharashtra,Western Region,419.15,406.89,7743.5,7478.0,0.0,33.2,50.38,28.9,1.1,38.4,0,None
2023-11-06 22:00:00,Maharashtra,Western Region,359.17,350.66,6633.5,6608.8,0.0,39.22,52.02,25.9,0.0,40.6,0,None
2023-11-06 23:00:00,Maharashtra,Western Region,329.05,324.14,6162.0,6027.9,0.0,55.43,52.0,24.2,0.0,61.9,0,None
2023-11-07 00:00:00,Maharashtra,Western Region,298.86,298.66,5502.3,5441.7,0.0,48.58,59.14,20.0,0.0,44.6,0,None
2023-11-07 01:00:00,Maharashtra,Western Region,252.95,252.4,4698.4,4696.0,0.0,66.75,40.96,23.8,0.0,42.9,0,None
2023-11-07 02:00:00,Maharashtra,Western Region,228.91,223.54,4227.4,4218.7,0.0,51.68,51.21,24.8,0.0,37.3,0,None
2023-11-07 03:00:00,Maharashtra,Western Region,281.19,279.23,5249.8,5082.4,0.0,45.88,55.06,26.6,0.0,29.7,0,None
2023-11-07 04:00:00,Maharashtra,Western Region,216.29,215.53,3952.7,3810.1,0.0,40.84,53.01,23.5,0.0,42.3,0,None
2023-11-07 05:00:00,Maharashtra,Western Region,263.9,256.59,4866.5,4725.1,0.0,28.17,59.41,22.3,0.0,47.7,0,None
2023-11-07 06:00:00,Maharashtra,Western Region,284.42,283.55,5270.8,5063.8,0.0,21.59,61.61,25.7,0.0,32.6,0,None
2023-11-07 07:00:00,Maharashtra,Western Region,343.86,337.48,6359.2,6318.1,37.99,20.24,49.35,24.3,0.0,52.9,0,None
2023-11-07 08:00:00,Maharashtra,Western Region,477.6,466.4,8805.0,8681.7,60.32,18.59,50.93,28.5,0.0,31.2,0,None
2023-11-07 09:00:00,Maharashtra,Western Region,514.39,500.83,9550.7,9405.4,93.11,32.38,45.24,29.3,0.0,48.7,0,None
2023-11-07 10:00:00,Maharashtra,Western Region,528.06,523.05,9657.6,9635.7,110.18,26.39,55.49,27.6,0.0,30.5,0,None
2023-11-07 11:00:00,Maharashtra,Western Region,562.41,552.6,10309.0,10037.6,114.29,20.01,55.61,30.9,0.7,42.6,0,None
2023-11-07 12:00:00,Maharashtra,Western Region,584.35,580.64,10790.5,10626.0,126.69,20.6,46.41,30.5,0.0,56.0,0,None
2023-11-07 13:00:00,Maharashtra,Western Region,508.04,502.52,9424.9,9136.2,122.68,17.79,44.19,30.2,0.0,52.4,0,None
2023-11-07 14:00:00,Maharashtra,Western Region,475.13,468.59,8767.9,8619.4,103.56,33.02,52.89,30.6,0.0,39.7,0,None
2023-11-07 15:00:00,Maharashtra,Western Region,435.29,428.54,8017.7,7852.9,79.13,12.67,67.34,29.9,0.0,39.8,0,None
2023-11-07 16:00:00,Maharashtra,Western Region,423.3,416.83,7778.6,7750.4,52.35,27.45,47.41,30.1,0.0,55.4,0,None
2023-11-07 17:00:00,Maharashtra,Western Region,392.69,385.17,7267.4,7196.8,33.45,24.93,53.39,30.0,0.0,44.9,0,None
2023-11-07 18:00:00,Maharashtra,Western Region,375.34,371.48,6988.3,6773.3,1.14,35.82,51.64,28.1,0.0,59.8,0,None
2023-11-07 19:00:00,Maharashtra,Western Region,409.51,404.6,7605.4,7599.9,0.0,46.97,58.45,28.4,0.0,52.7,0,None
2023-11-07 20:00:00,Maharashtra,Western Region,422.47,411.32,7757.3,7654.2,0.0,42.46,49.79,29.3,0.0,42.5,0,None
2023-11-07 21:00:00,Maharashtra,Western Region,364.77,356.69,6716.1,6630.0,0.0,45.83,44.98,24.8,0.0,45.6,0,None
2023-11-07 22:00:00,Maharashtra,Western Region,324.86,317.78,6104.7,6087.0,0.0,42.67,50.78,23.1,0.0,30.7,0,None
2023-11-07 23:00:00,Maharashtra,Western Region,322.95,315.78,6064.9,5989.9,0.0,45.23,49.51,24.6,0.0,54.3,0,None
2023-11-08 00:00:00,Maharashtra,Western Region,279.36,279.16,5205.3,5013.2,0.0,52.81,53.15,20.5,0.0,39.4,0,None
2023-11-08 01:00:00,Maharashtra,Western Region,254.22,247.38,4760.3,4673.3,0.0,40.7,56.15,24.7,0.0,41.0,0,None
2023-11-08 02:00:00,Maharashtra,Western Region,252.35,248.0,4614.3,4524.8,0.0,55.37,47.73,24.0,0.0,51.2,0,None
2023-11-08 03:00:00,Maharashtra,Western Region,222.44,218.5,4129.3,4020.5,0.0,38.91,55.28,23.3,0.0,35.7,0,None
2023-11-08 04:00:00,Maharashtra,Western Region,235.52,232.33,4341.1,4263.1,0.0,43.18,46.38,23.5,0.0,44.6,0,None
2023-11-08 05:00:00,Maharashtra,Western Region,284.47,276.84,5303.3,5221.1,0.0,37.88,51.23,25.8,0.0,46.0,0,None
2023-11-08 06:00:00,Maharashtra,Western Region,308.03,307.76,5680.4,5664.7,5.48,34.53,45.93,25.1,0.0,46.1,0,None
2023-11-08 07:00:00,Maharashtra,Western Region,433.66,430.22,8010.3,7770.5,29.25,32.62,43.16,31.5,0.0,54.1,0,None
2023-11-08 08:00:00,Maharashtra,Western Region,451.92,450.06,8390.8,8095.2,56.35,10.85,53.53,27.5,0.0,38.6,0,None
2023-11-08 09:00:00,Maharashtra,Western Region,532.01,525.01,9870.1,9523.1,82.93,25.12,43.92,30.7,0.0,51.5,0,None
2023-11-08 10:00:00,Maharashtra,Western Region,535.85,530.46,9910.6,9793.0,105.1,15.22,52.99,28.1,0.0,42.1,0,None
2023-11-08 11:00:00,Maharashtra,Western Region,579.67,569.43,10729.7,10340.4,112.27,26.92,47.71,30.2,0.0,37.1,0,None
2023-11-08 12:00:00,Maharashtra,Western Region,537.77,522.75,9951.3,9800.8,121.96,33.06,47.84,30.3,0.0,39.5,0,None
2023-11-08 13:00:00,Maharashtra,Western Region,539.09,531.02,10034.1,9973.8,116.45,9.23,49.66,30.8,0.0,36.9,0,None
2023-11-08 14:00:00,Maharashtra,Western Region,542.46,530.71,10042.4,9680.7,108.07,19.25,48.36,32.7,0.0,47.1,0,None
2023-11-08 15:00:00,Maharashtra,Western Region,456.28,444.37,8417.0,8119.2,81.08,21.83,52.31,29.9,0.0,45.6,0,None
2023-11-08 16:00:00,Maharashtra,Western Region,468.58,462.29,8618.8,8577.4,44.86,37.39,54.13,32.1,0.3,38.3,0,None
2023-11-08 17:00:00,Maharashtra,Western Region,397.11,390.94,7331.1,7093.7,31.21,24.07,40.71,29.3,0.0,38.7,0,None
2023-11-08 18:00:00,Maharashtra,Western Region,389.03,378.45,7181.7,6951.4,0.0,51.72,47.96,27.3,0.0,48.8,0,None
2023-11-08 19:00:00,Maharashtra,Western Region,377.22,366.11,6934.1,6774.3,0.0,35.22,46.6,27.7,0.0,41.2,0,None
2023-11-08 20:00:00,Maharashtra,Western Region,389.57,384.35,7212.8,7076.6,0.0,40.29,50.24,26.9,0.0,48.3,0,None
2023-11-08 21:00:00,Maharashtra,Western Region,387.25,382.82,7124.2,6907.3,0.0,41.86,49.43,27.2,0.0,48.0,0,None
2023-11-08 22:00:00,Maharashtra,Western Region,353.51,351.4,6511.3,6284.3,0.0,48.63,45.79,23.5,0.0,52.8,0,None
2023-11-08 23:00:00,Maharashtra,Western Region,313.66,308.68,5758.7,5755.2,0.0,39.42,42.06,23.5,0.0,37.7,0,None
2023-11-09 00:00:00,Maharashtra,Western Region,307.55,300.7,5603.0,5552.9,0.0,57.68,47.74,24.2,0.0,49.0,0,None
2023-11-09 01:00:00,Maharashtra,Western Region,250.73,243.76,4620.8,4519.2,0.0,36.14,50.08,24.6,0.0,45.3,0,None
2023-11-09 02:00:00,Maharashtra,Western Region,227.63,226.29,4196.6,4120.5,0.0,49.58,44.02,23.9,0.0,52.2,0,None
2023-11-09 03:00:00,Maharashtra,Western Region,224.87,222.9,4216.9,4103.2,0.0,37.72,54.97,22.9,0.0,58.4,0,None
2023-11-09 04:00:00,Maharashtra,Western Region,249.25,247.51,4587.8,4487.4,0.0,47.62,56.69,23.4,0.0,45.2,0,None
2023-11-09 05:00:00,Maharashtra,Western Region,239.04,233.58,4420.7,4254.1,0.0,44.52,55.59,23.4,0.0,41.2,0,None
2023-11-09 06:00:00,Maharashtra,Western Region,317.73,309.34,5913.6,5878.0,0.0,41.45,50.09,26.3,0.0,58.8,0,None
2023-11-09 07:00:00,Maharashtra,Western Region,358.25,356.51,6672.9,6498.7,23.15,31.12,53.98,26.0,0.0,38.5,0,None
2023-11-09 08:00:00,Maharashtra,Western Region,429.7,429.1,8057.3,8048.2,53.07,4.92,53.01,26.0,0.0,63.7,0,None
2023-11-09 09:00:00,Maharashtra,Western Region,538.36,524.59,9914.3,9621.1,77.47,37.57,52.69,30.6,0.0,52.7,0,None
2023-11-09 10:00:00,Maharashtra,Western Region,540.26,524.64,10034.9,9639.6,106.78,7.92,43.46,28.5,0.0,42.3,0,None
2023-11-09 11:00:00,Maharashtra,Western Region,521.88,508.55,9661.4,9303.5,112.24,11.69,52.68,27.7,0.0,43.7,0,None
2023-11-09 12:00:00,Maharashtra,Western Region,565.37,555.04,10515.7,10467.9,119.82,10.8,50.15,32.4,0.0,42.3,0,None
2023-11-09 13:00:00,Maharashtra,Western Region,569.58,563.71,10603.8,10321.0,122.41,10.77,53.7,31.7,0.0,38.8,0,None
2023-11-09 14:00:00,Maharashtra,Western Region,481.07,470.04,8932.9,8874.4,100.94,32.64,39.13,29.1,0.0,48.4,0,None
2023-11-09 15:00:00,Maharashtra,Western Region,468.93,461.21,8706.3,8415.1,90.29,20.85,49.08,31.8,0.0,42.8,0,None
2023-11-09 16:00:00,Maharashtra,Western Region,461.27,457.73,8643.1,8622.0,62.28,21.8,48.41,31.8,0.0,42.9,0,None
2023-11-09 17:00:00,Maharashtra,Western Region,443.97,442.54,8213.4,7916.9,29.32,32.89,50.97,31.4,0.0,45.8,0,None
2023-11-09 18:00:00,Maharashtra,Western Region,419.21,418.48,7765.7,7572.2,0.0,48.74,51.77,29.9,0.0,52.0,0,None
2023-11-09 19:00:00,Maharashtra,Western Region,370.77,370.65,6877.7,6841.6,0.0,49.8,39.21,27.4,0.0,49.1,0,None
2023-11-09 20:00:00,Maharashtra,Western Region,414.38,402.98,7666.7,7510.1,0.0,31.96,48.0,29.8,0.0,49.6,0,None
2023-11-09 21:00:00,Maharashtra,Western Region,358.27,352.2,6716.9,6683.5,0.0,29.72,44.46,26.1,0.0,40.0,0,None
2023-11-09 22:00:00,Maharashtra,Western Region,358.11,355.83,6644.3,6595.6,0.0,72.14,51.84,25.4,0.0,38.6,0,None
2023-11-09 23:00:00,Maharashtra,Western Region,334.14,325.53,6212.6,5965.0,0.0,46.2,56.83,24.5,0.0,52.3,0,None
2023-11-10 00:00:00,Maharashtra,Western Region,314.67,312.69,5767.7,5725.3,0.0,58.18,51.64,20.7,0.0,41.9,0,None
2023-11-10 01:00:00,Maharashtra,Western Region,279.14,277.82,5208.1,5071.3,0.0,52.81,42.89,25.2,0.0,36.7,0,None
2023-11-10 02:00:00,Maharashtra,Western Region,235.4,232.73,4328.2,4307.2,0.0,60.93,50.34,19.8,0.0,49.7,0,None
2023-11-10 03:00:00,Maharashtra,Western Region,224.5,222.84,4177.6,4019.1,0.0,58.62,63.21,21.6,0.0,27.8,0,None
2023-11-10 04:00:00,Maharashtra,Western Region,238.73,234.42,4383.9,4323.8,0.0,25.3,63.55,27.0,0.0,49.4,0,None
2023-11-10 05:00:00,Maharashtra,Western Region,292.65,285.74,5414.5,5412.9,0.0,34.6,49.69,27.6,0.5,39.1,0,None
2023-11-10 06:00:00,Maharashtra,Western Region,315.36,309.49,5936.9,5809.1,2.14,31.25,49.99,24.5,0.0,41.5,0,None
2023-11-10 07:00:00,Maharashtra,Western Region,384.5,384.22,6980.7,6798.9,25.25,26.06,54.05,27.2,0.0,55.5,0,None
2023-11-10 08:00:00,Maharashtra,Western Region,429.44,424.14,7888.0,7676.1,63.81,34.23,47.92,26.0,0.0,40.2,0,None
2023-11-10 09:00:00,Maharashtra,Western Region,507.04,501.55,9350.2,9317.4,87.04,25.24,57.35,29.2,0.0,40.0,0,None
2023-11-10 10:00:00,Maharashtra,Western Region,540.58,534.08,9991.8,9980.3,96.18,20.61,50.05,29.2,0.0,43.8,0,None
2023-11-10 11:00:00,Maharashtra,Western Region,585.14,571.47,10804.3,10790.1,120.91,29.57,46.74,30.2,0.0,49.9,0,None
2023-11-10 12:00:00,Maharashtra,Western Region,559.94,556.24,10345.4,9976.2,123.46,9.01,47.91,30.3,0.0,38.4,0,None
2023-11-10 13:00:00,Maharashtra,Western Region,543.95,529.66,9950.2,9811.6,120.69,25.1,42.36,31.7,0.0,46.8,0,None
2023-11-10 14:00:00,Maharashtra,Western Region,480.59,472.92,8916.9,8860.1,99.21,18.41,41.17,30.2,0.0,35.4,0,None
2023-11-10 15:00:00,Maharashtra,Western Region,471.22,471.14,8741.9,8550.7,79.86,19.01,54.91,31.0,0.0,45.8,0,None
2023-11-10 16:00:00,Maharashtra,Western Region,439.67,426.94,8078.9,7971.9,56.51,30.74,43.09,30.6,0.0,53.0,0,None
2023-11-10 17:00:00,Maharashtra,Western Region,421.64,413.54,7744.8,7538.2,31.75,26.63,44.82,30.1,0.0,39.2,0,None
2023-11-10 18:00:00,Maharashtra,Western Region,396.79,388.98,7329.0,7174.6,5.31,24.94,57.61,27.1,0.0,41.2,0,None
2023-11-10 19:00:00,Maharashtra,Western Region,359.41,359.39,6681.9,6625.5,0.0,19.44,53.93,25.9,0.0,37.7,0,None
2023-11-10 20:00:00,Maharashtra,Western Region,369.89,369.17,6786.6,6693.7,0.0,28.57,45.48,26.6,0.0,49.2,0,None
2023-11-10 21:00:00,Maharashtra,Western Region,395.38,388.73,7347.4,7182.3,0.0,36.87,48.48,27.9,0.0,41.5,0,None
2023-11-10 22:00:00,Maharashtra,Western Region,337.93,331.62,6307.3,6202.6,0.0,29.44,53.07,24.0,0.0,49.4,0,None
2023-11-10 23:00:00,Maharashtra,Western Region,324.03,322.74,5977.1,5778.7,0.0,56.24,47.33,24.2,0.0,62.0,0,None
2023-11-11 00:00:00,Maharashtra,Western Region,274.49,270.84,5102.6,5016.7,0.0,36.94,46.02,25.0,0.0,44.6,0,None
2023-11-11 01:00:00,Maharashtra,Western Region,283.56,277.18,5263.4,5074.6,0.0,48.14,55.22,22.4,0.0,54.2,0,None
2023-11-11 02:00:00,Maharashtra,Western Region,258.67,251.89,4732.7,4616.7,0.0,46.79,54.2,21.4,0.0,56.7,0,None
2023-11-11 03:00:00,Maharashtra,Western Region,218.18,215.09,4059.8,3909.3,0.0,46.24,36.61,23.8,0.0,49.7,0,None
2023-11-11 04:00:00,Maharashtra,Western Region,248.44,244.96,4534.9,4499.4,0.0,51.62,45.73,21.7,0.0,41.7,0,None
2023-11-11 05:00:00,Maharashtra,Western Region,266.34,262.4,4881.2,4767.4,0.0,47.97,50.72,25.2,0.0,31.5,0,None
2023-11-11 06:00:00,Maharashtra,Western Region,290.56,286.08,5417.5,5242.4,10.78,26.45,54.47,23.6,0.0,41.6,0,None
2023-11-11 07:00:00,Maharashtra,Western Region,341.46,341.2,6282.4,6162.9,27.4,37.99,50.26,25.3,0.1,51.7,0,None
2023-11-11 08:00:00,Maharashtra,Western Region,430.59,422.09,8002.4,7749.7,61.03,23.83,61.08,26.8,0.0,43.1,0,None
2023-11-11 09:00:00,Maharashtra,Western Region,498.33,497.6,9218.9,9213.2,91.38,26.41,47.73,27.8,0.0,44.6,0,None
2023-11-11 10:00:00,Maharashtra,Western Region,516.98,513.31,9626.2,9269.0,99.21,29.93,52.01,27.6,0.0,48.2,0,None
2023-11-11 11:00:00,Maharashtra,Western Region,552.38,550.37,10156.3,9974.1,112.3,22.05,49.55,28.6,0.0,54.3,0,None
2023-11-11 12:00:00,Maharashtra,Western Region,526.02,513.67,9771.7,9628.8,119.0,10.42,57.31,28.4,0.0,41.7,0,None
2023-11-11 13:00:00,Maharashtra,Western Region,535.25,523.62,10001.7,9804.5,110.29,13.23,42.77,32.5,0.0,34.8,0,None
2023-11-11 14:00:00,Maharashtra,Western Region,487.55,485.22,9043.8,8705.3,107.19,9.72,52.87,27.6,0.0,37.0,0,None
2023-11-11 15:00:00,Maharashtra,Western Region,448.17,438.69,8251.6,8003.5,87.85,27.4,47.83,29.1,0.0,53.9,0,None
2023-11-11 16:00:00,Maharashtra,Western Region,431.85,430.57,8033.2,7786.5,57.72,33.99,55.94,29.3,0.0,47.4,0,None
2023-11-11 17:00:00,Maharashtra,Western Region,409.03,405.89,7557.2,7367.6,28.68,21.38,46.9,28.6,0.0,44.9,0,None
2023-11-11 18:00:00,Maharashtra,Western Region,429.46,423.85,7914.1,7892.0,0.0,44.64,53.71,29.8,0.0,43.1,0,None
2023-11-11 19:00:00,Maharashtra,Western Region,387.16,376.64,7079.5,6893.7,0.0,40.44,44.72,28.6,0.0,44.5,0,None
2023-11-11 20:00:00,Maharashtra,Western Region,350.0,349.23,6524.6,6485.6,0.0,41.06,53.82,25.1,0.0,40.8,0,None
2023-11-11 21:00:00,Maharashtra,Western Region,385.48,377.35,7174.6,7125.4,0.0,45.92,50.82,24.3,0.0,58.1,0,None
2023-11-11 22:00:00,Maharashtra,Western Region,326.78,318.88,6063.1,5870.4,0.0,45.65,49.71,23.9,0.0,39.6,0,None
2023-11-11 23:00:00,Maharashtra,Western Region,300.29,298.94,5575.8,5525.7,0.0,48.33,46.57,23.2,0.0,44.0,0,None
2023-11-12 00:00:00,Maharashtra,Western Region,261.89,256.3,4870.0,4796.3,0.0,58.16,45.2,22.9,0.0,41.2,1,Diwali
2023-11-12 01:00:00,Maharashtra,Western Region,238.26,232.21,4429.2,4333.8,0.0,40.4,52.05,24.9,0.0,50.6,1,Diwali
2023-11-12 02:00:00,Maharashtra,Western Region,199.83,198.21,3697.6,3573.2,0.0,52.86,47.65,23.7,0.0,45.9,1,Diwali
2023-11-12 03:00:00,Maharashtra,Western Region,222.81,219.08,4046.2,3897.9,0.0,44.64,54.34,22.9,0.0,45.3,1,Diwali
2023-11-12 04:00:00,Maharashtra,Western Region,201.16,200.92,3738.2,3718.6,0.0,48.86,53.82,23.4,0.0,48.4,1,Diwali
2023-11-12 05:00:00,Maharashtra,Western Region,233.89,228.33,4353.3,4277.3,0.0,46.31,57.14,26.3,0.0,56.7,1,Diwali
2023-11-12 06:00:00,Maharashtra,Western Region,297.75,295.88,5553.5,5525.5,0.0,35.15,55.85,24.2,0.0,50.5,1,Diwali
2023-11-12 07:00:00,Maharashtra,Western Region,345.04,343.65,6365.7,6234.1,25.47,34.43,53.35,26.5,0.0,37.0,1,Diwali
2023-11-12 08:00:00,Maharashtra,Western Region,370.35,367.07,6893.4,6620.6,63.63,25.48,36.5,25.5,0.0,43.7,1,Diwali
2023-11-12 09:00:00,Maharashtra,Western Region,430.22,423.17,7946.3,7802.1,90.68,19.02,48.82,27.1,0.0,39.8,1,Diwali
2023-11-12 10:00:00,Maharashtra,Western Region,450.9,442.39,8268.5,8229.2,97.33,21.75,46.62,28.2,0.0,46.2,1,Diwali
2023-11-12 11:00:00,Maharashtra,Western Region,465.12,456.1,8593.8,8415.9,110.23,19.06,54.7,27.3,0.0,44.9,1,Diwali
2023-11-12 12:00:00,Maharashtra,Western Region,488.63,477.05,9048.2,8873.1,122.81,27.26,51.88,28.7,0.0,53.8,1,Diwali
2023-11-12 13:00:00,Maharashtra,Western Region,483.83,477.7,8984.9,8810.2,109.91,16.34,39.48,31.2,0.0,57.1,1,Diwali
2023-11-12 14:00:00,Maharashtra,Western Region,469.6,456.14,8705.2,8605.7,105.12,29.14,54.26,32.5,0.0,39.4,1,Diwali
2023-11-12 15:00:00,Maharashtra,Western Region,423.31,417.51,7823.6,7746.2,78.83,24.96,56.45,31.5,0.0,41.2,1,Diwali
2023-11-12 16:00:00,Maharashtra,Western Region,373.85,364.64,6891.6,6686.5,50.75,21.2,45.22,29.9,0.0,39.3,1,Diwali
2023-11-12 17:00:00,Maharashtra,Western Region,367.29,364.3,6745.9,6652.7,33.52,21.49,56.87,31.5,0.0,57.7,1,Diwali
2023-11-12 18:00:00,Maharashtra,Western Region,425.5,412.88,7945.6,7836.5,0.0,32.69,51.01,31.3,0.0,44.7,1,Diwali
2023-11-12 19:00:00,Maharashtra,Western Region,357.68,356.47,6573.9,6392.3,0.0,42.51,55.08,27.4,0.0,47.4,1,Diwali
2023-11-12 20:00:00,Maharashtra,Western Region,335.24,328.07,6233.3,6111.7,0.0,40.65,65.83,26.1,0.0,47.2,1,Diwali
2023-11-12 21:00:00,Maharashtra,Western Region,317.33,308.7,5836.0,5696.5,0.0,45.03,64.75,24.7,0.0,52.3,1,Diwali
2023-11-12 22:00:00,Maharashtra,Western Region,312.52,303.53,5796.3,5776.7,0.0,48.94,54.03,25.4,0.0,32.5,1,Diwali
2023-11-12 23:00:00,Maharashtra,Western Region,287.24,281.59,5255.5,5240.9,0.0,51.19,53.52,25.2,0.0,37.3,1,Diwali
2023-11-13 00:00:00,Maharashtra,Western Region,276.98,275.85,5060.9,4886.8,0.0,52.15,39.6,26.0,0.0,38.6,0,None
2023-11-13 01:00:00,Maharashtra,Western Region,255.75,255.69,4741.4,4731.0,0.0,54.22,47.86,24.2,0.0,33.7,0,None
2023-11-13 02:00:00,Maharashtra,Western Region,241.2,236.44,4500.2,4403.0,0.0,39.19,56.12,24.1,0.0,45.7,0,None
2023-11-13 03:00:00,Maharashtra,Western Region,229.73,226.52,4317.9,4186.7,0.0,46.97,46.01,24.1,0.0,43.9,0,None
2023-11-13 04:00:00,Maharashtra,Western Region,240.39,239.04,4515.9,4511.2,0.0,38.33,49.25,21.0,0.0,42.8,0,None
2023-11-13 05:00:00,Maharashtra,Western Region,240.99,237.99,4405.0,4254.5,0.0,47.46,52.83,22.9,0.0,33.9,0,None
2023-11-13 06:00:00,Maharashtra,Western Region,320.71,319.63,5940.3,5877.4,0.0,29.42,40.58,25.3,0.0,57.0,0,None
2023-11-13 07:00:00,Maharashtra,Western Region,355.19,352.77,6583.3,6503.4,34.74,21.67,46.83,26.2,0.0,34.7,0,None
2023-11-13 08:00:00,Maharashtra,Western Region,450.69,446.2,8325.2,8289.6,62.99,27.43,45.09,28.7,0.0,49.8,0,None
2023-11-13 09:00:00,Maharashtra,Western Region,467.21,461.78,8590.0,8417.9,82.74,18.59,51.42,27.8,0.0,48.2,0,None
2023-11-13 10:00:00,Maharashtra,Western Region,554.45,541.38,10171.1,9861.2,100.56,9.54,42.92,29.7,0.0,46.5,0,None
2023-11-13 11:00:00,Maharashtra,Western Region,505.73,500.25,9412.5,9156.1,119.6,27.0,49.76,28.0,0.0,41.3,0,None
2023-11-13 12:00:00,Maharashtra,Western Region,583.53,580.22,10784.5,10462.3,120.47,27.02,55.16,30.4,0.0,37.9,0,None
2023-11-13 13:00:00,Maharashtra,Western Region,520.37,505.64,9528.9,9425.0,111.81,24.62,60.07,29.6,0.0,41.8,0,None
2023-11-13 14:00:00,Maharashtra,Western Region,501.66,500.83,9240.1,8940.1,106.83,24.49,44.99,30.8,0.0,32.2,0,None
2023-11-13 15:00:00,Maharashtra,Western Region,471.08,470.6,8720.2,8570.5,83.52,37.79,47.46,30.7,0.0,43.3,0,None
2023-11-13 16:00:00,Maharashtra,Western Region,421.06,409.67,7743.6,7672.4,61.54,21.9,47.8,29.5,0.0,56.2,0,None
2023-11-13 17:00:00,Maharashtra,Western Region,438.35,438.18,8099.8,7900.9,34.5,42.85,47.7,31.0,0.0,42.8,0,None
2023-11-13 18:00:00,Maharashtra,Western Region,411.51,404.91,7549.9,7339.7,2.58,41.1,53.25,29.9,0.0,37.0,0,None
2023-11-13 19:00:00,Maharashtra,Western Region,395.56,388.19,7462.4,7246.2,0.0,52.05,43.63,27.4,0.0,32.9,0,None
2023-11-13 20:00:00,Maharashtra,Western Region,381.05,377.85,7071.2,6976.8,0.0,34.18,42.09,28.5,0.0,38.3,0,None
2023-11-13 21:00:00,Maharashtra,Western Region,355.05,354.21,6529.7,6360.0,0.0,44.61,64.16,24.4,0.0,55.0,0,None
2023-11-13 22:00:00,Maharashtra,Western Region,349.15,347.78,6383.4,6335.7,0.0,29.61,52.28,27.0,0.0,44.3,0,None
2023-11-13 23:00:00,Maharashtra,Western Region,327.0,326.0,5973.8,5756.3,0.0,57.76,53.42,24.1,0.0,51.5,0,None
2023-11-14 00:00:00,Maharashtra,Western Region,298.56,294.25,5417.8,5214.4,0.0,53.47,55.87,25.9,0.0,39.4,0,None
2023-11-14 01:00:00,Maharashtra,Western Region,266.26,266.26,4951.4,4835.9,0.0,47.05,56.34,22.1,0.0,45.0,0,None
2023-11-14 02:00:00,Maharashtra,Western Region,259.05,253.27,4833.4,4651.9,0.0,42.03,45.0,21.5,0.0,39.7,0,None
2023-11-14 03:00:00,Maharashtra,Western Region,246.9,243.36,4584.7,4489.5,0.0,45.99,47.34,26.3,0.0,26.9,0,None
2023-11-14 04:00:00,Maharashtra,Western Region,228.84,224.04,4231.0,4068.6,0.0,38.02,53.67,25.0,0.0,39.6,0,None
2023-11-14 05:00:00,Maharashtra,Western Region,242.75,242.56,4502.5,4411.9,0.0,27.2,49.22,23.7,0.0,44.2,0,None
2023-11-14 06:00:00,Maharashtra,Western Region,301.48,294.05,5571.3,5363.2,0.0,30.28,50.44,23.8,0.0,50.6,0,None
2023-11-14 07:00:00,Maharashtra,Western Region,343.8,338.65,6367.7,6254.4,27.72,31.04,57.76,25.0,0.0,49.2,0,None
2023-11-14 08:00:00,Maharashtra,Western Region,429.82,422.13,7974.1,7854.1,60.32,30.97,50.87,27.3,0.0,44.3,0,None
2023-11-14 09:00:00,Maharashtra,Western Region,472.75,461.55,8695.0,8429.7,87.79,22.68,41.74,27.3,0.0,38.2,0,None
2023-11-14 10:00:00,Maharashtra,Western Region,557.99,552.04,10281.4,10161.5,112.57,25.64,50.28,31.2,0.0,39.4,0,None
2023-11-14 11:00:00,Maharashtra,Western Region,524.64,519.31,9725.5,9464.9,111.72,19.44,58.35,28.3,0.0,46.7,0,None
2023-11-14 12:00:00,Maharashtra,Western Region,567.88,552.86,10505.1,10140.3,113.31,16.9,54.96,31.3,0.0,55.0,0,None
2023-11-14 13:00:00,Maharashtra,Western Region,517.11,513.41,9533.4,9525.4,111.29,13.01,56.85,29.7,0.0,42.4,0,None
2023-11-14 14:00:00,Maharashtra,Western Region,467.08,461.23,8604.7,8555.1,100.01,2.97,47.43,29.2,0.0,45.5,0,None
2023-11-14 15:00:00,Maharashtra,Western Region,504.15,495.94,9242.1,9164.9,82.4,32.4,44.1,31.8,0.0,43.9,0,None
2023-11-14 16:00:00,Maharashtra,Western Region,522.66,521.12,9619.3,9544.1,54.99,21.71,43.37,33.9,0.0,41.9,0,None
2023-11-14 17:00:00,Maharashtra,Western Region,431.58,419.17,8097.6,7896.2,21.68,32.76,54.16,31.7,0.0,39.7,0,None
2023-11-14 18:00:00,Maharashtra,Western Region,380.25,374.41,7079.3,6831.7,0.0,42.74,39.67,26.2,0.0,42.1,0,None
2023-11-14 19:00:00,Maharashtra,Western Region,390.58,385.02,7243.6,7000.1,0.0,44.7,54.53,27.6,0.0,48.6,0,None
2023-11-14 20:00:00,Maharashtra,Western Region,355.7,345.67,6648.1,6451.1,0.0,48.4,59.61,24.9,0.0,46.6,0,None
2023-11-14 21:00:00,Maharashtra,Western Region,374.88,370.41,6958.1,6850.3,0.0,47.79,49.12,25.3,0.0,48.3,0,None
2023-11-14 22:00:00,Maharashtra,Western Region,361.83,359.34,6584.7,6391.5,0.0,56.29,43.33,23.0,0.0,40.1,0,None
2023-11-14 23:00:00,Maharashtra,Western Region,349.25,348.9,6420.7,6372.2,0.0,42.89,56.24,25.2,0.0,23.9,0,None
2023-11-15 00:00:00,Maharashtra,Western Region,281.61,280.11,5148.5,5106.8,0.0,46.98,45.28,23.3,0.0,42.3,0,None
2023-11-15 01:00:00,Maharashtra,Western Region,277.36,270.0,5023.1,4930.4,0.0,62.01,43.91,25.1,0.0,35.1,0,None
2023-11-15 02:00:00,Maharashtra,Western Region,235.53,229.63,4377.9,4227.6,0.0,44.79,34.49,23.8,0.0,47.5,0,None
2023-11-15 03:00:00,Maharashtra,Western Region,246.96,242.49,4562.1,4559.8,0.0,49.01,48.8,21.3,0.0,59.9,0,None
2023-11-15 04:00:00,Maharashtra,Western Region,221.87,220.9,4125.6,4104.8,0.0,44.81,45.18,24.2,0.0,50.1,0,None
2023-11-15 05:00:00,Maharashtra,Western Region,303.56,297.91,5691.0,5470.1,0.0,38.37,59.13,26.9,0.0,33.8,0,None
2023-11-15 06:00:00,Maharashtra,Western Region,311.17,308.13,5736.1,5671.5,0.0,28.57,42.12,24.8,0.0,56.8,0,None
2023-11-15 07:00:00,Maharashtra,Western Region,366.5,359.81,6728.4,6635.0,27.54,32.5,53.88,27.7,0.0,42.6,0,None
2023-11-15 08:00:00,Maharashtra,Western Region,428.64,416.09,7928.1,7663.9,63.95,19.84,53.23,26.5,0.0,28.9,0,None
2023-11-15 09:00:00,Maharashtra,Western Region,481.48,477.11,8922.5,8632.5,80.52,34.55,56.66,26.4,0.0,45.1,0,None
2023-11-15 10:00:00,Maharashtra,Western Region,520.86,507.67,9681.3,9423.5,102.05,25.54,52.38,29.2,0.0,42.9,0,None
2023-11-15 11:00:00,Maharashtra,Western Region,544.56,540.99,10041.8,10023.2,113.35,13.39,50.82,28.9,0.4,41.1,0,None
2023-11-15 12:00:00,Maharashtra,Western Region,588.45,571.67,10869.2,10845.6,119.65,18.41,61.4,30.8,0.0,41.6,0,None
2023-11-15 13:00:00,Maharashtra,Western Region,496.61,494.59,9240.5,8990.5,108.19,10.64,54.67,28.7,0.0,45.1,0,None
2023-11-15 14:00:00,Maharashtra,Western Region,516.68,504.77,9584.5,9344.5,102.3,18.96,47.58,31.0,0.0,45.2,0,None
2023-11-15 15:00:00,Maharashtra,Western Region,495.06,480.59,9119.8,8877.4,90.11,24.06,50.25,31.9,0.0,47.0,0,None
2023-11-15 16:00:00,Maharashtra,Western Region,394.79,389.08,7175.4,7004.7,67.07,29.67,44.04,28.3,0.0,46.3,0,None
2023-11-15 17:00:00,Maharashtra,Western Region,365.36,357.99,6802.2,6677.7,38.4,23.41,55.36,26.5,0.0,50.9,0,None
2023-11-15 18:00:00,Maharashtra,Western Region,409.59,406.05,7573.9,7401.4,3.36,36.98,53.97,27.6,0.0,37.6,0,None
2023-11-15 19:00:00,Maharashtra,Western Region,412.51,404.19,7699.7,7613.1,0.0,37.23,44.07,28.3,0.0,40.4,0,None
2023-11-15 20:00:00,Maharashtra,Western Region,416.03,409.43,7685.0,7562.8,0.0,49.05,63.0,27.5,0.0,39.0,0,None
2023-11-15 21:00:00,Maharashtra,Western Region,375.14,368.48,7019.8,7015.9,0.0,43.68,54.95,26.5,0.0,53.0,0,None
2023-11-15 22:00:00,Maharashtra,Western Region,348.67,344.78,6459.1,6432.4,0.0,48.28,54.95,26.3,0.0,39.5,0,None
2023-11-15 23:00:00,Maharashtra,Western Region,300.46,296.17,5477.0,5380.4,0.0,39.28,52.84,22.7,0.9,52.7,0,None
2023-11-16 00:00:00,Maharashtra,Western Region,270.91,268.61,4952.1,4786.5,0.0,65.16,50.34,24.0,0.0,34.0,0,None
2023-11-16 01:00:00,Maharashtra,Western Region,253.96,247.07,4743.7,4668.7,0.0,51.8,46.39,20.5,0.0,37.5,0,None
2023-11-16 02:00:00,Maharashtra,Western Region,234.52,232.16,4242.9,4202.2,0.0,50.08,56.1,22.5,0.0,42.1,0,None
2023-11-16 03:00:00,Maharashtra,Western Region,250.15,247.34,4672.7,4543.2,0.0,53.54,46.09,23.0,0.2,45.8,0,None
2023-11-16 04:00:00,Maharashtra,Western Region,221.62,214.99,4018.1,3956.4,0.0,41.79,57.14,23.6,0.0,39.3,0,None
2023-11-16 05:00:00,Maharashtra,Western Region,284.36,282.32,5284.1,5241.8,0.0,42.19,38.28,19.9,0.0,45.4,0,None
2023-11-16 06:00:00,Maharashtra,Western Region,277.27,274.26,5177.3,4990.6,0.0,37.38,46.24,24.7,0.0,35.8,0,None
2023-11-16 07:00:00,Maharashtra,Western Region,393.43,381.97,7305.3,7140.1,27.2,46.89,47.44,27.3,0.0,43.1,0,None
2023-11-16 08:00:00,Maharashtra,Western Region,476.74,467.98,8880.7,8555.4,58.51,26.12,50.77,29.3,0.0,50.4,0,None
2023-11-16 09:00:00,Maharashtra,Western Region,514.5,509.8,9551.4,9297.0,91.01,22.11,46.7,29.7,0.0,47.7,0,None
2023-11-16 10:00:00,Maharashtra,Western Region,571.29,563.58,10548.9,10248.4,97.12,6.94,40.72,29.4,0.0,42.4,0,None
2023-11-16 11:00:00,Maharashtra,Western Region,536.3,534.85,9848.3,9726.9,118.75,15.76,46.38,30.3,0.0,46.5,0,None
2023-11-16 12:00:00,Maharashtra,Western Region,574.19,564.28,10672.5,10483.2,119.54,37.17,49.74,31.7,0.0,44.5,0,None
2023-11-16 13:00:00,Maharashtra,Western Region,523.35,512.23,9697.8,9392.1,118.66,37.22,53.57,28.8,0.0,38.8,0,None
2023-11-16 14:00:00,Maharashtra,Western Region,489.73,489.06,9057.3,9038.0,100.75,14.78,50.51,29.7,0.0,53.3,0,None
2023-11-16 15:00:00,Maharashtra,Western Region,412.98,400.93,7644.9,7392.2,84.39,23.85,49.25,28.4,0.0,51.0,0,None
2023-11-16 16:00:00,Maharashtra,Western Region,439.82,431.34,8208.8,7992.2,53.84,26.02,44.0,31.5,0.0,30.4,0,None
2023-11-16 17:00:00,Maharashtra,Western Region,381.89,372.58,7014.9,6893.6,30.02,27.19,40.98,29.1,0.0,47.5,0,None
2023-11-16 18:00:00,Maharashtra,Western Region,467.38,462.16,8653.1,8462.9,2.25,38.01,52.27,32.3,0.0,35.3,0,None
2023-11-16 19:00:00,Maharashtra,Western Region,391.64,389.69,7235.2,7143.3,0.0,53.38,39.37,28.9,2.9,56.6,0,None
2023-11-16 20:00:00,Maharashtra,Western Region,384.43,380.03,7100.7,6997.0,0.0,37.71,56.54,26.9,0.0,55.3,0,None
2023-11-16 21:00:00,Maharashtra,Western Region,353.53,348.61,6494.2,6482.6,0.0,50.47,44.97,25.1,0.0,33.3,0,None
2023-11-16 22:00:00,Maharashtra,Western Region,358.74,350.4,6685.3,6425.7,0.0,49.82,53.08,25.0,0.0,53.8,0,None
2023-11-16 23:00:00,Maharashtra,Western Region,319.29,315.57,5977.0,5740.9,0.0,39.19,45.86,25.2,0.0,39.9,0,None
2023-11-17 00:00:00,Maharashtra,Western Region,282.41,280.91,5188.4,5128.2,0.0,44.55,46.92,23.1,0.0,44.7,0,None
2023-11-17 01:00:00,Maharashtra,Western Region,280.95,273.5,5239.9,5099.3,0.0,55.04,53.84,22.2,0.0,41.0,0,None
2023-11-17 02:00:00,Maharashtra,Western Region,238.42,238.2,4402.2,4389.2,0.0,56.17,37.94,26.0,0.0,40.9,0,None
2023-11-17 03:00:00,Maharashtra,Western Region,235.74,230.36,4422.7,4353.9,0.0,32.78,57.21,23.2,0.0,40.5,0,None
2023-11-17 04:00:00,Maharashtra,Western Region,236.61,230.5,4466.1,4384.9,0.0,33.86,44.12,24.5,0.0,32.6,0,None
2023-11-17 05:00:00,Maharashtra,Western Region,248.78,247.09,4554.9,4383.2,0.0,45.95,48.1,24.0,0.0,61.9,0,None
2023-11-17 06:00:00,Maharashtra,Western Region,311.37,302.35,5776.7,5625.2,9.6,21.83,54.21,25.5,0.0,55.4,0,None
2023-11-17 07:00:00,Maharashtra,Western Region,360.56,349.97,6720.6,6587.4,34.64,22.66,49.63,25.0,0.0,36.2,0,None
2023-11-17 08:00:00,Maharashtra,Western Region,418.72,414.15,7790.7,7714.5,60.28,28.27,38.73,25.8,0.0,50.6,0,None
2023-11-17 09:00:00,Maharashtra,Western Region,530.78,523.48,9740.6,9448.2,75.82,22.51,49.4,30.1,0.0,45.5,0,None
2023-11-17 10:00:00,Maharashtra,Western Region,543.23,529.73,10041.8,9668.7,103.5,18.88,38.56,28.9,0.0,50.3,0,None
2023-11-17 11:00:00,Maharashtra,Western Region,518.76,510.01,9589.9,9245.0,111.21,24.23,33.24,27.7,0.0,51.2,0,None
2023-11-17 12:00:00,Maharashtra,Western Region,573.23,564.0,10610.4,10228.7,110.3,27.95,42.53,31.1,0.0,50.7,0,None
2023-11-17 13:00:00,Maharashtra,Western Region,507.46,499.96,9402.0,9088.9,113.41,13.2,46.27,30.5,0.0,55.5,0,None
2023-11-17 14:00:00,Maharashtra,Western Region,496.13,490.46,9224.8,8884.8,102.32,27.01,49.96,32.1,1.5,55.2,0,None
2023-11-17 15:00:00,Maharashtra,Western Region,444.83,437.19,8163.7,8114.2,74.26,21.49,53.17,29.9,0.0,54.3,0,None
2023-11-17 16:00:00,Maharashtra,Western Region,406.42,403.34,7502.3,7394.2,49.99,31.02,54.67,31.0,0.0,42.8,0,None
2023-11-17 17:00:00,Maharashtra,Western Region,396.08,391.66,7236.4,6990.5,33.25,33.3,46.89,28.6,0.0,56.1,0,None
2023-11-17 18:00:00,Maharashtra,Western Region,387.6,378.84,7201.9,7067.5,0.0,30.01,46.33,28.6,0.0,54.6,0,None
2023-11-17 19:00:00,Maharashtra,Western Region,380.21,377.21,7110.9,6946.8,0.0,28.46,50.29,27.2,0.0,37.1,0,None
2023-11-17 20:00:00,Maharashtra,Western Region,417.48,415.1,7778.8,7603.2,0.0,40.2,58.89,29.1,0.0,56.1,0,None
2023-11-17 21:00:00,Maharashtra,Western Region,344.04,334.38,6299.2,6111.1,0.0,39.71,54.09,23.7,0.0,47.2,0,None
2023-11-17 22:00:00,Maharashtra,Western Region,322.48,320.34,6033.3,5943.7,0.0,51.4,53.78,24.8,0.0,49.4,0,None
2023-11-17 23:00:00,Maharashtra,Western Region,323.29,314.81,5966.7,5779.4,0.0,40.38,45.33,24.6,0.0,52.8,0,None
2023-11-18 00:00:00,Maharashtra,Western Region,293.77,289.93,5472.2,5259.9,0.0,46.64,50.9,25.5,0.0,43.0,0,None
2023-11-18 01:00:00,Maharashtra,Western Region,279.53,271.36,5196.6,5196.1,0.0,51.88,56.13,21.9,0.0,49.1,0,None
2023-11-18 02:00:00,Maharashtra,Western Region,246.03,242.26,4565.7,4404.1,0.0,61.1,50.91,22.1,0.0,49.8,0,None
2023-11-18 03:00:00,Maharashtra,Western Region,222.3,218.92,4086.1,4065.4,0.0,52.62,49.41,19.7,0.0,44.2,0,None
2023-11-18 04:00:00,Maharashtra,Western Region,250.08,246.84,4585.5,4577.2,0.0,51.49,58.03,23.5,0.0,43.6,0,None
2023-11-18 05:00:00,Maharashtra,Western Region,254.44,248.54,4754.0,4708.3,0.0,45.14,48.74,21.4,0.0,26.2,0,None
2023-11-18 06:00:00,Maharashtra,Western Region,327.08,326.88,6044.0,5817.0,0.0,23.66,52.98,27.4,0.0,35.1,0,None
2023-11-18 07:00:00,Maharashtra,Western Region,357.55,348.5,6589.9,6362.4,35.58,41.35,39.59,25.4,0.0,37.1,0,None
2023-11-18 08:00:00,Maharashtra,Western Region,404.85,393.06,7514.6,7394.1,63.76,21.66,49.82,25.4,0.0,63.0,0,None
2023-11-18 09:00:00,Maharashtra,Western Region,502.69,488.75,9327.5,9292.8,84.15,30.85,45.3,28.2,0.0,43.6,0,None
2023-11-18 10:00:00,Maharashtra,Western Region,564.86,548.25,10441.2,10211.8,107.22,37.46,45.94,30.4,0.0,43.1,0,None
2023-11-18 11:00:00,Maharashtra,Western Region,551.7,546.46,10187.6,9802.9,118.86,20.29,57.61,30.0,0.0,38.5,0,None
2023-11-18 12:00:00,Maharashtra,Western Region,587.75,579.87,10864.5,10728.6,121.34,32.97,51.09,31.7,0.0,44.4,0,None
2023-11-18 13:00:00,Maharashtra,Western Region,588.66,583.94,10898.9,10702.8,116.88,23.58,57.58,33.1,0.0,40.3,0,None
2023-11-18 14:00:00,Maharashtra,Western Region,484.55,484.47,8956.9,8616.6,106.28,8.3,46.99,29.1,0.0,53.2,0,None
2023-11-18 15:00:00,Maharashtra,Western Region,465.78,462.7,8565.4,8380.9,88.9,24.48,42.36,30.7,0.0,55.3,0,None
2023-11-18 16:00:00,Maharashtra,Western Region,440.16,432.44,8112.2,8022.7,65.19,29.27,56.85,30.5,0.0,35.9,0,None
2023-11-18 17:00:00,Maharashtra,Western Region,420.23,419.32,7881.3,7745.5,25.96,31.69,67.73,30.8,0.0,33.1,0,None
2023-11-18 18:00:00,Maharashtra,Western Region,385.29,374.9,7155.1,6967.4,0.0,42.68,50.34,28.1,0.0,40.8,0,None
2023-11-18 19:00:00,Maharashtra,Western Region,376.31,365.41,6947.9,6886.2,0.0,51.46,54.94,25.6,0.0,40.1,0,None
2023-11-18 20:00:00,Maharashtra,Western Region,412.93,409.47,7626.9,7475.9,0.0,48.46,50.46,30.1,0.0,51.1,0,None
2023-11-18 21:00:00,Maharashtra,Western Region,397.24,387.57,7357.6,7113.1,0.0,50.78,51.2,28.1,0.0,41.9,0,None
2023-11-18 22:00:00,Maharashtra,Western Region,357.11,351.92,6525.5,6507.8,0.0,51.33,56.44,25.3,0.0,55.2,0,None
2023-11-18 23:00:00,Maharashtra,Western Region,320.16,312.73,5900.5,5815.7,0.0,53.59,49.91,23.5,0.0,45.4,0,None
2023-11-19 00:00:00,Maharashtra,Western Region,282.69,274.63,5245.7,5039.5,0.0,53.47,54.6,27.8,0.0,44.4,1,None
2023-11-19 01:00:00,Maharashtra,Western Region,246.18,243.53,4583.0,4405.2,0.0,52.82,37.3,23.4,0.0,73.3,1,None
2023-11-19 02:00:00,Maharashtra,Western Region,175.1,174.21,3221.1,3121.4,0.0,36.37,44.94,21.8,0.0,46.4,1,None
2023-11-19 03:00:00,Maharashtra,Western Region,197.21,194.07,3712.3,3570.8,0.0,44.87,47.72,23.3,0.0,43.9,1,None
2023-11-19 04:00:00,Maharashtra,Western Region,187.87,183.89,3494.8,3436.9,0.0,48.5,35.1,22.1,0.0,55.3,1,None
2023-11-19 05:00:00,Maharashtra,Western Region,215.73,213.92,4011.2,4007.4,0.0,31.69,48.93,23.0,0.0,45.4,1,None
2023-11-19 06:00:00,Maharashtra,Western Region,267.63,266.1,4973.6,4799.7,0.0,21.57,57.14,26.1,0.0,54.3,1,None
2023-11-19 07:00:00,Maharashtra,Western Region,302.13,301.0,5652.5,5601.6,30.65,32.96,54.67,23.6,0.0,45.1,1,None
2023-11-19 08:00:00,Maharashtra,Western Region,398.01,394.17,7376.7,7208.7,62.12,21.34,45.4,28.2,0.0,31.9,1,None
2023-11-19 09:00:00,Maharashtra,Western Region,404.52,399.81,7362.7,7188.5,82.73,29.66,46.85,26.5,0.0,48.0,1,None
2023-11-19 10:00:00,Maharashtra,Western Region,450.88,449.24,8374.1,8151.1,104.86,23.21,38.88,29.1,0.0,41.5,1,None
2023-11-19 11:00:00,Maharashtra,Western Region,439.21,427.6,8113.3,7822.7,111.77,41.68,61.18,27.3,0.0,42.6,1,None
2023-11-19 12:00:00,Maharashtra,Western Region,478.12,464.35,8879.6,8645.5,113.32,19.0,45.16,30.0,0.0,39.9,1,None
2023-11-19 13:00:00,Maharashtra,Western Region,475.0,469.12,8774.8,8661.0,113.24,40.22,50.94,29.8,0.0,40.9,1,None
2023-11-19 14:00:00,Maharashtra,Western Region,435.24,434.37,8069.9,7952.1,101.03,14.96,46.06,29.4,0.0,46.3,1,None
2023-11-19 15:00:00,Maharashtra,Western Region,410.69,400.04,7637.3,7387.7,93.71,13.64,49.63,29.7,0.0,40.2,1,None
2023-11-19 16:00:00,Maharashtra,Western Region,375.71,365.16,6892.1,6664.6,53.84,25.3,49.7,30.9,0.0,70.2,1,None
2023-11-19 17:00:00,Maharashtra,Western Region,338.61,337.26,6265.5,6222.4,25.73,31.08,55.76,28.9,0.0,41.8,1,None
2023-11-19 18:00:00,Maharashtra,Western Region,375.07,374.4,6911.8,6729.0,0.72,36.73,48.62,29.3,0.0,34.5,1,None
2023-11-19 19:00:00,Maharashtra,Western Region,369.33,362.22,6879.2,6691.1,0.0,24.7,45.66,29.5,0.0,53.8,1,None
2023-11-19 20:00:00,Maharashtra,Western Region,361.0,352.11,6639.5,6496.9,0.0,33.13,55.23,29.6,0.0,38.3,1,None
2023-11-19 21:00:00,Maharashtra,Western Region,338.42,337.36,6261.5,6254.7,0.0,44.64,49.08,24.7,0.0,34.2,1,None
2023-11-19 22:00:00,Maharashtra,Western Region,329.45,322.49,6168.6,5928.5,0.0,65.25,49.45,25.4,0.0,48.4,1,None
2023-11-19 23:00:00,Maharashtra,Western Region,310.0,309.25,5822.6,5742.4,0.0,38.97,42.5,24.6,0.0,38.4,1,None
2023-11-20 00:00:00,Maharashtra,Western Region,285.81,283.75,5340.0,5272.4,0.0,52.7,43.43,24.0,0.0,47.4,0,None
2023-11-20 01:00:00,Maharashtra,Western Region,282.51,278.4,5186.4,5100.5,0.0,62.29,51.4,22.3,0.0,47.2,0,None
2023-11-20 02:00:00,Maharashtra,Western Region,239.23,234.99,4454.5,4341.4,0.0,61.24,48.28,23.9,0.0,43.7,0,None
2023-11-20 03:00:00,Maharashtra,Western Region,250.93,246.36,4648.9,4572.2,0.0,45.97,43.07,18.8,0.0,38.2,0,None
2023-11-20 04:00:00,Maharashtra,Western Region,234.75,228.84,4311.5,4143.7,0.0,27.4,58.07,25.4,0.0,43.7,0,None
2023-11-20 05:00:00,Maharashtra,Western Region,275.87,272.27,5118.8,4934.6,0.0,22.21,55.13,26.2,0.0,43.1,0,None
2023-11-20 06:00:00,Maharashtra,Western Region,292.83,288.92,5277.9,5089.5,0.0,35.35,54.4,22.9,0.1,40.2,0,None
2023-11-20 07:00:00,Maharashtra,Western Region,413.77,402.83,7595.1,7310.5,33.57,39.18,58.89,27.7,0.0,47.4,0,None
2023-11-20 08:00:00,Maharashtra,Western Region,469.56,456.78,8633.2,8485.3,52.99,18.39,48.65,29.5,0.0,42.8,0,None
2023-11-20 09:00:00,Maharashtra,Western Region,511.25,509.76,9490.0,9156.9,87.88,30.81,60.63,28.7,0.0,37.1,0,None
2023-11-20 10:00:00,Maharashtra,Western Region,518.58,503.52,9590.2,9560.9,101.78,29.7,42.53,29.0,0.0,32.4,0,None
2023-11-20 11:00:00,Maharashtra,Western Region,529.86,520.81,9832.7,9497.9,111.78,14.45,44.46,28.7,0.0,41.9,0,None
2023-11-20 12:00:00,Maharashtra,Western Region,530.07,526.67,9778.5,9445.6,128.51,11.39,64.99,29.1,0.0,45.8,0,None
2023-11-20 13:00:00,Maharashtra,Western Region,510.1,503.92,9405.8,9202.5,112.04,10.32,48.66,28.7,0.0,46.1,0,None
2023-11-20 14:00:00,Maharashtra,Western Region,476.96,472.19,8805.2,8577.2,105.83,16.81,48.45,29.2,0.0,51.0,0,None
2023-11-20 15:00:00,Maharashtra,Western Region,499.13,486.79,9167.4,9084.6,87.1,13.11,46.68,32.5,0.0,47.7,0,None
2023-11-20 16:00:00,Maharashtra,Western Region,405.79,401.57,7594.1,7582.1,62.86,30.06,56.69,29.8,0.0,41.8,0,None
2023-11-20 17:00:00,Maharashtra,Western Region,392.67,385.21,7298.5,7042.3,30.59,32.2,43.96,28.4,0.0,39.9,0,None
2023-11-20 18:00:00,Maharashtra,Western Region,343.61,342.84,6314.9,6166.6,0.0,48.39,47.03,24.4,0.0,58.6,0,None
2023-11-20 19:00:00,Maharashtra,Western Region,347.85,346.39,6514.1,6294.7,0.0,33.97,52.48,26.1,0.0,57.5,0,None
2023-11-20 20:00:00,Maharashtra,Western Region,392.49,390.78,7255.1,7106.7,0.0,33.23,46.37,27.0,0.0,52.7,0,None
2023-11-20 21:00:00,Maharashtra,Western Region,348.67,341.71,6323.1,6123.0,0.0,25.55,45.31,22.6,0.0,54.0,0,None
2023-11-20 22:00:00,Maharashtra,Western Region,333.55,330.34,6248.8,6062.6,0.0,43.31,48.53,24.5,0.0,55.2,0,None
2023-11-20 23:00:00,Maharashtra,Western Region,327.82,322.97,6109.0,5908.3,0.0,40.06,52.1,23.3,0.0,47.6,0,None
2023-11-21 00:00:00,Maharashtra,Western Region,284.11,281.13,5266.7,5063.3,0.0,55.84,42.67,21.7,0.0,46.2,0,None
2023-11-21 01:00:00,Maharashtra,Western Region,262.7,256.03,4833.2,4754.5,0.0,49.34,54.86,23.4,0.0,46.7,0,None
2023-11-21 02:00:00,Maharashtra,Western Region,229.89,226.93,4325.8,4237.7,0.0,46.81,45.57,21.6,0.0,32.1,0,None
2023-11-21 03:00:00,Maharashtra,Western Region,214.93,212.17,3960.7,3871.6,0.0,44.3,46.08,21.4,0.0,48.0,0,None
2023-11-21 04:00:00,Maharashtra,Western Region,251.89,250.18,4667.7,4603.8,0.0,41.95,59.12,23.1,0.0,54.5,0,None
2023-11-21 05:00:00,Maharashtra,Western Region,257.77,252.31,4820.2,4651.3,0.0,42.45,50.75,23.3,0.0,32.6,0,None
2023-11-21 06:00:00,Maharashtra,Western Region,272.95,267.91,5119.6,5018.4,4.81,34.08,46.3,22.9,0.1,41.2,0,None
2023-11-21 07:00:00,Maharashtra,Western Region,339.45,338.01,6275.1,6092.0,30.42,31.58,57.64,24.7,0.0,49.9,0,None
2023-11-21 08:00:00,Maharashtra,Western Region,469.01,461.2,8609.0,8491.2,53.06,37.27,55.27,28.2,0.0,48.0,0,None
2023-11-21 09:00:00,Maharashtra,Western Region,512.87,498.9,9453.3,9196.0,94.45,29.37,54.45,29.2,0.0,40.1,0,None
2023-11-21 10:00:00,Maharashtra,Western Region,481.57,475.68,8909.0,8869.0,101.24,36.04,47.2,27.1,0.0,42.6,0,None
2023-11-21 11:00:00,Maharashtra,Western Region,591.8,589.46,11039.5,10710.3,117.45,13.2,42.65,30.9,0.0,45.3,0,None
2023-11-21 12:00:00,Maharashtra,Western Region,572.22,561.28,10613.9,10447.7,116.02,6.72,45.93,31.2,0.0,46.4,0,None
2023-11-21 13:00:00,Maharashtra,Western Region,528.22,514.61,9780.4,9697.4,116.53,16.54,49.02,30.3,0.0,44.3,0,None
2023-11-21 14:00:00,Maharashtra,Western Region,493.92,482.66,9188.8,8938.2,93.17,14.23,51.79,30.6,0.0,45.9,0,None
2023-11-21 15:00:00,Maharashtra,Western Region,455.69,450.65,8379.3,8295.4,66.16,28.94,44.92,30.7,0.0,30.6,0,None
2023-11-21 16:00:00,Maharashtra,Western Region,433.57,429.45,7925.0,7857.9,65.28,40.59,49.51,29.9,0.0,46.7,0,None
2023-11-21 17:00:00,Maharashtra,Western Region,433.99,422.58,7996.2,7907.8,20.63,7.02,54.81,31.7,0.0,55.1,0,None
2023-11-21 18:00:00,Maharashtra,Western Region,424.87,418.12,7839.7,7613.0,3.86,30.48,53.62,30.1,0.0,55.6,0,None
2023-11-21 19:00:00,Maharashtra,Western Region,385.83,375.64,7053.1,6898.0,0.0,36.91,44.84,27.5,0.0,37.1,0,None
2023-11-21 20:00:00,Maharashtra,Western Region,395.67,387.28,7352.0,7196.7,0.0,54.23,50.71,28.2,0.0,62.5,0,None
2023-11-21 21:00:00,Maharashtra,Western Region,356.38,349.1,6609.0,6537.1,0.0,42.57,57.85,24.0,0.0,44.5,0,None
2023-11-21 22:00:00,Maharashtra,Western Region,392.03,387.53,7164.2,7151.0,0.0,49.7,51.84,24.4,0.0,52.5,0,None
2023-11-21 23:00:00,Maharashtra,Western Region,304.02,295.16,5662.5,5588.1,0.0,50.72,50.75,24.4,0.0,56.7,0,None
2023-11-22 00:00:00,Maharashtra,Western Region,272.4,265.09,5081.1,4996.4,0.0,56.31,43.24,24.4,0.0,48.8,0,None
2023-11-22 01:00:00,Maharashtra,Western Region,244.72,241.95,4505.2,4479.9,0.0,38.34,41.71,24.2,0.0,59.5,0,None
2023-11-22 02:00:00,Maharashtra,Western Region,267.36,260.1,4857.4,4735.1,0.0,37.03,49.58,25.9,0.0,55.5,0,None
2023-11-22 03:00:00,Maharashtra,Western Region,237.91,230.94,4441.5,4298.6,0.0,39.23,56.07,18.9,0.0,48.7,0,None
2023-11-22 04:00:00,Maharashtra,Western Region,241.63,239.08,4505.5,4458.2,0.0,57.41,52.78,25.6,0.0,35.2,0,None
2023-11-22 05:00:00,Maharashtra,Western Region,250.45,247.18,4672.6,4631.7,0.0,29.17,58.27,21.3,0.0,45.8,0,None
2023-11-22 06:00:00,Maharashtra,Western Region,341.51,332.38,6302.2,6268.6,5.41,33.26,51.31,27.4,0.0,56.5,0,None
2023-11-22 07:00:00,Maharashtra,Western Region,370.92,368.54,6866.2,6633.4,35.9,21.71,51.99,23.9,0.0,44.2,0,None
2023-11-22 08:00:00,Maharashtra,Western Region,429.46,426.22,7978.0,7916.5,68.14,38.95,55.01,28.1,0.0,39.4,0,None
2023-11-22 09:00:00,Maharashtra,Western Region,499.13,495.27,9167.5,9134.0,78.59,31.02,45.64,28.6,0.0,35.1,0,None
2023-11-22 10:00:00,Maharashtra,Western Region,598.56,584.81,11076.4,10838.3,98.04,21.1,45.05,32.2,0.0,44.7,0,None
2023-11-22 11:00:00,Maharashtra,Western Region,540.55,537.72,10033.2,9720.0,117.92,10.97,50.45,29.0,0.0,49.5,0,None
2023-11-22 12:00:00,Maharashtra,Western Region,614.12,597.14,11290.6,11208.6,119.05,18.14,49.79,32.1,0.0,48.7,0,None
2023-11-22 13:00:00,Maharashtra,Western Region,532.18,523.46,9759.0,9496.3,117.57,17.26,45.32,30.7,0.0,44.7,0,None
2023-11-22 14:00:00,Maharashtra,Western Region,533.38,520.8,9925.4,9644.0,110.22,21.05,51.65,30.4,0.0,50.2,0,None
2023-11-22 15:00:00,Maharashtra,Western Region,433.94,430.52,8034.2,7907.2,92.14,30.04,48.28,28.3,0.0,43.9,0,None
2023-11-22 16:00:00,Maharashtra,Western Region,446.96,435.87,8179.3,8145.9,61.65,40.49,46.07,31.5,0.0,57.2,0,None
2023-11-22 17:00:00,Maharashtra,Western Region,401.63,396.27,7380.0,7158.9,25.75,36.43,48.54,29.7,0.0,52.7,0,None
2023-11-22 18:00:00,Maharashtra,Western Region,400.7,397.23,7458.3,7361.3,0.0,27.0,45.93,29.2,0.0,27.6,0,None
2023-11-22 19:00:00,Maharashtra,Western Region,335.56,333.72,6247.2,6009.3,0.0,44.0,58.33,25.7,0.0,44.4,0,None
2023-11-22 20:00:00,Maharashtra,Western Region,380.23,376.67,7134.4,6898.7,0.0,31.9,41.92,25.5,0.0,48.6,0,None
2023-11-22 21:00:00,Maharashtra,Western Region,349.23,345.32,6382.0,6275.8,0.0,46.29,45.52,25.8,0.0,33.1,0,None
2023-11-22 22:00:00,Maharashtra,Western Region,362.82,360.25,6657.8,6545.4,0.0,50.98,52.65,24.9,0.0,43.8,0,None
2023-11-22 23:00:00,Maharashtra,Western Region,315.6,311.19,5759.4,5683.6,0.0,57.01,43.69,25.0,0.0,60.2,0,None
2023-11-23 00:00:00,Maharashtra,Western Region,294.84,286.94,5361.0,5276.9,0.0,51.43,57.12,24.4,0.0,32.9,0,None
2023-11-23 01:00:00,Maharashtra,Western Region,270.24,266.71,5026.1,4904.8,0.0,56.31,48.8,23.2,0.0,51.8,0,None
2023-11-23 02:00:00,Maharashtra,Western Region,244.21,240.48,4595.2,4420.7,0.0,56.11,39.17,22.2,0.0,39.2,0,None
2023-11-23 03:00:00,Maharashtra,Western Region,226.04,221.03,4258.4,4240.3,0.0,62.33,44.92,18.7,0.0,38.5,0,None
2023-11-23 04:00:00,Maharashtra,Western Region,251.09,249.84,4596.8,4488.0,0.0,45.32,44.93,22.2,0.0,35.9,0,None
2023-11-23 05:00:00,Maharashtra,Western Region,266.2,258.72,4931.3,4776.8,0.0,41.49,57.56,24.9,0.0,39.4,0,None
2023-11-23 06:00:00,Maharashtra,Western Region,280.13,276.09,5177.8,5150.0,8.51,31.48,47.96,23.6,0.0,52.2,0,None
2023-11-23 07:00:00,Maharashtra,Western Region,337.32,328.11,6294.4,6222.5,39.48,37.81,56.14,24.0,0.0,45.2,0,None
2023-11-23 08:00:00,Maharashtra,Western Region,419.89,412.63,7767.1,7703.9,63.49,31.1,52.43,26.9,0.0,51.4,0,None
2023-11-23 09:00:00,Maharashtra,Western Region,509.72,501.48,9380.6,9353.7,84.89,31.51,60.45,27.8,0.0,44.8,0,None
2023-11-23 10:00:00,Maharashtra,Western Region,555.69,541.59,10265.8,10065.1,98.8,19.16,44.58,30.9,0.0,59.7,0,None
2023-11-23 11:00:00,Maharashtra,Western Region,568.21,551.69,10519.7,10482.4,109.63,7.38,50.57,29.3,0.0,35.8,0,None
2023-11-23 12:00:00,Maharashtra,Western Region,542.56,540.71,9986.1,9946.7,123.66,12.98,55.17,29.4,0.0,36.6,0,None
2023-11-23 13:00:00,Maharashtra,Western Region,528.5,527.28,9701.6,9612.9,123.25,26.32,39.68,29.9,0.0,38.3,0,None
2023-11-23 14:00:00,Maharashtra,Western Region,499.99,489.47,9222.7,8884.9,106.97,35.5,62.78,29.2,0.0,51.0,0,None
2023-11-23 15:00:00,Maharashtra,Western Region,482.17,468.15,8877.2,8871.4,84.36,20.19,44.55,31.3,0.0,35.8,0,None
2023-11-23 16:00:00,Maharashtra,Western Region,451.88,442.96,8307.2,8054.6,68.03,6.86,47.76,31.3,0.0,71.1,0,None
2023-11-23 17:00:00,Maharashtra,Western Region,439.62,434.32,8090.9,7866.9,28.12,29.31,53.01,29.3,0.0,50.5,0,None
2023-11-23 18:00:00,Maharashtra,Western Region,386.88,376.5,7175.2,6980.1,0.0,38.42,44.97,27.9,0.0,40.8,0,None
2023-11-23 19:00:00,Maharashtra,Western Region,377.34,373.49,6986.6,6793.3,0.0,28.79,39.28,28.4,0.0,31.0,0,None
2023-11-23 20:00:00,Maharashtra,Western Region,361.22,359.73,6770.7,6712.4,0.0,30.19,58.87,26.9,0.0,46.7,0,None
2023-11-23 21:00:00,Maharashtra,Western Region,361.35,351.24,6719.6,6462.9,0.0,34.51,49.1,26.6,0.0,57.1,0,None
2023-11-23 22:00:00,Maharashtra,Western Region,327.58,321.7,6065.6,6062.3,0.0,49.46,45.9,26.4,0.0,30.2,0,None
2023-11-23 23:00:00,Maharashtra,Western Region,357.85,348.21,6615.6,6566.4,0.0,38.54,50.83,28.5,0.0,38.9,0,None
2023-11-24 00:00:00,Maharashtra,Western Region,303.23,297.94,5556.3,5548.7,0.0,50.42,45.89,23.8,0.0,48.5,0,None
2023-11-24 01:00:00,Maharashtra,Western Region,250.22,246.11,4656.6,4602.2,0.0,45.24,51.52,23.6,0.0,47.5,0,None
2023-11-24 02:00:00,Maharashtra,Western Region,236.68,231.6,4474.1,4370.5,0.0,51.99,49.19,22.4,0.0,38.5,0,None
2023-11-24 03:00:00,Maharashtra,Western Region,234.43,229.74,4327.9,4324.1,0.0,43.18,47.85,22.5,0.0,48.5,0,None
2023-11-24 04:00:00,Maharashtra,Western Region,241.27,241.18,4464.8,4380.8,0.0,43.31,53.82,24.6,0.0,46.8,0,None
2023-11-24 05:00:00,Maharashtra,Western Region,248.55,243.69,4666.3,4603.0,0.0,39.05,55.87,23.8,0.0,44.3,0,None
2023-11-24 06:00:00,Maharashtra,Western Region,320.85,311.55,5850.4,5782.3,0.0,45.21,49.01,23.1,0.0,46.3,0,None
2023-11-24 07:00:00,Maharashtra,Western Region,372.13,361.94,6923.2,6913.8,29.27,32.61,52.05,26.8,0.0,45.4,0,None
2023-11-24 08:00:00,Maharashtra,Western Region,472.48,469.16,8750.3,8507.1,59.41,23.67,53.1,30.1,0.0,40.6,0,None
2023-11-24 09:00:00,Maharashtra,Western Region,502.24,490.06,9276.4,9102.3,85.91,23.43,42.05,29.1,0.0,36.2,0,None
2023-11-24 10:00:00,Maharashtra,Western Region,564.02,556.92,10411.1,10068.0,93.49,17.2,39.72,29.6,0.0,44.9,0,None
2023-11-24 11:00:00,Maharashtra,Western Region,627.15,614.59,11598.1,11345.3,114.44,15.24,46.59,31.4,0.0,35.2,0,None
2023-11-24 12:00:00,Maharashtra,Western Region,585.15,575.24,10813.1,10537.7,118.55,16.59,46.45,32.0,0.0,45.7,0,None
2023-11-24 13:00:00,Maharashtra,Western Region,492.47,478.1,9068.7,8840.2,126.86,27.98,54.32,28.9,0.0,39.1,0,None
2023-11-24 14:00:00,Maharashtra,Western Region,517.14,501.91,9602.5,9593.1,110.64,25.65,41.55,32.5,0.0,59.7,0,None
2023-11-24 15:00:00,Maharashtra,Western Region,489.68,478.56,9104.5,8938.2,87.19,17.48,47.17,30.7,0.0,46.9,0,None
2023-11-24 16:00:00,Maharashtra,Western Region,379.26,376.27,7067.7,6908.8,59.96,33.39,38.08,26.2,0.0,44.5,0,None
2023-11-24 17:00:00,Maharashtra,Western Region,455.7,442.47,8481.2,8450.8,31.58,34.86,49.84,32.5,0.0,55.7,0,None
2023-11-24 18:00:00,Maharashtra,Western Region,366.79,361.06,6738.8,6507.7,11.65,41.63,53.17,27.0,0.0,40.4,0,None
2023-11-24 19:00:00,Maharashtra,Western Region,391.84,380.39,7296.1,7124.3,0.0,41.02,49.82,28.7,0.0,44.4,0,None
2023-11-24 20:00:00,Maharashtra,Western Region,378.27,368.87,6971.4,6917.3,0.0,55.01,52.4,26.5,0.0,41.9,0,None
2023-11-24 21:00:00,Maharashtra,Western Region,395.29,393.11,7338.5,7185.8,0.0,43.19,39.27,28.8,0.0,57.1,0,None
2023-11-24 22:00:00,Maharashtra,Western Region,336.05,329.36,6214.9,6054.3,0.0,50.65,49.72,24.5,0.0,44.7,0,None
2023-11-24 23:00:00,Maharashtra,Western Region,338.75,330.51,6279.8,6033.8,0.0,43.7,58.5,21.3,0.0,45.7,0,None
2023-11-25 00:00:00,Maharashtra,Western Region,304.89,297.13,5646.5,5521.1,0.0,36.73,58.96,26.6,0.0,48.9,0,None
2023-11-25 01:00:00,Maharashtra,Western Region,253.23,248.8,4687.7,4573.0,0.0,59.04,49.13,23.4,0.0,49.0,0,None
2023-11-25 02:00:00,Maharashtra,Western Region,244.03,240.15,4573.5,4456.4,0.0,44.81,49.24,22.6,0.0,49.9,0,None
2023-11-25 03:00:00,Maharashtra,Western Region,233.47,232.04,4374.6,4355.8,0.0,46.47,45.49,25.2,0.0,41.8,0,None
2023-11-25 04:00:00,Maharashtra,Western Region,245.89,242.21,4596.5,4420.7,0.0,51.43,60.5,23.8,0.0,39.0,0,None
2023-11-25 05:00:00,Maharashtra,Western Region,249.43,248.46,4690.8,4583.3,0.0,34.86,61.56,22.2,0.0,49.1,0,None
2023-11-25 06:00:00,Maharashtra,Western Region,300.98,297.09,5539.5,5493.2,3.9,28.82,46.3,23.4,0.0,44.9,0,None
2023-11-25 07:00:00,Maharashtra,Western Region,333.41,327.68,6204.5,6069.2,37.87,24.6,45.6,25.4,0.0,27.0,0,None
2023-11-25 08:00:00,Maharashtra,Western Region,447.55,443.49,8299.5,8182.4,59.6,18.05,50.39,28.1,0.0,50.5,0,None
2023-11-25 09:00:00,Maharashtra,Western Region,407.76,395.86,7548.6,7533.4,85.38,18.71,46.93,25.2,0.0,33.1,0,None
2023-11-25 10:00:00,Maharashtra,Western Region,532.2,518.78,9863.5,9528.2,113.15,9.38,50.79,28.5,0.0,42.6,0,None
2023-11-25 11:00:00,Maharashtra,Western Region,525.6,525.37,9768.5,9533.2,113.0,15.58,57.6,28.4,0.0,41.4,0,None
2023-11-25 12:00:00,Maharashtra,Western Region,533.26,525.0,9884.2,9814.9,113.26,30.26,44.45,28.6,0.0,54.3,0,None
2023-11-25 13:00:00,Maharashtra,Western Region,552.14,538.71,10222.0,10165.5,111.89,29.37,56.9,30.6,0.0,21.4,0,None
2023-11-25 14:00:00,Maharashtra,Western Region,564.0,555.33,10428.0,10393.3,113.04,15.46,54.58,34.5,0.0,48.2,0,None
2023-11-25 15:00:00,Maharashtra,Western Region,418.92,412.84,7693.8,7422.4,84.86,37.08,42.86,28.3,0.0,35.6,0,None
2023-11-25 16:00:00,Maharashtra,Western Region,433.47,429.96,7908.7,7849.9,55.64,33.63,37.46,31.4,0.0,40.3,0,None
2023-11-25 17:00:00,Maharashtra,Western Region,423.56,412.15,7886.0,7748.3,37.75,33.56,53.1,29.2,0.0,39.4,0,None
2023-11-25 18:00:00,Maharashtra,Western Region,409.75,403.28,7638.5,7365.7,0.0,26.06,58.38,28.3,0.0,43.1,0,None
2023-11-25 19:00:00,Maharashtra,Western Region,375.85,372.98,6984.9,6742.0,0.0,34.64,50.57,28.3,0.0,46.5,0,None
2023-11-25 20:00:00,Maharashtra,Western Region,419.21,418.25,7688.8,7424.2,0.0,29.34,60.18,29.3,0.0,38.7,0,None
2023-11-25 21:00:00,Maharashtra,Western Region,361.23,350.45,6635.9,6497.9,0.0,38.2,48.73,26.9,0.0,37.6,0,None
2023-11-25 22:00:00,Maharashtra,Western Region,380.14,371.99,7081.0,6923.3,0.0,51.11,57.73,27.0,0.0,49.3,0,None
2023-11-25 23:00:00,Maharashtra,Western Region,356.68,354.02,6622.9,6392.9,0.0,49.37,44.55,26.1,0.0,45.4,0,None
2023-11-26 00:00:00,Maharashtra,Western Region,278.91,276.6,5181.1,5063.5,0.0,41.18,45.39,26.4,0.0,32.0,1,None
2023-11-26 01:00:00,Maharashtra,Western Region,217.65,215.99,4078.7,4075.9,0.0,55.15,52.02,23.1,0.0,45.8,1,None
2023-11-26 02:00:00,Maharashtra,Western Region,209.66,205.82,3916.6,3815.0,0.0,55.07,46.74,22.5,0.0,43.4,1,None
2023-11-26 03:00:00,Maharashtra,Western Region,190.67,188.51,3603.4,3585.7,0.0,54.9,51.02,25.0,0.0,39.6,1,None
2023-11-26 04:00:00,Maharashtra,Western Region,189.69,187.27,3509.2,3446.5,0.0,55.45,59.28,22.9,0.0,47.3,1,None
2023-11-26 05:00:00,Maharashtra,Western Region,251.25,246.33,4632.1,4461.2,0.0,37.73,52.54,26.0,0.0,36.0,1,None
2023-11-26 06:00:00,Maharashtra,Western Region,234.36,233.94,4329.5,4321.0,0.1,29.47,41.83,24.8,0.0,39.8,1,None
2023-11-26 07:00:00,Maharashtra,Western Region,328.06,327.57,6159.8,6150.4,29.2,32.38,54.1,25.2,0.0,37.1,1,None
2023-11-26 08:00:00,Maharashtra,Western Region,360.32,351.46,6615.4,6539.7,58.53,36.15,44.55,26.4,0.0,45.3,1,None
2023-11-26 09:00:00,Maharashtra,Western Region,455.16,446.18,8421.1,8414.5,79.8,30.54,53.0,28.3,0.0,30.3,1,None
2023-11-26 10:00:00,Maharashtra,Western Region,441.57,429.7,8151.5,8141.3,106.79,33.69,55.69,27.4,0.0,37.7,1,None
2023-11-26 11:00:00,Maharashtra,Western Region,505.05,493.22,9395.6,9239.9,121.29,23.27,50.24,29.8,0.0,55.5,1,None
2023-11-26 12:00:00,Maharashtra,Western Region,534.67,522.07,9865.1,9668.7,111.27,24.71,45.84,31.4,0.0,49.1,1,None
2023-11-26 13:00:00,Maharashtra,Western Region,491.46,481.37,9073.8,8912.3,117.32,22.51,58.21,32.1,0.0,34.1,1,None
2023-11-26 14:00:00,Maharashtra,Western Region,490.82,489.38,9143.8,8836.9,102.57,28.94,46.02,33.0,0.0,62.8,1,None
2023-11-26 15:00:00,Maharashtra,Western Region,401.05,389.6,7443.6,7290.0,84.81,25.3,60.42,30.1,0.0,44.2,1,None
2023-11-26 16:00:00,Maharashtra,Western Region,356.3,355.56,6597.3,6524.9,61.85,16.1,55.76,27.3,0.0,37.5,1,None
2023-11-26 17:00:00,Maharashtra,Western Region,368.93,361.39,6870.9,6688.6,31.7,35.29,45.86,30.6,0.0,40.3,1,None
2023-11-26 18:00:00,Maharashtra,Western Region,362.68,352.01,6719.5,6494.3,0.0,35.0,53.85,27.9,0.0,48.2,1,None
2023-11-26 19:00:00,Maharashtra,Western Region,385.23,384.07,7130.2,6853.8,0.0,37.68,53.69,29.9,0.0,51.4,1,None
2023-11-26 20:00:00,Maharashtra,Western Region,360.73,353.88,6527.9,6385.4,0.0,35.52,50.03,28.9,1.0,38.6,1,None
2023-11-26 21:00:00,Maharashtra,Western Region,315.93,311.81,5771.2,5560.0,0.0,50.87,51.87,25.5,0.0,50.7,1,None
2023-11-26 22:00:00,Maharashtra,Western Region,339.89,330.77,6404.0,6202.7,0.0,32.76,51.59,26.7,0.0,44.8,1,None
2023-11-26 23:00:00,Maharashtra,Western Region,286.5,284.02,5222.4,5153.9,0.0,49.54,50.12,25.6,0.0,58.7,1,None
2023-11-27 00:00:00,Maharashtra,Western Region,316.6,310.73,5888.7,5830.3,0.0,65.93,47.0,24.6,0.0,34.9,0,None
2023-11-27 01:00:00,Maharashtra,Western Region,259.0,256.3,4776.7,4648.9,0.0,38.45,43.04,24.1,0.0,46.9,0,None
2023-11-27 02:00:00,Maharashtra,Western Region,217.57,213.44,4050.7,3894.6,0.0,43.94,57.67,24.9,0.0,34.2,0,None
2023-11-27 03:00:00,Maharashtra,Western Region,244.89,244.77,4523.8,4399.4,0.0,36.66,46.35,24.2,0.0,23.9,0,None
2023-11-27 04:00:00,Maharashtra,Western Region,225.5,224.41,4128.4,4117.6,0.0,38.24,56.9,23.5,0.0,48.3,0,None
2023-11-27 05:00:00,Maharashtra,Western Region,266.47,259.65,4988.6,4971.6,0.0,42.04,53.08,24.8,1.0,39.1,0,None
2023-11-27 06:00:00,Maharashtra,Western Region,306.96,303.78,5746.0,5584.1,0.0,34.96,46.75,24.4,0.0,41.0,0,None
2023-11-27 07:00:00,Maharashtra,Western Region,359.5,349.99,6645.9,6439.9,34.47,13.55,48.76,25.7,0.0,41.0,0,None
2023-11-27 08:00:00,Maharashtra,Western Region,428.15,420.53,7972.7,7712.8,54.97,28.86,50.95,28.0,0.0,59.3,0,None
2023-11-27 09:00:00,Maharashtra,Western Region,481.85,475.69,8822.2,8592.5,88.63,24.28,51.52,27.9,0.0,47.1,0,None
2023-11-27 10:00:00,Maharashtra,Western Region,530.05,520.19,9822.3,9630.3,103.03,8.73,53.44,27.5,0.0,32.8,0,None
2023-11-27 11:00:00,Maharashtra,Western Region,549.66,543.59,10160.5,9817.6,112.25,27.95,55.42,29.3,0.0,43.4,0,None
2023-11-27 12:00:00,Maharashtra,Western Region,534.9,534.76,9905.1,9758.4,119.14,21.91,47.53,28.4,0.0,51.7,0,None
2023-11-27 13:00:00,Maharashtra,Western Region,551.17,541.27,10178.6,9866.4,121.76,20.05,53.09,31.2,0.0,48.9,0,None
2023-11-27 14:00:00,Maharashtra,Western Region,477.21,468.26,8819.1,8647.4,100.11,21.53,55.79,30.2,0.0,49.4,0,None
2023-11-27 15:00:00,Maharashtra,Western Region,448.37,438.62,8349.1,8331.5,82.21,25.52,43.45,29.7,0.0,39.4,0,None
2023-11-27 16:00:00,Maharashtra,Western Region,438.65,429.5,8057.6,7896.5,60.11,29.34,47.43,30.1,0.0,39.8,0,None
2023-11-27 17:00:00,Maharashtra,Western Region,432.09,424.58,7973.3,7857.3,20.03,31.26,52.49,30.5,0.0,47.0,0,None
2023-11-27 18:00:00,Maharashtra,Western Region,380.19,377.47,7012.1,6879.2,1.86,27.55,55.06,28.3,0.0,51.9,0,None
2023-11-27 19:00:00,Maharashtra,Western Region,418.81,409.37,7849.2,7779.1,0.0,48.3,44.59,28.5,0.0,35.7,0,None
2023-11-27 20:00:00,Maharashtra,Western Region,370.95,364.02,6902.2,6734.5,0.0,54.64,39.41,28.6,0.0,46.4,0,None
2023-11-27 21:00:00,Maharashtra,Western Region,397.35,396.17,7323.2,7058.7,0.0,48.87,43.81,28.5,0.0,57.2,0,None
2023-11-27 22:00:00,Maharashtra,Western Region,367.35,362.8,6767.4,6688.5,0.0,50.42,55.36,27.4,0.0,42.7,0,None
2023-11-27 23:00:00,Maharashtra,Western Region,314.88,307.96,5708.8,5538.3,0.0,42.79,51.08,22.3,0.0,39.4,0,None
2023-11-28 00:00:00,Maharashtra,Western Region,308.4,300.74,5657.2,5521.1,0.0,45.45,43.47,22.0,0.0,37.6,0,None
2023-11-28 01:00:00,Maharashtra,Western Region,284.64,276.51,5279.2,5237.4,0.0,57.25,50.49,22.8,0.0,42.3,0,None
2023-11-28 02:00:00,Maharashtra,Western Region,258.14,255.37,4690.1,4584.2,0.0,60.53,56.36,22.7,0.0,47.3,0,None
2023-11-28 03:00:00,Maharashtra,Western Region,244.43,244.24,4623.3,4531.6,0.0,46.12,46.13,23.2,0.0,33.0,0,None
2023-11-28 04:00:00,Maharashtra,Western Region,221.6,217.12,4148.7,4022.4,0.0,42.36,42.22,21.8,0.0,53.0,0,None
2023-11-28 05:00:00,Maharashtra,Western Region,306.35,297.52,5631.6,5454.4,0.0,46.56,60.75,22.8,0.0,41.1,0,None
2023-11-28 06:00:00,Maharashtra,Western Region,321.05,312.83,5927.4,5716.7,0.76,29.77,52.94,25.7,0.9,52.6,0,None
2023-11-28 07:00:00,Maharashtra,Western Region,353.04,352.44,6432.4,6360.3,33.76,24.73,40.76,25.6,0.0,58.7,0,None
2023-11-28 08:00:00,Maharashtra,Western Region,474.13,466.55,8759.6,8526.2,59.99,30.35,37.09,28.2,0.0,42.8,0,None
2023-11-28 09:00:00,Maharashtra,Western Region,467.69,464.86,8591.4,8536.4,81.26,15.14,46.25,28.1,0.0,36.6,0,None
2023-11-28 10:00:00,Maharashtra,Western Region,507.39,492.97,9330.8,9240.1,106.8,24.68,53.65,27.7,0.0,49.3,0,None
2023-11-28 11:00:00,Maharashtra,Western Region,607.75,607.33,11254.7,10865.2,113.55,4.6,57.6,31.9,0.0,52.0,0,None
2023-11-28 12:00:00,Maharashtra,Western Region,553.56,551.96,10207.6,10145.8,116.29,2.69,52.34,29.5,0.0,53.1,0,None
2023-11-28 13:00:00,Maharashtra,Western Region,595.58,580.81,11046.3,10944.8,111.07,25.28,43.29,34.8,0.0,47.3,0,None
2023-11-28 14:00:00,Maharashtra,Western Region,480.89,470.25,8919.3,8785.2,106.66,0.0,47.25,30.4,0.0,35.4,0,None
2023-11-28 15:00:00,Maharashtra,Western Region,453.16,452.9,8403.1,8071.2,79.21,34.03,50.94,30.5,0.0,34.8,0,None
2023-11-28 16:00:00,Maharashtra,Western Region,468.92,465.94,8622.5,8442.4,54.52,29.3,41.7,31.5,0.0,27.3,0,None
2023-11-28 17:00:00,Maharashtra,Western Region,417.99,417.07,7738.5,7590.8,35.45,29.38,46.02,29.6,0.0,36.3,0,None
2023-11-28 18:00:00,Maharashtra,Western Region,404.82,403.94,7474.6,7294.3,0.0,42.92,32.24,28.2,0.0,46.6,0,None
2023-11-28 19:00:00,Maharashtra,Western Region,395.81,384.73,7359.2,7287.8,0.0,32.39,45.62,27.8,0.0,46.8,0,None
2023-11-28 20:00:00,Maharashtra,Western Region,405.17,393.29,7455.1,7278.0,0.0,41.72,35.79,29.1,0.0,47.9,0,None
2023-11-28 21:00:00,Maharashtra,Western Region,399.18,396.85,7387.9,7176.0,0.0,39.1,54.02,26.4,0.0,39.6,0,None
2023-11-28 22:00:00,Maharashtra,Western Region,362.46,352.07,6712.9,6552.7,0.0,43.59,49.53,23.6,0.0,44.6,0,None
2023-11-28 23:00:00,Maharashtra,Western Region,314.56,305.27,5768.2,5562.6,0.0,46.89,51.76,24.2,0.0,45.0,0,None
2023-11-29 00:00:00,Maharashtra,Western Region,290.82,290.79,5372.3,5158.9,0.0,60.18,55.91,24.6,0.0,45.0,0,None
2023-11-29 01:00:00,Maharashtra,Western Region,263.38,258.62,4915.6,4858.6,0.0,49.45,50.96,25.0,0.0,44.1,0,None
2023-11-29 02:00:00,Maharashtra,Western Region,237.04,235.84,4368.1,4210.0,0.0,38.73,59.13,22.8,0.0,48.5,0,None
2023-11-29 03:00:00,Maharashtra,Western Region,237.97,236.0,4418.1,4374.5,0.0,55.9,50.25,23.8,0.0,66.9,0,None
2023-11-29 04:00:00,Maharashtra,Western Region,218.77,213.1,4058.6,3917.8,0.0,43.54,47.79,23.1,0.0,42.6,0,None
2023-11-29 05:00:00,Maharashtra,Western Region,268.74,268.33,4991.2,4913.8,0.0,39.81,50.24,25.3,0.0,34.5,0,None
2023-11-29 06:00:00,Maharashtra,Western Region,299.87,297.73,5489.5,5458.7,0.0,41.82,46.32,26.1,0.0,50.8,0,None
2023-11-29 07:00:00,Maharashtra,Western Region,382.82,381.33,7067.3,6887.6,28.15,37.38,39.71,26.9,0.0,46.4,0,None
2023-11-29 08:00:00,Maharashtra,Western Region,457.78,445.88,8439.4,8141.2,64.2,37.95,49.87,28.6,0.1,39.5,0,None
2023-11-29 09:00:00,Maharashtra,Western Region,493.74,483.54,9220.7,9066.6,97.65,33.2,49.61,28.4,0.0,36.5,0,None
2023-11-29 10:00:00,Maharashtra,Western Region,540.37,530.18,10010.2,9628.6,109.61,12.64,62.17,28.6,0.0,46.8,0,None
2023-11-29 11:00:00,Maharashtra,Western Region,515.08,510.22,9475.6,9363.8,119.92,28.45,49.37,28.5,0.0,44.4,0,None
2023-11-29 12:00:00,Maharashtra,Western Region,542.51,534.29,10001.4,9733.1,118.87,24.2,46.54,28.5,0.0,56.1,0,None
2023-11-29 13:00:00,Maharashtra,Western Region,561.4,560.98,10499.9,10088.7,116.2,22.42,52.49,30.5,0.0,48.8,0,None
2023-11-29 14:00:00,Maharashtra,Western Region,491.71,490.75,9126.9,8882.5,97.36,10.44,49.58,29.6,0.0,35.9,0,None
2023-11-29 15:00:00,Maharashtra,Western Region,479.67,468.3,8905.8,8785.9,84.4,26.99,52.57,32.1,0.0,40.5,0,None
2023-11-29 16:00:00,Maharashtra,Western Region,404.45,394.69,7406.8,7194.8,64.34,25.28,42.39,28.8,0.0,49.4,0,None
2023-11-29 17:00:00,Maharashtra,Western Region,395.72,390.47,7308.6,7233.6,30.45,30.38,58.15,29.2,0.0,41.1,0,None
2023-11-29 18:00:00,Maharashtra,Western Region,375.87,366.05,6924.5,6661.2,2.01,38.71,43.42,28.3,0.0,35.1,0,None
2023-11-29 19:00:00,Maharashtra,Western Region,347.39,347.33,6422.1,6198.4,0.0,18.4,51.35,25.5,0.6,44.3,0,None
2023-11-29 20:00:00,Maharashtra,Western Region,390.7,387.39,7211.0,7027.5,0.0,39.17,52.94,26.7,0.0,53.5,0,None
2023-11-29 21:00:00,Maharashtra,Western Region,346.42,338.55,6370.2,6313.0,0.0,36.14,39.22,25.2,0.0,37.6,0,None
2023-11-29 22:00:00,Maharashtra,Western Region,360.1,350.06,6621.7,6453.0,0.0,52.51,52.97,23.5,0.0,29.3,0,None
2023-11-29 23:00:00,Maharashtra,Western Region,312.59,311.78,5752.1,5682.4,0.0,48.92,63.39,22.7,0.0,52.6,0,None
2023-11-30 00:00:00,Maharashtra,Western Region,291.18,290.19,5466.8,5404.3,0.0,59.59,51.21,23.7,0.0,63.7,0,None
2023-11-30 01:00:00,Maharashtra,Western Region,246.43,243.71,4549.9,4537.7,0.0,55.76,50.8,24.9,0.0,57.5,0,None
2023-11-30 02:00:00,Maharashtra,Western Region,210.22,207.97,3903.5,3899.7,0.0,38.95,49.91,20.4,0.0,38.1,0,None
2023-11-30 03:00:00,Maharashtra,Western Region,221.55,216.64,4149.6,4088.2,0.0,41.59,50.32,24.8,0.0,57.2,0,None
2023-11-30 04:00:00,Maharashtra,Western Region,222.49,220.49,4096.0,3939.3,0.0,49.9,37.36,23.7,0.0,58.6,0,None
2023-11-30 05:00:00,Maharashtra,Western Region,270.17,265.96,5025.2,4982.4,0.0,49.64,54.72,26.3,0.0,63.4,0,None
2023-11-30 06:00:00,Maharashtra,Western Region,294.38,290.32,5468.6,5333.9,2.49,38.76,60.21,26.8,0.0,42.3,0,None
2023-11-30 07:00:00,Maharashtra,Western Region,389.14,379.36,7149.7,7110.2,33.26,24.67,42.88,26.3,0.0,52.5,0,None
2023-11-30 08:00:00,Maharashtra,Western Region,442.07,434.18,8169.9,7988.1,61.57,27.94,37.16,28.4,0.0,49.4,0,None
2023-11-30 09:00:00,Maharashtra,Western Region,551.48,535.55,10236.6,10197.8,86.49,20.68,44.02,29.5,0.0,38.6,0,None
2023-11-30 10:00:00,Maharashtra,Western Region,534.17,528.31,9970.0,9658.8,113.36,25.14,51.69,28.6,0.0,56.3,0,None
2023-11-30 11:00:00,Maharashtra,Western Region,612.21,595.03,11289.0,11274.9,117.64,24.09,56.44,31.8,0.0,55.2,0,None
2023-11-30 12:00:00,Maharashtra,Western Region,602.71,595.81,11120.4,10775.0,115.31,13.36,51.07,31.6,0.0,52.3,0,None
2023-11-30 13:00:00,Maharashtra,Western Region,501.17,486.16,9283.6,9066.4,115.71,4.43,47.42,28.2,0.0,50.2,0,None
2023-11-30 14:00:00,Maharashtra,Western Region,489.88,484.86,9088.0,8879.1,98.3,26.74,57.14,30.6,0.0,46.8,0,None
2023-11-30 15:00:00,Maharashtra,Western Region,468.36,461.37,8618.4,8316.4,90.89,26.67,50.44,31.2,0.0,51.0,0,None
2023-11-30 16:00:00,Maharashtra,Western Region,417.35,407.97,7776.4,7709.2,61.61,28.13,45.25,30.0,0.0,40.9,0,None
2023-11-30 17:00:00,Maharashtra,Western Region,410.78,406.76,7601.7,7542.5,35.58,44.88,51.06,29.7,0.0,57.9,0,None
2023-11-30 18:00:00,Maharashtra,Western Region,388.65,383.0,7161.9,6999.5,0.0,23.29,57.03,28.0,0.0,49.0,0,None
2023-11-30 19:00:00,Maharashtra,Western Region,387.56,377.69,7220.4,7058.6,0.0,41.72,46.93,29.2,0.0,41.1,0,None
2023-11-30 20:00:00,Maharashtra,Western Region,351.08,348.88,6489.2,6408.1,0.0,54.31,39.46,26.0,0.0,41.6,0,None
2023-11-30 21:00:00,Maharashtra,Western Region,359.92,359.69,6566.9,6308.9,0.0,41.36,48.9,25.7,0.0,49.1,0,None
2023-11-30 22:00:00,Maharashtra,Western Region,391.92,391.63,7206.3,7149.8,0.0,43.33,46.31,28.7,0.0,64.2,0,None
2023-11-30 23:00:00,Maharashtra,Western Region,334.68,332.54,6149.1,5976.1,0.0,48.55,57.51,25.1,0.0,39.8,0,None
2023-12-01 00:00:00,Maharashtra,Western Region,312.88,311.95,5705.1,5492.8,0.0,45.69,43.38,15.6,0.0,36.1,0,None
2023-12-01 01:00:00,Maharashtra,Western Region,319.45,310.33,5998.8,5782.6,0.0,45.65,43.1,10.8,0.0,54.9,0,None
2023-12-01 02:00:00,Maharashtra,Western Region,248.73,247.35,4621.4,4574.1,0.0,51.9,50.31,14.4,0.0,56.5,0,None
2023-12-01 03:00:00,Maharashtra,Western Region,251.32,248.9,4593.7,4453.9,0.0,52.5,58.13,16.3,0.0,48.1,0,None
2023-12-01 04:00:00,Maharashtra,Western Region,250.47,243.46,4718.4,4652.9,0.0,40.51,57.58,14.0,0.0,37.1,0,None
2023-12-01 05:00:00,Maharashtra,Western Region,284.32,282.86,5239.2,5209.8,0.0,37.47,59.05,15.2,0.0,52.7,0,None
2023-12-01 06:00:00,Maharashtra,Western Region,337.6,328.39,6222.0,6121.1,0.0,32.03,49.4,15.7,0.0,46.5,0,None
2023-12-01 07:00:00,Maharashtra,Western Region,377.54,367.21,6897.1,6634.5,34.22,24.12,48.07,15.0,0.0,34.8,0,None
2023-12-01 08:00:00,Maharashtra,Western Region,422.5,419.05,7758.8,7621.4,57.56,29.51,47.0,14.5,0.0,56.6,0,None
2023-12-01 09:00:00,Maharashtra,Western Region,457.69,447.6,8475.8,8141.6,90.31,27.53,57.12,19.8,0.0,34.9,0,None
2023-12-01 10:00:00,Maharashtra,Western Region,465.08,453.3,8559.8,8548.0,104.01,23.73,54.07,20.3,0.0,45.4,0,None
2023-12-01 11:00:00,Maharashtra,Western Region,494.81,486.71,9228.2,9219.2,114.14,41.17,52.33,19.8,0.0,40.4,0,None
2023-12-01 12:00:00,Maharashtra,Western Region,448.82,448.62,8291.3,8125.8,118.58,26.51,50.41,20.1,0.0,40.2,0,None
2023-12-01 13:00:00,Maharashtra,Western Region,439.51,435.41,8168.4,8032.3,115.06,12.04,52.18,21.8,0.0,39.9,0,None
2023-12-01 14:00:00,Maharashtra,Western Region,402.41,397.48,7537.0,7257.5,107.99,19.23,44.62,19.0,0.0,44.0,0,None
2023-12-01 15:00:00,Maharashtra,Western Region,372.66,371.65,6938.2,6749.8,89.54,31.02,46.89,21.5,0.0,38.4,0,None
2023-12-01 16:00:00,Maharashtra,Western Region,355.45,346.45,6591.7,6390.7,65.23,36.78,62.73,22.4,0.0,42.2,0,None
2023-12-01 17:00:00,Maharashtra,Western Region,332.75,326.03,6196.9,6152.6,29.08,41.16,44.69,18.6,1.1,46.6,0,None
2023-12-01 18:00:00,Maharashtra,Western Region,371.35,370.79,6919.9,6811.0,0.0,23.1,39.31,15.3,0.0,43.1,0,None
2023-12-01 19:00:00,Maharashtra,Western Region,355.32,347.25,6642.7,6520.7,0.0,44.76,49.6,21.0,0.0,51.7,0,None
2023-12-01 20:00:00,Maharashtra,Western Region,349.67,343.78,6435.1,6260.9,0.0,46.7,54.58,17.2,0.0,42.0,0,None
2023-12-01 21:00:00,Maharashtra,Western Region,329.96,322.61,6000.6,5855.8,0.0,51.14,57.78,19.5,0.0,39.9,0,None
2023-12-01 22:00:00,Maharashtra,Western Region,341.3,335.5,6270.8,6104.7,0.0,39.67,48.66,17.6,0.0,40.0,0,None
2023-12-01 23:00:00,Maharashtra,Western Region,305.25,302.59,5661.8,5454.5,0.0,45.42,44.8,18.6,0.0,28.6,0,None
2023-12-02 00:00:00,Maharashtra,Western Region,302.22,295.28,5546.9,5451.1,0.0,52.58,50.82,15.5,0.0,46.7,0,None
2023-12-02 01:00:00,Maharashtra,Western Region,285.47,281.61,5230.0,5082.9,0.0,46.24,55.76,14.2,0.0,45.2,0,None
2023-12-02 02:00:00,Maharashtra,Western Region,230.93,227.44,4358.8,4253.4,0.0,45.61,40.51,16.2,0.0,39.2,0,None
2023-12-02 03:00:00,Maharashtra,Western Region,255.69,251.81,4704.9,4522.0,0.0,48.19,61.45,14.0,0.0,50.7,0,None
2023-12-02 04:00:00,Maharashtra,Western Region,270.25,269.3,4934.7,4922.0,0.0,50.13,57.56,13.3,0.0,35.8,0,None
2023-12-02 05:00:00,Maharashtra,Western Region,272.15,268.17,5021.3,4996.1,0.0,39.94,53.51,14.7,0.6,43.1,0,None
2023-12-02 06:00:00,Maharashtra,Western Region,306.32,305.06,5671.6,5513.8,0.0,43.63,44.02,16.3,0.0,47.3,0,None
2023-12-02 07:00:00,Maharashtra,Western Region,351.99,343.5,6560.7,6527.0,38.12,29.85,50.35,18.0,0.0,33.9,0,None
2023-12-02 08:00:00,Maharashtra,Western Region,444.36,443.64,8234.5,8171.8,75.03,11.38,49.97,14.8,0.0,40.6,0,None
2023-12-02 09:00:00,Maharashtra,Western Region,445.73,443.01,8308.7,8128.1,83.38,23.84,55.19,18.3,0.0,53.5,0,None
2023-12-02 10:00:00,Maharashtra,Western Region,481.74,475.58,8858.1,8819.1,108.4,18.05,53.57,20.8,0.6,44.3,0,None
2023-12-02 11:00:00,Maharashtra,Western Region,482.66,471.86,8930.5,8670.0,114.96,25.55,63.46,23.9,0.0,42.9,0,None
2023-12-02 12:00:00,Maharashtra,Western Region,438.54,436.82,8175.6,8064.8,111.23,19.04,50.68,18.5,0.0,38.3,0,None
2023-12-02 13:00:00,Maharashtra,Western Region,451.08,444.54,8371.9,8140.2,113.06,19.63,47.45,21.2,0.7,38.8,0,None
2023-12-02 14:00:00,Maharashtra,Western Region,409.07,403.35,7593.9,7388.9,101.88,21.72,48.45,26.0,0.1,35.5,0,None
2023-12-02 15:00:00,Maharashtra,Western Region,372.35,369.69,6857.6,6637.3,86.42,22.27,49.2,20.5,0.0,47.2,0,None
2023-12-02 16:00:00,Maharashtra,Western Region,387.69,381.1,7078.6,7010.9,62.4,37.76,53.28,22.1,0.0,60.3,0,None
2023-12-02 17:00:00,Maharashtra,Western Region,334.22,329.85,6163.3,6050.1,36.03,38.36,49.78,20.0,0.0,39.3,0,None
2023-12-02 18:00:00,Maharashtra,Western Region,328.55,324.15,6034.3,5833.7,0.0,15.68,41.72,22.1,0.0,50.1,0,None
2023-12-02 19:00:00,Maharashtra,Western Region,350.38,348.74,6464.2,6393.8,0.0,44.76,44.01,21.1,0.0,61.3,0,None
2023-12-02 20:00:00,Maharashtra,Western Region,343.51,340.39,6341.0,6247.6,0.0,26.55,47.91,17.8,0.0,45.9,0,None
2023-12-02 21:00:00,Maharashtra,Western Region,344.05,341.45,6319.5,6180.6,0.0,43.8,49.45,17.2,0.0,35.5,0,None
2023-12-02 22:00:00,Maharashtra,Western Region,373.01,369.33,6855.8,6797.9,0.0,56.37,50.28,13.7,0.0,48.6,0,None
2023-12-02 23:00:00,Maharashtra,Western Region,368.49,359.98,6824.2,6740.6,0.0,41.84,43.06,14.4,0.0,44.9,0,None
2023-12-03 00:00:00,Maharashtra,Western Region,255.81,251.98,4789.7,4740.6,0.0,42.01,41.07,13.6,0.0,57.5,1,None
2023-12-03 01:00:00,Maharashtra,Western Region,254.12,247.76,4684.0,4592.7,0.0,50.86,51.22,14.8,0.0,42.1,1,None
2023-12-03 02:00:00,Maharashtra,Western Region,229.79,225.91,4307.1,4143.8,0.0,40.47,36.48,19.4,0.0,48.6,1,None
2023-12-03 03:00:00,Maharashtra,Western Region,228.55,222.64,4239.4,4177.7,0.0,43.47,55.86,14.4,0.0,49.8,1,None
2023-12-03 04:00:00,Maharashtra,Western Region,228.08,223.13,4196.6,4174.6,0.0,41.61,49.52,14.6,0.0,44.8,1,None
2023-12-03 05:00:00,Maharashtra,Western Region,251.41,250.01,4741.2,4562.2,0.0,36.42,45.9,17.7,0.0,46.8,1,None
2023-12-03 06:00:00,Maharashtra,Western Region,255.48,252.6,4683.0,4576.8,1.74,27.93,38.06,17.8,0.0,44.5,1,None
2023-12-03 07:00:00,Maharashtra,Western Region,310.22,307.76,5774.7,5567.1,31.16,31.8,60.33,16.3,0.0,39.7,1,None
2023-12-03 08:00:00,Maharashtra,Western Region,352.87,343.61,6523.9,6464.4,65.1,33.03,45.87,17.8,0.0,36.9,1,None
2023-12-03 09:00:00,Maharashtra,Western Region,374.67,372.63,6954.7,6816.4,77.32,20.73,52.56,19.6,0.0,46.4,1,None
2023-12-03 10:00:00,Maharashtra,Western Region,409.29,398.23,7533.4,7526.1,100.7,32.61,53.34,17.4,0.0,37.5,1,None
2023-12-03 11:00:00,Maharashtra,Western Region,423.92,419.52,7786.3,7640.0,120.35,36.68,56.73,21.4,0.0,64.8,1,None
2023-12-03 12:00:00,Maharashtra,Western Region,388.26,387.13,7226.9,6947.5,122.93,30.65,51.33,20.7,0.0,32.6,1,None
2023-12-03 13:00:00,Maharashtra,Western Region,380.67,378.36,7137.3,7085.7,119.09,24.41,53.64,23.9,0.0,39.6,1,None
2023-12-03 14:00:00,Maharashtra,Western Region,350.49,344.98,6511.7,6422.3,112.6,34.93,58.03,21.6,0.0,39.5,1,None
2023-12-03 15:00:00,Maharashtra,Western Region,331.96,326.79,6077.9,5936.3,87.56,25.48,49.51,22.4,0.0,55.1,1,None
2023-12-03 16:00:00,Maharashtra,Western Region,301.97,301.51,5533.3,5356.6,60.79,35.06,56.43,22.0,0.0,49.6,1,None
2023-12-03 17:00:00,Maharashtra,Western Region,301.27,296.92,5550.2,5502.0,34.2,37.2,49.92,22.3,0.0,35.1,1,None
2023-12-03 18:00:00,Maharashtra,Western Region,310.0,303.26,5744.1,5621.9,7.82,34.24,49.24,21.1,0.0,45.3,1,None
2023-12-03 19:00:00,Maharashtra,Western Region,323.7,322.4,5966.1,5852.5,0.0,31.3,53.86,16.8,0.0,51.6,1,None
2023-12-03 20:00:00,Maharashtra,Western Region,318.97,312.43,5941.6,5914.0,0.0,51.34,47.16,16.8,0.0,42.5,1,None
2023-12-03 21:00:00,Maharashtra,Western Region,290.89,283.55,5447.7,5232.4,0.0,49.59,42.06,18.3,0.0,56.4,1,None
2023-12-03 22:00:00,Maharashtra,Western Region,313.36,304.36,5897.1,5729.3,0.0,50.25,48.98,15.6,0.0,35.2,1,None
2023-12-03 23:00:00,Maharashtra,Western Region,327.4,322.75,6122.1,6078.2,0.0,58.52,51.68,14.0,0.0,44.1,1,None
2023-12-04 00:00:00,Maharashtra,Western Region,318.27,317.96,5840.1,5684.7,0.0,53.78,57.66,15.9,0.0,57.5,0,None
2023-12-04 01:00:00,Maharashtra,Western Region,275.88,269.51,5017.5,4842.4,0.0,46.02,47.06,13.8,0.0,56.6,0,None
2023-12-04 02:00:00,Maharashtra,Western Region,262.3,258.18,4818.8,4779.1,0.0,32.19,57.7,11.7,0.0,47.3,0,None
2023-12-04 03:00:00,Maharashtra,Western Region,275.93,269.48,5037.8,4886.5,0.0,49.36,39.85,13.3,0.0,52.6,0,None
2023-12-04 04:00:00,Maharashtra,Western Region,229.09,227.69,4264.9,4221.3,0.0,54.45,48.75,16.9,0.0,47.1,0,None
2023-12-04 05:00:00,Maharashtra,Western Region,252.7,249.29,4760.8,4677.7,0.0,32.26,50.88,16.0,0.0,56.6,0,None
2023-12-04 06:00:00,Maharashtra,Western Region,325.8,318.07,6033.4,5860.1,1.32,32.22,50.29,15.7,0.0,51.5,0,None
2023-12-04 07:00:00,Maharashtra,Western Region,332.76,332.36,6288.6,6087.8,25.04,40.66,40.03,18.6,0.0,49.0,0,None
2023-12-04 08:00:00,Maharashtra,Western Region,394.21,390.61,7396.2,7235.0,62.69,34.01,52.3,21.5,0.0,38.8,0,None
2023-12-04 09:00:00,Maharashtra,Western Region,442.76,436.47,8171.5,8070.8,80.96,37.23,61.84,20.8,0.1,50.2,0,None
2023-12-04 10:00:00,Maharashtra,Western Region,456.25,449.49,8427.5,8231.3,91.33,17.96,55.6,21.6,0.0,52.9,0,None
2023-12-04 11:00:00,Maharashtra,Western Region,458.48,452.48,8350.8,8276.0,115.27,11.29,41.94,21.2,0.0,41.8,0,None
2023-12-04 12:00:00,Maharashtra,Western Region,430.61,418.3,8082.2,7929.7,119.99,17.52,46.76,22.9,0.0,48.3,0,None
2023-12-04 13:00:00,Maharashtra,Western Region,440.13,429.75,8132.6,8034.2,123.11,22.79,54.95,20.7,0.0,63.5,0,None
2023-12-04 14:00:00,Maharashtra,Western Region,398.99,391.34,7321.2,7181.9,104.72,27.5,51.8,23.9,0.0,37.4,0,None
2023-12-04 15:00:00,Maharashtra,Western Region,348.09,343.05,6464.4,6278.9,82.06,24.46,51.18,21.4,0.0,53.1,0,None
2023-12-04 16:00:00,Maharashtra,Western Region,353.04,347.23,6552.0,6390.3,58.43,32.1,41.43,22.3,0.0,36.7,0,None
2023-12-04 17:00:00,Maharashtra,Western Region,352.43,351.81,6490.7,6300.9,25.45,25.17,41.2,20.7,0.0,44.2,0,None
2023-12-04 18:00:00,Maharashtra,Western Region,335.86,328.71,6201.7,5996.0,0.0,28.93,50.19,20.5,0.0,42.6,0,None
2023-12-04 19:00:00,Maharashtra,Western Region,344.53,338.95,6295.4,6178.3,0.0,46.1,56.68,20.1,0.0,39.5,0,None
2023-12-04 20:00:00,Maharashtra,Western Region,358.1,355.75,6684.2,6501.9,0.0,49.87,61.37,17.5,0.0,33.6,0,None
2023-12-04 21:00:00,Maharashtra,Western Region,363.02,353.54,6762.2,6675.9,0.0,53.49,49.19,16.9,0.0,45.3,0,None
2023-12-04 22:00:00,Maharashtra,Western Region,382.14,379.58,7048.5,7048.1,0.0,50.78,54.15,15.3,0.0,36.5,0,None
2023-12-04 23:00:00,Maharashtra,Western Region,325.59,319.98,6014.8,5957.9,0.0,53.52,42.7,16.5,0.0,42.0,0,None
2023-12-05 00:00:00,Maharashtra,Western Region,334.1,325.0,6217.7,6140.8,0.0,48.74,43.9,15.3,0.0,55.4,0,None
2023-12-05 01:00:00,Maharashtra,Western Region,297.75,293.01,5560.3,5390.1,0.0,54.25,61.94,13.0,0.0,46.9,0,None
2023-12-05 02:00:00,Maharashtra,Western Region,266.84,264.72,5047.2,4994.2,0.0,42.84,42.26,12.2,0.0,45.1,0,None
2023-12-05 03:00:00,Maharashtra,Western Region,203.34,199.4,3716.4,3636.1,0.0,38.63,56.07,14.8,0.0,59.5,0,None
2023-12-05 04:00:00,Maharashtra,Western Region,220.91,218.46,4152.9,4107.9,0.0,49.42,52.2,17.1,0.0,55.6,0,None
2023-12-05 05:00:00,Maharashtra,Western Region,256.98,256.09,4769.7,4735.8,0.0,34.16,48.61,16.5,0.0,48.6,0,None
2023-12-05 06:00:00,Maharashtra,Western Region,307.49,298.83,5659.5,5504.0,0.88,37.52,47.18,16.6,0.0,46.6,0,None
2023-12-05 07:00:00,Maharashtra,Western Region,351.19,350.1,6542.0,6496.5,32.26,33.8,57.52,17.8,0.0,36.8,0,None
2023-12-05 08:00:00,Maharashtra,Western Region,432.68,422.04,7974.6,7956.6,61.99,20.57,47.56,17.0,0.0,53.4,0,None
2023-12-05 09:00:00,Maharashtra,Western Region,431.87,420.94,7967.4,7875.0,81.7,26.79,43.94,20.8,0.0,38.1,0,None
2023-12-05 10:00:00,Maharashtra,Western Region,455.87,449.79,8505.4,8393.0,104.62,27.45,49.21,19.3,0.0,47.6,0,None
2023-12-05 11:00:00,Maharashtra,Western Region,471.46,467.2,8705.2,8558.1,115.4,15.62,41.7,19.5,0.0,38.6,0,None
2023-12-05 12:00:00,Maharashtra,Western Region,428.08,421.96,7884.1,7627.9,116.12,10.68,51.77,19.6,0.0,49.8,0,None
2023-12-05 13:00:00,Maharashtra,Western Region,420.35,416.36,7823.3,7601.9,115.69,26.53,39.86,24.7,0.0,56.6,0,None
2023-12-05 14:00:00,Maharashtra,Western Region,408.51,402.99,7647.3,7616.0,107.3,15.54,49.39,21.5,0.0,31.8,0,None
2023-12-05 15:00:00,Maharashtra,Western Region,374.04,369.19,6887.8,6791.9,78.97,24.43,56.81,20.6,0.0,51.9,0,None
2023-12-05 16:00:00,Maharashtra,Western Region,338.94,337.4,6317.4,6216.4,58.93,23.66,49.81,23.1,0.0,51.7,0,None
2023-12-05 17:00:00,Maharashtra,Western Region,354.65,349.86,6571.7,6384.9,33.87,46.65,56.39,22.1,0.0,37.8,0,None
2023-12-05 18:00:00,Maharashtra,Western Region,328.72,327.82,6074.6,5880.2,0.0,36.93,52.24,19.2,1.2,31.9,0,None
2023-12-05 19:00:00,Maharashtra,Western Region,359.38,349.31,6607.5,6416.1,0.0,32.54,51.39,17.8,0.0,49.6,0,None
2023-12-05 20:00:00,Maharashtra,Western Region,358.28,348.87,6616.2,6498.1,0.0,44.35,48.63,15.0,0.0,32.6,0,None
2023-12-05 21:00:00,Maharashtra,Western Region,374.72,369.71,6875.8,6755.8,0.0,41.08,53.03,13.6,0.0,53.3,0,None
2023-12-05 22:00:00,Maharashtra,Western Region,365.83,361.1,6772.8,6758.1,0.0,46.26,58.52,13.3,0.0,46.1,0,None
2023-12-05 23:00:00,Maharashtra,Western Region,325.91,322.61,6036.2,5831.0,0.0,48.53,48.84,15.3,0.6,39.2,0,None
2023-12-06 00:00:00,Maharashtra,Western Region,311.38,304.58,5721.0,5616.2,0.0,47.74,48.76,14.2,0.8,41.8,0,None
2023-12-06 01:00:00,Maharashtra,Western Region,291.54,286.7,5326.5,5160.3,0.0,39.03,45.14,15.2,0.0,40.8,0,None
2023-12-06 02:00:00,Maharashtra,Western Region,279.87,276.22,5210.0,5057.7,0.0,48.71,41.38,15.3,0.0,49.7,0,None
2023-12-06 03:00:00,Maharashtra,Western Region,220.93,214.52,4127.1,4037.0,0.0,51.45,51.36,15.9,0.0,43.4,0,None
2023-12-06 04:00:00,Maharashtra,Western Region,262.9,255.96,4873.0,4868.1,0.0,46.97,58.7,13.7,0.0,53.6,0,None
2023-12-06 05:00:00,Maharashtra,Western Region,287.21,285.83,5330.9,5132.4,0.0,46.54,42.44,14.2,0.0,55.9,0,None
2023-12-06 06:00:00,Maharashtra,Western Region,302.11,296.73,5604.8,5538.6,0.0,39.38,53.83,16.1,0.0,40.3,0,None
2023-12-06 07:00:00,Maharashtra,Western Region,361.95,354.2,6784.4,6772.0,20.6,36.13,49.35,19.0,0.0,38.0,0,None
2023-12-06 08:00:00,Maharashtra,Western Region,406.02,393.93,7516.7,7297.5,64.46,25.17,53.56,18.9,0.0,58.3,0,None
2023-12-06 09:00:00,Maharashtra,Western Region,430.42,418.19,7983.2,7850.8,87.71,46.1,37.86,18.8,0.0,57.8,0,None
2023-12-06 10:00:00,Maharashtra,Western Region,475.98,474.18,8764.5,8700.2,97.7,27.86,46.39,23.7,0.0,43.5,0,None
2023-12-06 11:00:00,Maharashtra,Western Region,497.85,494.38,9209.9,9166.2,122.14,8.18,38.81,19.3,0.0,40.3,0,None
2023-12-06 12:00:00,Maharashtra,Western Region,459.31,449.35,8521.2,8509.3,117.59,21.11,43.0,21.4,0.0,57.0,0,None
2023-12-06 13:00:00,Maharashtra,Western Region,456.6,445.7,8349.0,8306.6,116.04,6.71,45.06,23.3,0.0,51.0,0,None
2023-12-06 14:00:00,Maharashtra,Western Region,436.64,424.49,8082.9,7922.6,100.44,29.0,43.01,19.6,0.0,52.2,0,None
2023-12-06 15:00:00,Maharashtra,Western Region,368.35,362.17,6737.7,6577.4,86.1,16.11,47.36,21.4,0.0,61.2,0,None
2023-12-06 16:00:00,Maharashtra,Western Region,360.25,353.01,6605.7,6433.6,58.73,34.08,54.21,22.4,0.0,38.8,0,None
2023-12-06 17:00:00,Maharashtra,Western Region,373.46,364.09,6976.7,6915.5,34.4,15.85,50.95,20.6,0.0,50.1,0,None
2023-12-06 18:00:00,Maharashtra,Western Region,371.95,370.6,6857.0,6732.1,0.0,30.06,47.4,19.1,0.0,49.1,0,None
2023-12-06 19:00:00,Maharashtra,Western Region,338.43,332.88,6286.9,6270.9,0.0,48.29,37.51,17.1,0.0,51.7,0,None
2023-12-06 20:00:00,Maharashtra,Western Region,388.26,381.35,7202.0,6999.2,0.0,41.87,44.97,17.5,0.0,40.9,0,None
2023-12-06 21:00:00,Maharashtra,Western Region,341.08,340.12,6259.7,6076.9,0.0,53.9,44.1,18.0,0.0,47.0,0,None
2023-12-06 22:00:00,Maharashtra,Western Region,329.32,329.07,6091.4,5950.6,0.0,50.21,55.61,17.9,0.0,33.9,0,None
2023-12-06 23:00:00,Maharashtra,Western Region,356.49,352.57,6599.1,6587.1,0.0,38.73,57.51,15.3,0.0,67.2,0,None
2023-12-07 00:00:00,Maharashtra,Western Region,290.99,282.48,5447.7,5276.4,0.0,38.52,48.26,14.4,0.0,58.1,0,None
2023-12-07 01:00:00,Maharashtra,Western Region,273.53,272.78,5041.9,4970.7,0.0,54.55,51.0,14.8,0.0,40.9,0,None
2023-12-07 02:00:00,Maharashtra,Western Region,257.33,250.85,4741.9,4555.6,0.0,36.32,61.36,16.5,0.0,48.1,0,None
2023-12-07 03:00:00,Maharashtra,Western Region,279.86,279.31,5236.5,5226.6,0.0,27.83,48.87,12.4,0.0,40.7,0,None
2023-12-07 04:00:00,Maharashtra,Western Region,258.94,256.06,4826.4,4822.8,0.0,40.18,46.84,12.3,0.0,44.8,0,None
2023-12-07 05:00:00,Maharashtra,Western Region,308.44,306.22,5707.7,5642.1,0.0,36.66,51.47,15.5,0.0,42.4,0,None
2023-12-07 06:00:00,Maharashtra,Western Region,337.28,336.62,6222.6,6133.3,0.0,30.6,51.65,14.4,0.0,65.0,0,None
2023-12-07 07:00:00,Maharashtra,Western Region,331.71,327.07,6174.5,5987.8,29.58,28.28,46.75,18.0,0.0,52.4,0,None
2023-12-07 08:00:00,Maharashtra,Western Region,404.15,403.45,7459.8,7192.4,57.15,11.5,41.61,17.2,0.0,46.8,0,None
2023-12-07 09:00:00,Maharashtra,Western Region,427.4,419.13,7848.3,7739.3,82.47,24.42,48.14,17.7,0.0,35.4,0,None
2023-12-07 10:00:00,Maharashtra,Western Region,450.89,445.67,8288.9,8130.0,101.02,33.91,50.81,18.9,0.0,54.3,0,None
2023-12-07 11:00:00,Maharashtra,Western Region,467.58,463.06,8638.0,8381.9,110.81,20.35,47.57,20.3,0.0,59.9,0,None
2023-12-07 12:00:00,Maharashtra,Western Region,448.59,444.41,8374.7,8308.6,114.58,14.37,52.96,21.5,0.0,54.9,0,None
2023-12-07 13:00:00,Maharashtra,Western Region,430.93,422.13,7958.9,7682.8,112.12,4.11,48.05,21.8,0.0,60.9,0,None
2023-12-07 14:00:00,Maharashtra,Western Region,406.39,396.4,7546.2,7440.2,106.15,18.34,50.26,24.2,0.0,52.5,0,None
2023-12-07 15:00:00,Maharashtra,Western Region,357.63,353.8,6688.9,6632.9,79.82,14.91,55.9,21.9,1.5,56.6,0,None
2023-12-07 16:00:00,Maharashtra,Western Region,378.23,376.15,7022.8,6840.1,53.89,24.86,54.9,19.2,0.0,43.7,0,None
2023-12-07 17:00:00,Maharashtra,Western Region,360.0,357.32,6693.2,6602.4,31.1,34.3,59.95,20.5,0.0,43.8,0,None
2023-12-07 18:00:00,Maharashtra,Western Region,367.81,361.96,6758.0,6750.5,0.0,37.56,46.31,19.7,0.0,52.9,0,None
2023-12-07 19:00:00,Maharashtra,Western Region,335.25,330.97,6133.0,6092.1,0.0,35.58,50.66,18.4,0.0,31.2,0,None
2023-12-07 20:00:00,Maharashtra,Western Region,369.07,359.45,6840.3,6621.6,0.0,35.15,59.69,18.7,0.0,53.8,0,None
2023-12-07 21:00:00,Maharashtra,Western Region,387.38,377.29,7095.2,6884.9,0.0,31.52,51.43,15.4,0.0,48.7,0,None
2023-12-07 22:00:00,Maharashtra,Western Region,345.48,343.69,6372.3,6197.0,0.0,35.61,55.07,15.0,0.0,40.9,0,None
2023-12-07 23:00:00,Maharashtra,Western Region,353.46,351.16,6594.8,6361.0,0.0,46.42,49.16,15.9,0.0,51.9,0,None
2023-12-08 00:00:00,Maharashtra,Western Region,318.92,310.71,5861.8,5715.7,0.0,44.15,58.38,15.9,0.0,36.7,0,None
2023-12-08 01:00:00,Maharashtra,Western Region,261.34,259.72,4832.7,4727.9,0.0,44.89,51.68,15.6,0.0,42.2,0,None
2023-12-08 02:00:00,Maharashtra,Western Region,267.08,259.96,4952.1,4816.8,0.0,51.91,58.4,15.2,0.0,41.4,0,None
2023-12-08 03:00:00,Maharashtra,Western Region,253.49,251.56,4717.8,4544.8,0.0,41.77,40.47,14.5,0.0,26.2,0,None
2023-12-08 04:00:00,Maharashtra,Western Region,243.36,236.33,4461.3,4287.9,0.0,31.42,37.98,15.7,0.0,37.8,0,None
2023-12-08 05:00:00,Maharashtra,Western Region,274.88,268.61,5011.6,4925.9,0.0,43.33,48.85,18.1,0.0,46.6,0,None
2023-12-08 06:00:00,Maharashtra,Western Region,310.86,304.75,5717.7,5576.1,0.0,37.67,44.49,15.3,0.0,38.2,0,None
2023-12-08 07:00:00,Maharashtra,Western Region,332.1,324.96,6097.1,6086.5,28.75,30.8,42.74,16.9,0.0,34.6,0,None
2023-12-08 08:00:00,Maharashtra,Western Region,397.52,385.95,7367.2,7238.3,69.61,17.59,61.32,17.1,0.0,64.2,0,None
2023-12-08 09:00:00,Maharashtra,Western Region,410.16,400.01,7614.3,7443.3,92.93,15.91,51.95,20.3,0.0,54.6,0,None
2023-12-08 10:00:00,Maharashtra,Western Region,451.9,449.04,8276.5,8176.8,102.8,27.76,51.47,18.9,0.0,34.3,0,None
2023-12-08 11:00:00,Maharashtra,Western Region,467.58,458.68,8681.1,8578.9,113.8,9.69,50.02,22.3,0.0,47.4,0,None
2023-12-08 12:00:00,Maharashtra,Western Region,459.52,449.88,8465.5,8184.8,117.27,23.61,56.91,20.1,0.0,44.3,0,None
2023-12-08 13:00:00,Maharashtra,Western Region,427.3,418.49,7861.7,7837.1,124.37,16.55,48.3,23.0,0.0,41.0,0,None
2023-12-08 14:00:00,Maharashtra,Western Region,412.74,407.86,7675.9,7391.7,105.38,21.43,43.07,22.2,0.0,41.9,0,None
2023-12-08 15:00:00,Maharashtra,Western Region,391.87,389.94,7216.6,7122.2,92.76,4.18,40.69,21.5,0.0,49.0,0,None
2023-12-08 16:00:00,Maharashtra,Western Region,362.8,359.23,6724.3,6587.2,65.79,28.79,53.96,21.7,0.0,49.4,0,None
2023-12-08 17:00:00,Maharashtra,Western Region,354.3,351.79,6510.2,6462.8,36.27,29.55,50.78,17.8,0.0,48.2,0,None
2023-12-08 18:00:00,Maharashtra,Western Region,375.22,373.47,6960.7,6740.9,0.0,31.83,37.54,22.0,0.0,55.9,0,None
2023-12-08 19:00:00,Maharashtra,Western Region,352.27,350.45,6483.8,6318.3,0.0,42.31,43.95,18.4,0.0,38.0,0,None
2023-12-08 20:00:00,Maharashtra,Western Region,360.48,351.54,6627.0,6518.2,0.0,44.46,52.58,16.3,0.0,44.7,0,None
2023-12-08 21:00:00,Maharashtra,Western Region,349.86,349.35,6442.3,6352.9,0.0,42.0,46.52,20.4,0.0,45.4,0,None
2023-12-08 22:00:00,Maharashtra,Western Region,346.13,342.93,6384.9,6365.3,0.0,45.94,47.43,15.6,0.0,22.2,0,None
2023-12-08 23:00:00,Maharashtra,Western Region,325.13,316.95,5991.4,5975.5,0.0,43.24,51.22,15.7,0.0,42.2,0,None
2023-12-09 00:00:00,Maharashtra,Western Region,322.75,317.51,5979.5,5793.9,0.0,59.59,55.69,12.8,0.0,40.8,0,None
2023-12-09 01:00:00,Maharashtra,Western Region,293.76,289.84,5501.6,5362.6,0.0,59.13,46.37,15.1,0.0,49.9,0,None
2023-12-09 02:00:00,Maharashtra,Western Region,279.52,275.48,5148.1,5070.7,0.0,50.96,42.37,12.9,0.0,55.6,0,None
2023-12-09 03:00:00,Maharashtra,Western Region,223.32,219.23,4105.4,4033.4,0.0,49.04,54.2,14.1,0.0,38.2,0,None
2023-12-09 04:00:00,Maharashtra,Western Region,255.7,253.79,4653.2,4610.6,0.0,52.01,54.46,16.2,0.0,40.3,0,None
2023-12-09 05:00:00,Maharashtra,Western Region,254.5,250.01,4639.6,4556.8,0.0,19.62,50.71,17.6,0.0,40.3,0,None
2023-12-09 06:00:00,Maharashtra,Western Region,300.25,299.04,5582.8,5527.9,0.0,47.6,50.89,18.1,0.0,32.7,0,None
2023-12-09 07:00:00,Maharashtra,Western Region,384.29,382.65,7151.8,7000.5,30.2,43.06,50.38,15.6,0.0,47.1,0,None
2023-12-09 08:00:00,Maharashtra,Western Region,402.06,401.46,7397.9,7376.5,61.43,32.54,42.33,19.3,0.0,43.7,0,None
2023-12-09 09:00:00,Maharashtra,Western Region,432.36,428.48,7865.9,7666.1,85.15,23.88,52.85,19.4,0.0,35.2,0,None
2023-12-09 10:00:00,Maharashtra,Western Region,452.03,449.58,8392.7,8134.5,103.62,26.26,45.38,22.3,0.0,41.0,0,None
2023-12-09 11:00:00,Maharashtra,Western Region,492.12,477.68,9077.6,8792.7,105.64,25.23,41.26,21.2,0.0,50.6,0,None
2023-12-09 12:00:00,Maharashtra,Western Region,457.58,455.35,8430.0,8268.1,115.74,15.72,43.96,20.2,0.0,52.1,0,None
2023-12-09 13:00:00,Maharashtra,Western Region,436.46,430.02,8022.8,7954.6,113.55,5.34,57.03,23.4,0.0,47.0,0,None
2023-12-09 14:00:00,Maharashtra,Western Region,410.48,401.4,7505.5,7252.7,99.65,16.46,48.39,21.4,0.0,61.4,0,None
2023-12-09 15:00:00,Maharashtra,Western Region,374.0,363.97,6919.2,6732.4,82.0,16.45,44.41,18.9,0.0,44.7,0,None
2023-12-09 16:00:00,Maharashtra,Western Region,382.48,377.22,7022.5,6789.7,54.66,40.14,49.35,24.4,0.0,43.4,0,None
2023-12-09 17:00:00,Maharashtra,Western Region,343.18,338.01,6399.3,6348.5,30.01,42.91,58.21,20.5,0.0,38.2,0,None
2023-12-09 18:00:00,Maharashtra,Western Region,352.26,348.79,6525.0,6383.1,0.0,46.35,45.42,19.0,0.0,55.3,0,None
2023-12-09 19:00:00,Maharashtra,Western Region,345.32,340.57,6437.0,6208.8,0.0,42.87,51.97,19.2,0.0,31.0,0,None
2023-12-09 20:00:00,Maharashtra,Western Region,362.42,352.32,6643.9,6407.2,0.0,45.96,50.92,17.5,0.0,55.7,0,None
2023-12-09 21:00:00,Maharashtra,Western Region,350.6,345.9,6427.9,6423.9,0.0,47.37,56.99,18.6,0.0,47.2,0,None
2023-12-09 22:00:00,Maharashtra,Western Region,337.63,328.32,6240.6,6020.4,0.0,44.83,55.85,16.4,0.0,49.2,0,None
2023-12-09 23:00:00,Maharashtra,Western Region,327.26,324.42,5995.9,5814.1,0.0,55.0,37.99,17.7,0.0,47.5,0,None
2023-12-10 00:00:00,Maharashtra,Western Region,246.04,239.58,4480.8,4384.0,0.0,59.56,34.06,15.3,0.0,53.2,1,None
2023-12-10 01:00:00,Maharashtra,Western Region,266.67,264.06,4940.1,4850.1,0.0,44.12,61.67,15.2,0.0,46.4,1,None
2023-12-10 02:00:00,Maharashtra,Western Region,244.89,237.97,4542.9,4419.0,0.0,43.99,48.63,14.2,0.0,49.2,1,None
2023-12-10 03:00:00,Maharashtra,Western Region,206.19,203.85,3795.0,3728.4,0.0,44.64,51.09,16.1,0.0,53.0,1,None
2023-12-10 04:00:00,Maharashtra,Western Region,228.34,223.09,4273.3,4230.1,0.0,41.39,45.19,15.7,0.0,43.6,1,None
2023-12-10 05:00:00,Maharashtra,Western Region,257.1,250.47,4715.0,4708.4,0.0,31.97,42.03,14.3,0.0,37.7,1,None
2023-12-10 06:00:00,Maharashtra,Western Region,277.16,270.22,5168.4,5023.3,0.0,40.84,49.88,18.1,0.0,37.9,1,None
2023-12-10 07:00:00,Maharashtra,Western Region,346.11,338.87,6386.0,6373.6,38.47,30.55,58.03,15.8,1.7,22.5,1,None
2023-12-10 08:00:00,Maharashtra,Western Region,336.42,328.27,6225.0,6140.8,67.48,30.87,63.14,19.0,0.0,50.7,1,None
2023-12-10 09:00:00,Maharashtra,Western Region,352.7,346.45,6537.5,6356.0,90.13,13.97,60.83,18.0,0.0,53.0,1,None
2023-12-10 10:00:00,Maharashtra,Western Region,413.61,406.22,7757.1,7612.3,103.62,6.41,50.99,17.7,0.0,36.7,1,None
2023-12-10 11:00:00,Maharashtra,Western Region,417.36,414.37,7722.8,7699.5,110.91,14.66,70.08,20.0,0.0,53.8,1,None
2023-12-10 12:00:00,Maharashtra,Western Region,408.99,406.92,7569.2,7391.9,125.84,19.36,42.7,20.1,0.0,45.9,1,None
2023-12-10 13:00:00,Maharashtra,Western Region,389.29,382.16,7204.9,7038.9,113.98,34.58,48.45,21.8,0.0,43.1,1,None
2023-12-10 14:00:00,Maharashtra,Western Region,365.58,363.5,6685.7,6480.4,100.42,26.69,50.58,23.4,0.0,57.9,1,None
2023-12-10 15:00:00,Maharashtra,Western Region,309.76,302.64,5718.7,5589.2,87.83,26.04,33.27,22.4,0.0,52.2,1,None
2023-12-10 16:00:00,Maharashtra,Western Region,292.44,285.51,5398.6,5307.7,57.48,35.13,53.48,21.5,0.0,35.7,1,None
2023-12-10 17:00:00,Maharashtra,Western Region,293.52,288.13,5531.8,5352.7,23.43,33.71,58.85,18.5,0.0,37.3,1,None
2023-12-10 18:00:00,Maharashtra,Western Region,319.05,310.48,5859.9,5697.6,4.3,42.83,41.96,18.8,0.0,42.0,1,None
2023-12-10 19:00:00,Maharashtra,Western Region,305.87,301.34,5567.5,5381.4,0.0,33.54,48.19,22.0,0.0,53.0,1,None
2023-12-10 20:00:00,Maharashtra,Western Region,312.19,308.62,5744.4,5536.7,0.0,42.75,47.81,18.3,0.0,61.6,1,None
2023-12-10 21:00:00,Maharashtra,Western Region,315.26,314.58,5746.0,5569.2,0.0,36.53,55.49,17.9,0.0,46.1,1,None
2023-12-10 22:00:00,Maharashtra,Western Region,320.61,313.68,5947.9,5711.9,0.0,46.61,47.17,17.2,0.0,34.5,1,None
2023-12-10 23:00:00,Maharashtra,Western Region,322.44,317.92,6012.0,5876.3,0.0,48.63,46.99,14.7,0.0,34.7,1,None
2023-12-11 00:00:00,Maharashtra,Western Region,338.08,328.6,6207.2,6179.6,0.0,50.65,50.42,13.7,0.0,60.6,0,None
2023-12-11 01:00:00,Maharashtra,Western Region,302.97,295.42,5590.5,5552.5,0.0,42.92,49.7,13.9,0.0,57.1,0,None
2023-12-11 02:00:00,Maharashtra,Western Region,253.1,251.35,4659.7,4514.5,0.0,45.46,54.82,15.2,0.0,20.4,0,None
2023-12-11 03:00:00,Maharashtra,Western Region,250.45,250.01,4724.3,4677.7,0.0,54.08,53.24,13.4,0.0,42.6,0,None
2023-12-11 04:00:00,Maharashtra,Western Region,289.37,286.41,5303.8,5239.6,0.0,22.29,61.61,12.9,0.0,46.1,0,None
2023-12-11 05:00:00,Maharashtra,Western Region,298.68,296.37,5519.4,5429.9,0.0,37.28,46.21,16.1,0.0,49.0,0,None
2023-12-11 06:00:00,Maharashtra,Western Region,321.77,321.13,5965.9,5877.6,0.35,40.66,53.26,15.5,0.0,50.9,0,None
2023-12-11 07:00:00,Maharashtra,Western Region,348.24,343.0,6477.3,6300.5,32.56,22.63,45.78,16.2,0.0,36.5,0,None
2023-12-11 08:00:00,Maharashtra,Western Region,402.11,391.55,7438.3,7227.2,62.92,29.8,47.07,17.4,0.0,54.4,0,None
2023-12-11 09:00:00,Maharashtra,Western Region,465.22,457.68,8610.0,8298.7,84.77,22.77,58.3,15.4,0.0,49.7,0,None
2023-12-11 10:00:00,Maharashtra,Western Region,453.95,441.51,8380.3,8059.6,103.65,21.34,54.1,19.2,0.0,51.0,0,None
2023-12-11 11:00:00,Maharashtra,Western Region,464.94,461.2,8590.2,8352.8,114.2,27.2,59.94,20.3,0.0,25.5,0,None
2023-12-11 12:00:00,Maharashtra,Western Region,460.21,453.55,8519.9,8299.8,123.2,14.32,46.75,22.7,0.0,36.4,0,None
2023-12-11 13:00:00,Maharashtra,Western Region,413.32,407.48,7702.8,7433.1,120.45,16.61,50.46,20.6,0.0,40.5,0,None
2023-12-11 14:00:00,Maharashtra,Western Region,408.85,403.94,7568.3,7346.9,102.49,12.83,44.97,23.3,0.0,30.7,0,None
2023-12-11 15:00:00,Maharashtra,Western Region,391.59,387.21,7246.4,7210.2,91.75,21.07,45.1,21.8,0.0,48.2,0,None
2023-12-11 16:00:00,Maharashtra,Western Region,341.48,339.98,6250.4,6196.1,56.82,27.57,46.12,17.9,0.0,41.9,0,None
2023-12-11 17:00:00,Maharashtra,Western Region,352.07,348.97,6435.2,6380.3,27.17,35.29,43.03,19.9,0.0,42.0,0,None
2023-12-11 18:00:00,Maharashtra,Western Region,330.68,327.47,6230.8,6087.5,1.56,29.99,34.9,20.9,0.0,50.4,0,None
2023-12-11 19:00:00,Maharashtra,Western Region,346.14,343.77,6443.0,6366.4,0.0,47.3,40.05,20.6,0.0,58.0,0,None
2023-12-11 20:00:00,Maharashtra,Western Region,360.66,352.72,6643.9,6379.8,0.0,37.91,51.69,18.9,0.0,34.0,0,None
2023-12-11 21:00:00,Maharashtra,Western Region,356.06,348.17,6687.6,6565.3,0.0,41.33,42.35,16.8,0.0,58.0,0,None
2023-12-11 22:00:00,Maharashtra,Western Region,341.31,337.58,6332.5,6269.1,0.0,54.23,55.13,14.9,0.0,56.7,0,None
2023-12-11 23:00:00,Maharashtra,Western Region,310.9,306.46,5739.6,5532.9,0.0,42.69,37.14,14.5,0.0,44.4,0,None
2023-12-12 00:00:00,Maharashtra,Western Region,321.06,316.11,5795.6,5626.1,0.0,38.65,55.23,11.9,0.0,45.8,0,None
2023-12-12 01:00:00,Maharashtra,Western Region,274.63,266.6,5012.7,4952.7,0.0,50.4,48.73,15.9,0.0,42.7,0,None
2023-12-12 02:00:00,Maharashtra,Western Region,242.03,238.04,4443.1,4387.4,0.0,47.24,50.59,13.0,0.0,50.3,0,None
2023-12-12 03:00:00,Maharashtra,Western Region,282.42,276.91,5161.6,5124.5,0.0,31.3,37.32,13.1,0.0,48.3,0,None
2023-12-12 04:00:00,Maharashtra,Western Region,247.65,240.54,4562.8,4415.8,0.0,53.47,52.48,14.1,0.0,46.7,0,None
2023-12-12 05:00:00,Maharashtra,Western Region,271.84,269.53,5002.4,4953.1,0.0,43.65,45.9,13.3,0.0,57.9,0,None
2023-12-12 06:00:00,Maharashtra,Western Region,325.98,325.49,6002.2,5968.6,0.0,36.91,46.55,14.1,0.0,36.9,0,None
2023-12-12 07:00:00,Maharashtra,Western Region,372.02,368.65,6807.3,6605.9,27.87,28.49,51.05,17.3,0.0,42.0,0,None
2023-12-12 08:00:00,Maharashtra,Western Region,400.55,388.83,7355.4,7182.4,61.03,19.26,52.04,17.7,0.0,32.5,0,None
2023-12-12 09:00:00,Maharashtra,Western Region,429.17,421.21,7959.8,7650.8,76.86,16.79,55.97,20.4,0.0,28.4,0,None
2023-12-12 10:00:00,Maharashtra,Western Region,484.21,481.23,8955.7,8714.3,92.84,23.58,48.07,18.4,0.0,38.1,0,None
2023-12-12 11:00:00,Maharashtra,Western Region,453.45,449.62,8332.6,8182.5,130.96,15.56,43.25,21.7,0.0,37.7,0,None
2023-12-12 12:00:00,Maharashtra,Western Region,466.79,461.85,8622.0,8384.4,124.73,8.61,54.22,19.4,0.0,31.2,0,None
2023-12-12 13:00:00,Maharashtra,Western Region,461.95,457.3,8487.5,8236.5,112.13,32.7,51.01,24.6,1.3,48.5,0,None
2023-12-12 14:00:00,Maharashtra,Western Region,401.87,400.34,7533.9,7354.3,103.56,10.75,58.34,21.9,0.0,51.6,0,None
2023-12-12 15:00:00,Maharashtra,Western Region,379.58,371.21,6979.7,6869.7,86.56,28.07,51.63,23.5,0.0,49.7,0,None
2023-12-12 16:00:00,Maharashtra,Western Region,347.29,342.24,6442.9,6424.2,61.34,37.11,59.98,22.0,0.0,40.4,0,None
2023-12-12 17:00:00,Maharashtra,Western Region,338.89,335.52,6246.6,6092.7,33.37,25.7,51.16,21.1,0.0,52.3,0,None
2023-12-12 18:00:00,Maharashtra,Western Region,355.9,352.5,6595.5,6548.7,3.26,34.98,42.49,20.3,0.0,51.3,0,None
2023-12-12 19:00:00,Maharashtra,Western Region,353.15,352.0,6462.4,6264.7,0.0,25.4,52.12,20.1,0.0,40.8,0,None
2023-12-12 20:00:00,Maharashtra,Western Region,358.25,348.68,6561.3,6368.9,0.0,58.54,51.97,18.1,0.3,44.8,0,None
2023-12-12 21:00:00,Maharashtra,Western Region,362.93,354.23,6684.5,6607.0,0.0,43.41,45.73,16.9,0.0,42.4,0,None
2023-12-12 22:00:00,Maharashtra,Western Region,362.52,354.34,6611.2,6437.9,0.0,37.72,58.96,16.7,0.0,50.6,0,None
2023-12-12 23:00:00,Maharashtra,Western Region,325.88,316.57,6041.2,5968.6,0.0,30.95,50.35,15.8,0.0,40.7,0,None
2023-12-13 00:00:00,Maharashtra,Western Region,319.69,311.27,5892.8,5880.1,0.0,48.65,44.35,17.1,0.0,47.9,0,None
2023-12-13 01:00:00,Maharashtra,Western Region,303.55,297.96,5649.6,5478.6,0.0,53.67,60.17,13.9,0.0,42.2,0,None
2023-12-13 02:00:00,Maharashtra,Western Region,252.19,248.46,4588.9,4495.0,0.0,42.32,52.56,15.3,0.0,49.7,0,None
2023-12-13 03:00:00,Maharashtra,Western Region,260.79,255.23,4991.8,4896.3,0.0,46.59,41.59,14.0,0.0,45.9,0,None
2023-12-13 04:00:00,Maharashtra,Western Region,265.6,264.02,4852.8,4707.9,0.0,46.62,58.67,13.3,0.0,57.5,0,None
2023-12-13 05:00:00,Maharashtra,Western Region,282.01,274.07,5169.7,5153.1,0.0,46.89,44.29,15.1,0.0,40.6,0,None
2023-12-13 06:00:00,Maharashtra,Western Region,301.64,293.86,5604.1,5471.9,0.0,47.93,39.45,17.1,0.0,46.1,0,None
2023-12-13 07:00:00,Maharashtra,Western Region,365.6,355.84,6728.3,6536.7,33.55,28.37,53.36,14.2,0.0,51.6,0,None
2023-12-13 08:00:00,Maharashtra,Western Region,392.79,387.61,7282.2,7185.6,60.21,31.53,58.33,18.4,0.0,54.4,0,None
2023-12-13 09:00:00,Maharashtra,Western Region,430.28,427.68,7951.4,7841.3,94.75,39.93,53.9,20.0,0.0,38.9,0,None
2023-12-13 10:00:00,Maharashtra,Western Region,486.87,474.19,9017.2,8884.3,96.04,19.67,51.02,18.3,0.0,51.4,0,None
2023-12-13 11:00:00,Maharashtra,Western Region,449.66,441.06,8300.7,8049.0,112.41,12.96,47.0,20.6,0.0,57.4,0,None
2023-12-13 12:00:00,Maharashtra,Western Region,458.81,452.98,8518.4,8393.7,119.93,16.25,55.56,25.1,0.6,66.2,0,None
2023-12-13 13:00:00,Maharashtra,Western Region,439.68,431.75,8138.1,8104.9,114.38,21.38,68.75,23.8,0.0,39.7,0,None
2023-12-13 14:00:00,Maharashtra,Western Region,415.6,405.36,7706.9,7471.6,104.99,21.9,49.81,20.8,0.0,56.2,0,None
2023-12-13 15:00:00,Maharashtra,Western Region,355.62,349.09,6518.9,6455.9,76.64,21.72,57.31,23.4,0.0,40.4,0,None
2023-12-13 16:00:00,Maharashtra,Western Region,363.61,354.73,6728.4,6491.6,63.14,23.52,39.69,20.7,0.0,41.4,0,None
2023-12-13 17:00:00,Maharashtra,Western Region,349.34,339.62,6449.6,6243.8,20.63,24.18,42.85,23.2,0.0,37.6,0,None
2023-12-13 18:00:00,Maharashtra,Western Region,331.61,324.83,6097.4,5888.7,1.82,40.12,53.6,22.1,0.0,46.7,0,None
2023-12-13 19:00:00,Maharashtra,Western Region,340.18,339.29,6173.2,6128.6,0.0,51.21,45.5,20.1,0.0,55.4,0,None
2023-12-13 20:00:00,Maharashtra,Western Region,334.95,327.71,6201.7,6033.8,0.0,39.69,53.8,19.3,0.0,46.1,0,None
2023-12-13 21:00:00,Maharashtra,Western Region,346.59,337.32,6358.5,6189.5,0.0,53.25,39.81,19.3,0.0,47.7,0,None
2023-12-13 22:00:00,Maharashtra,Western Region,371.84,364.47,6887.4,6648.5,0.0,47.58,45.18,14.7,0.0,39.2,0,None
2023-12-13 23:00:00,Maharashtra,Western Region,324.29,323.12,5935.9,5746.4,0.0,62.51,53.12,15.2,0.0,44.6,0,None
2023-12-14 00:00:00,Maharashtra,Western Region,353.78,352.01,6444.7,6426.3,0.0,56.4,60.77,16.6,0.0,38.3,0,None
2023-12-14 01:00:00,Maharashtra,Western Region,276.11,273.21,5113.2,4958.5,0.0,44.86,52.09,14.7,0.0,46.7,0,None
2023-12-14 02:00:00,Maharashtra,Western Region,276.21,270.91,5140.9,4968.2,0.0,63.99,45.27,13.9,0.0,40.3,0,None
2023-12-14 03:00:00,Maharashtra,Western Region,235.16,234.83,4324.8,4253.5,0.0,34.64,50.34,13.3,0.0,41.4,0,None
2023-12-14 04:00:00,Maharashtra,Western Region,254.93,251.09,4576.9,4526.8,0.0,45.42,48.28,15.3,0.0,41.5,0,None
2023-12-14 05:00:00,Maharashtra,Western Region,256.71,249.76,4659.9,4480.1,0.0,38.06,57.89,16.0,0.0,49.5,0,None
2023-12-14 06:00:00,Maharashtra,Western Region,316.25,307.52,5791.1,5582.8,0.0,35.46,48.34,14.1,0.0,38.0,0,None
2023-12-14 07:00:00,Maharashtra,Western Region,351.79,351.74,6503.8,6272.8,29.64,33.09,43.21,17.4,0.0,46.6,0,None
2023-12-14 08:00:00,Maharashtra,Western Region,414.44,404.24,7614.6,7319.1,58.83,30.59,47.88,17.0,0.0,46.0,0,None
2023-12-14 09:00:00,Maharashtra,Western Region,453.02,439.97,8402.3,8093.5,69.77,18.33,47.11,22.5,0.0,36.4,0,None
2023-12-14 10:00:00,Maharashtra,Western Region,465.65,460.21,8590.5,8314.8,113.14,15.16,58.0,20.9,0.0,41.5,0,None
2023-12-14 11:00:00,Maharashtra,Western Region,478.83,468.31,8890.7,8722.2,123.17,18.18,52.7,21.2,0.0,47.4,0,None
2023-12-14 12:00:00,Maharashtra,Western Region,469.39,463.53,8679.8,8655.2,122.27,25.53,41.14,23.4,0.0,45.8,0,None
2023-12-14 13:00:00,Maharashtra,Western Region,444.69,432.88,8273.5,8273.0,113.4,10.05,49.29,22.1,0.0,44.0,0,None
2023-12-14 14:00:00,Maharashtra,Western Region,404.21,399.75,7493.9,7373.4,99.29,20.09,54.93,21.1,0.0,47.8,0,None
2023-12-14 15:00:00,Maharashtra,Western Region,370.91,370.91,6887.0,6869.3,81.1,25.99,43.5,20.8,0.0,50.7,0,None
2023-12-14 16:00:00,Maharashtra,Western Region,362.69,357.66,6676.0,6455.9,55.86,34.29,52.16,22.2,0.0,48.0,0,None
2023-12-14 17:00:00,Maharashtra,Western Region,338.79,336.68,6220.6,6060.6,25.21,33.83,51.3,21.0,0.0,32.2,0,None
2023-12-14 18:00:00,Maharashtra,Western Region,351.54,347.92,6580.4,6548.9,4.33,49.21,38.37,18.4,0.0,38.8,0,None
2023-12-14 19:00:00,Maharashtra,Western Region,362.45,358.39,6711.0,6455.4,0.0,43.98,56.97,17.8,0.0,42.8,0,None
2023-12-14 20:00:00,Maharashtra,Western Region,381.81,378.5,7004.9,6889.1,0.0,46.61,43.35,15.8,0.0,43.7,0,None
2023-12-14 21:00:00,Maharashtra,Western Region,365.55,363.68,6678.0,6477.0,0.0,34.68,37.67,16.4,0.0,40.5,0,None
2023-12-14 22:00:00,Maharashtra,Western Region,332.9,330.05,6145.1,6115.2,0.0,52.2,54.13,16.6,0.0,40.2,0,None
2023-12-14 23:00:00,Maharashtra,Western Region,333.4,324.91,6058.0,5914.4,0.0,45.45,50.13,15.3,0.0,35.4,0,None
2023-12-15 00:00:00,Maharashtra,Western Region,280.86,277.51,5217.4,5008.8,0.0,37.1,58.91,13.8,0.0,40.4,0,None
2023-12-15 01:00:00,Maharashtra,Western Region,305.18,299.69,5605.8,5520.8,0.0,61.88,47.84,11.3,0.0,44.5,0,None
2023-12-15 02:00:00,Maharashtra,Western Region,283.27,280.1,5253.8,5217.5,0.0,46.3,43.21,10.1,0.0,55.9,0,None
2023-12-15 03:00:00,Maharashtra,Western Region,256.22,254.08,4756.7,4569.8,0.0,51.46,49.79,11.9,0.0,45.3,0,None
2023-12-15 04:00:00,Maharashtra,Western Region,255.77,250.91,4726.2,4707.7,0.0,52.7,56.25,15.9,0.0,37.3,0,None
2023-12-15 05:00:00,Maharashtra,Western Region,259.09,253.75,4698.6,4674.4,0.0,17.93,47.17,16.7,0.0,34.8,0,None
2023-12-15 06:00:00,Maharashtra,Western Region,316.92,309.89,5948.5,5798.1,0.0,43.21,38.87,13.3,0.0,49.8,0,None
2023-12-15 07:00:00,Maharashtra,Western Region,359.16,356.25,6652.3,6402.9,25.23,31.49,48.99,16.7,0.0,50.5,0,None
2023-12-15 08:00:00,Maharashtra,Western Region,420.55,419.01,7752.1,7448.7,62.19,21.54,53.99,17.5,0.0,38.2,0,None
2023-12-15 09:00:00,Maharashtra,Western Region,442.32,432.36,8162.9,8141.5,85.95,36.31,43.05,19.2,0.0,47.4,0,None
2023-12-15 10:00:00,Maharashtra,Western Region,460.03,459.28,8467.7,8251.7,100.09,24.04,50.76,18.1,0.0,34.9,0,None
2023-12-15 11:00:00,Maharashtra,Western Region,509.33,508.84,9444.9,9187.7,110.82,29.98,51.49,22.1,0.0,50.1,0,None
2023-12-15 12:00:00,Maharashtra,Western Region,444.9,441.49,8239.8,8097.1,117.95,14.2,42.04,22.4,0.0,53.1,0,None
2023-12-15 13:00:00,Maharashtra,Western Region,445.03,438.24,8176.7,8067.0,120.54,24.7,43.69,24.3,0.0,47.9,0,None
2023-12-15 14:00:00,Maharashtra,Western Region,386.22,377.83,7173.5,7124.3,102.96,17.13,55.59,22.3,0.0,59.2,0,None
2023-12-15 15:00:00,Maharashtra,Western Region,390.47,384.42,7227.3,7131.1,83.59,32.98,49.15,21.2,0.0,40.1,0,None
2023-12-15 16:00:00,Maharashtra,Western Region,350.66,346.59,6464.6,6356.5,61.33,31.18,54.85,18.5,0.8,43.2,0,None
2023-12-15 17:00:00,Maharashtra,Western Region,316.65,316.5,5887.3,5673.8,34.7,22.2,48.15,21.1,0.0,60.4,0,None
2023-12-15 18:00:00,Maharashtra,Western Region,305.33,303.71,5726.6,5532.8,6.91,29.65,48.48,19.8,0.0,50.3,0,None
2023-12-15 19:00:00,Maharashtra,Western Region,342.17,332.13,6336.5,6180.9,0.0,26.81,54.73,20.6,0.0,40.7,0,None
2023-12-15 20:00:00,Maharashtra,Western Region,325.37,317.22,6059.7,5992.8,0.0,42.1,55.39,17.5,0.0,49.2,0,None
2023-12-15 21:00:00,Maharashtra,Western Region,358.06,351.06,6682.6,6569.1,0.0,40.94,50.77,18.7,0.0,52.4,0,None
2023-12-15 22:00:00,Maharashtra,Western Region,342.65,334.71,6363.4,6217.3,0.0,54.76,47.21,13.0,0.0,29.6,0,None
2023-12-15 23:00:00,Maharashtra,Western Region,362.07,353.25,6668.5,6580.1,0.0,38.08,48.73,12.5,0.0,44.0,0,None
2023-12-16 00:00:00,Maharashtra,Western Region,303.51,299.0,5507.4,5329.6,0.0,30.01,44.32,15.7,0.0,37.3,0,None
2023-12-16 01:00:00,Maharashtra,Western Region,289.17,281.33,5321.7,5265.3,0.0,44.93,52.13,11.3,0.0,48.8,0,None
2023-12-16 02:00:00,Maharashtra,Western Region,250.36,246.79,4676.6,4492.9,0.0,52.81,45.54,15.4,0.0,49.2,0,None
2023-12-16 03:00:00,Maharashtra,Western Region,226.71,226.62,4321.2,4256.2,0.0,47.41,53.49,13.9,0.0,58.8,0,None
2023-12-16 04:00:00,Maharashtra,Western Region,238.44,233.31,4366.7,4341.1,0.0,28.34,44.81,14.2,0.0,58.5,0,None
2023-12-16 05:00:00,Maharashtra,Western Region,282.48,280.44,5317.1,5292.6,0.0,43.06,56.26,14.8,0.0,50.2,0,None
2023-12-16 06:00:00,Maharashtra,Western Region,305.3,300.34,5600.4,5499.9,7.63,42.57,46.65,17.5,0.0,30.1,0,None
2023-12-16 07:00:00,Maharashtra,Western Region,351.13,343.21,6450.1,6411.5,26.6,22.17,62.29,17.2,0.4,42.1,0,None
2023-12-16 08:00:00,Maharashtra,Western Region,405.53,398.14,7473.7,7292.8,56.62,28.2,50.78,18.2,0.0,28.1,0,None
2023-12-16 09:00:00,Maharashtra,Western Region,443.2,433.96,8250.5,7980.8,86.99,22.2,56.28,18.7,0.0,57.7,0,None
2023-12-16 10:00:00,Maharashtra,Western Region,443.08,431.07,8212.6,8147.3,102.98,21.24,47.01,21.0,0.0,45.4,0,None
2023-12-16 11:00:00,Maharashtra,Western Region,471.17,469.29,8711.4,8593.3,107.71,15.84,48.39,20.7,0.0,51.2,0,None
2023-12-16 12:00:00,Maharashtra,Western Region,447.45,434.79,8262.9,7950.8,124.96,11.17,49.94,20.5,0.0,34.4,0,None
2023-12-16 13:00:00,Maharashtra,Western Region,422.69,410.67,7863.7,7689.1,107.2,25.46,53.94,24.3,0.0,41.3,0,None
2023-12-16 14:00:00,Maharashtra,Western Region,398.49,397.6,7354.6,7154.3,103.92,23.24,61.87,20.3,0.0,48.6,0,None
2023-12-16 15:00:00,Maharashtra,Western Region,394.63,393.33,7337.7,7108.2,79.09,22.34,51.26,24.5,0.0,53.6,0,None
2023-12-16 16:00:00,Maharashtra,Western Region,330.03,320.65,6119.2,5900.0,53.1,16.43,51.54,19.4,0.0,37.7,0,None
2023-12-16 17:00:00,Maharashtra,Western Region,354.18,350.1,6476.4,6386.3,37.57,33.32,54.89,20.0,0.0,23.7,0,None
2023-12-16 18:00:00,Maharashtra,Western Region,341.4,332.64,6208.8,5984.6,11.08,34.86,55.3,18.8,0.0,39.7,0,None
2023-12-16 19:00:00,Maharashtra,Western Region,333.11,324.59,6241.2,5993.3,0.0,48.26,55.73,20.2,0.0,43.7,0,None
2023-12-16 20:00:00,Maharashtra,Western Region,355.39,351.72,6627.0,6373.4,0.0,40.49,39.34,16.3,0.0,58.3,0,None
2023-12-16 21:00:00,Maharashtra,Western Region,340.8,332.15,6335.0,6262.2,0.0,45.97,52.84,20.1,0.0,48.0,0,None
2023-12-16 22:00:00,Maharashtra,Western Region,361.44,351.75,6715.0,6650.5,0.0,55.98,51.12,16.2,0.0,51.2,0,None
2023-12-16 23:00:00,Maharashtra,Western Region,324.47,316.02,6033.1,5945.8,0.0,47.78,44.99,14.4,0.0,47.9,0,None
2023-12-17 00:00:00,Maharashtra,Western Region,317.49,312.85,5780.6,5672.2,0.0,56.95,56.94,14.0,0.0,47.5,1,None
2023-12-17 01:00:00,Maharashtra,Western Region,221.66,215.58,4059.1,4011.3,0.0,51.91,66.06,17.7,0.0,42.3,1,None
2023-12-17 02:00:00,Maharashtra,Western Region,228.49,228.24,4174.8,4048.5,0.0,41.57,44.8,14.6,0.0,41.2,1,None
2023-12-17 03:00:00,Maharashtra,Western Region,222.95,221.16,4192.3,4138.1,0.0,42.71,55.2,14.7,0.0,36.1,1,None
2023-12-17 04:00:00,Maharashtra,Western Region,242.51,240.99,4480.8,4405.7,0.0,38.63,52.0,14.0,0.0,37.9,1,None
2023-12-17 05:00:00,Maharashtra,Western Region,269.9,261.83,4899.4,4847.6,0.0,43.12,57.86,14.2,0.0,36.5,1,None
2023-12-17 06:00:00,Maharashtra,Western Region,283.95,280.46,5261.7,5062.1,0.0,34.72,55.29,17.6,0.0,42.5,1,None
2023-12-17 07:00:00,Maharashtra,Western Region,318.49,314.27,5799.3,5745.1,31.99,28.63,56.55,16.2,0.0,46.7,1,None
2023-12-17 08:00:00,Maharashtra,Western Region,350.41,340.22,6481.1,6237.7,69.05,28.96,55.45,19.6,0.0,47.4,1,None
2023-12-17 09:00:00,Maharashtra,Western Region,372.73,369.91,6827.7,6822.7,92.09,16.47,55.1,21.8,0.0,39.9,1,None
2023-12-17 10:00:00,Maharashtra,Western Region,422.25,413.83,7799.4,7552.0,106.62,13.33,49.66,21.9,0.0,32.3,1,None
2023-12-17 11:00:00,Maharashtra,Western Region,411.4,406.52,7592.4,7323.6,120.29,27.48,51.98,21.4,0.0,47.5,1,None
2023-12-17 12:00:00,Maharashtra,Western Region,397.53,389.61,7439.6,7355.5,119.44,14.94,53.21,21.8,0.0,51.7,1,None
2023-12-17 13:00:00,Maharashtra,Western Region,379.62,377.76,7015.3,6815.2,118.38,14.4,47.74,20.1,0.0,40.6,1,None
2023-12-17 14:00:00,Maharashtra,Western Region,364.88,359.27,6650.2,6505.1,105.34,10.88,57.53,22.8,0.0,43.6,1,None
2023-12-17 15:00:00,Maharashtra,Western Region,343.91,341.58,6411.5,6159.9,87.66,27.14,55.48,19.9,0.0,52.0,1,None
2023-12-17 16:00:00,Maharashtra,Western Region,310.4,310.07,5735.7,5539.7,57.59,13.44,53.78,22.2,0.0,50.8,1,None
2023-12-17 17:00:00,Maharashtra,Western Region,343.53,333.53,6256.1,6213.2,33.91,28.05,55.28,23.2,0.0,43.5,1,None
2023-12-17 18:00:00,Maharashtra,Western Region,292.15,285.52,5430.3,5341.4,0.0,39.54,50.24,19.8,0.0,50.0,1,None
2023-12-17 19:00:00,Maharashtra,Western Region,314.39,312.98,5837.0,5717.1,0.0,40.82,45.83,22.2,0.0,52.4,1,None
2023-12-17 20:00:00,Maharashtra,Western Region,313.0,311.71,5749.1,5704.7,0.0,45.14,55.62,18.5,0.0,42.2,1,None
2023-12-17 21:00:00,Maharashtra,Western Region,305.92,305.67,5684.6,5489.5,0.0,49.02,59.8,17.8,0.0,54.5,1,None
2023-12-17 22:00:00,Maharashtra,Western Region,300.39,294.74,5587.6,5546.4,0.0,54.61,35.97,15.4,0.0,48.8,1,None
2023-12-17 23:00:00,Maharashtra,Western Region,313.34,306.21,5827.0,5714.2,0.0,42.58,43.79,14.9,0.0,53.9,1,None
2023-12-18 00:00:00,Maharashtra,Western Region,332.22,325.2,6205.8,6063.3,0.0,48.83,43.41,15.0,0.6,55.7,0,None
2023-12-18 01:00:00,Maharashtra,Western Region,275.88,270.83,5104.4,4953.4,0.0,50.43,56.2,14.2,0.0,35.2,0,None
2023-12-18 02:00:00,Maharashtra,Western Region,266.9,260.96,5003.6,4852.3,0.0,38.89,43.48,12.2,0.0,35.5,0,None
2023-12-18 03:00:00,Maharashtra,Western Region,244.76,244.16,4543.8,4501.0,0.0,31.92,57.99,15.2,0.0,43.7,0,None
2023-12-18 04:00:00,Maharashtra,Western Region,226.01,221.6,4160.2,4131.0,0.0,42.14,46.09,17.9,0.0,51.3,0,None
2023-12-18 05:00:00,Maharashtra,Western Region,280.57,275.43,5115.0,5034.7,0.0,35.09,49.31,16.0,0.0,65.4,0,None
2023-12-18 06:00:00,Maharashtra,Western Region,310.18,309.89,5700.0,5506.8,1.91,17.24,41.78,18.2,0.0,56.6,0,None
2023-12-18 07:00:00,Maharashtra,Western Region,333.95,325.03,6125.7,6059.6,39.21,27.93,50.47,18.0,0.0,41.4,0,None
2023-12-18 08:00:00,Maharashtra,Western Region,435.09,432.54,8062.9,7964.7,55.36,33.73,52.18,16.8,0.0,48.4,0,None
2023-12-18 09:00:00,Maharashtra,Western Region,408.34,397.74,7553.1,7333.3,90.5,20.8,53.78,19.3,0.0,44.5,0,None
2023-12-18 10:00:00,Maharashtra,Western Region,487.65,484.74,9047.6,8891.7,105.98,16.05,49.49,17.9,0.0,53.0,0,None
2023-12-18 11:00:00,Maharashtra,Western Region,453.99,452.96,8373.6,8261.7,121.9,35.07,42.15,20.4,0.0,61.0,0,None
2023-12-18 12:00:00,Maharashtra,Western Region,447.69,441.9,8192.9,8090.9,121.39,20.46,52.79,24.5,0.6,28.4,0,None
2023-12-18 13:00:00,Maharashtra,Western Region,448.01,447.51,8241.7,8241.0,124.73,26.53,42.05,24.6,0.0,35.1,0,None
2023-12-18 14:00:00,Maharashtra,Western Region,415.01,406.68,7654.1,7506.0,112.0,4.99,53.83,21.9,0.0,54.3,0,None
2023-12-18 15:00:00,Maharashtra,Western Region,361.5,358.37,6656.7,6525.7,76.2,10.09,44.79,24.4,0.0,45.5,0,None
2023-12-18 16:00:00,Maharashtra,Western Region,357.59,352.81,6604.4,6457.0,56.4,27.2,49.31,21.6,0.0,47.4,0,None
2023-12-18 17:00:00,Maharashtra,Western Region,361.11,360.65,6697.1,6640.4,40.23,37.93,54.02,19.0,0.0,40.4,0,None
2023-12-18 18:00:00,Maharashtra,Western Region,318.62,311.66,5960.9,5839.3,5.0,30.91,50.2,19.5,0.0,54.9,0,None
2023-12-18 19:00:00,Maharashtra,Western Region,337.49,334.3,6221.8,6012.6,0.0,29.26,48.27,19.4,0.0,54.1,0,None
2023-12-18 20:00:00,Maharashtra,Western Region,341.39,341.29,6368.5,6156.2,0.0,32.07,47.44,19.2,0.0,45.3,0,None
2023-12-18 21:00:00,Maharashtra,Western Region,344.88,334.92,6360.1,6184.4,0.0,39.31,37.27,17.0,0.0,44.4,0,None
2023-12-18 22:00:00,Maharashtra,Western Region,367.84,365.48,6810.7,6540.7,0.0,59.33,59.91,15.2,0.0,50.6,0,None
2023-12-18 23:00:00,Maharashtra,Western Region,353.88,344.85,6491.8,6407.4,0.0,52.32,51.67,13.8,0.0,28.9,0,None
2023-12-19 00:00:00,Maharashtra,Western Region,344.21,339.84,6483.2,6351.5,0.0,55.55,46.49,13.6,0.0,52.4,0,None
2023-12-19 01:00:00,Maharashtra,Western Region,286.42,283.88,5233.1,5050.0,0.0,49.2,52.3,14.2,0.0,54.0,0,None
2023-12-19 02:00:00,Maharashtra,Western Region,271.27,271.09,5012.4,4838.0,0.0,52.87,50.12,12.8,0.0,50.2,0,None
2023-12-19 03:00:00,Maharashtra,Western Region,236.25,230.23,4407.0,4370.8,0.0,39.18,51.87,13.8,0.0,36.9,0,None
2023-12-19 04:00:00,Maharashtra,Western Region,223.23,218.12,4181.2,4149.2,0.0,49.06,54.06,14.9,0.0,41.4,0,None
2023-12-19 05:00:00,Maharashtra,Western Region,282.74,279.14,5143.7,4940.0,0.0,33.66,51.87,16.2,0.0,53.3,0,None
2023-12-19 06:00:00,Maharashtra,Western Region,315.98,315.02,5870.2,5818.2,0.77,43.56,37.05,17.3,0.0,37.8,0,None
2023-12-19 07:00:00,Maharashtra,Western Region,370.9,362.73,6868.7,6693.7,33.38,48.7,39.14,17.8,0.0,48.6,0,None
2023-12-19 08:00:00,Maharashtra,Western Region,404.24,402.48,7509.6,7251.7,61.86,21.12,56.37,18.5,0.0,45.3,0,None
2023-12-19 09:00:00,Maharashtra,Western Region,429.68,421.07,7897.3,7665.2,85.06,21.2,49.05,20.8,0.0,44.3,0,None
2023-12-19 10:00:00,Maharashtra,Western Region,480.93,473.03,8875.2,8725.6,97.94,25.59,52.45,18.6,0.0,47.4,0,None
2023-12-19 11:00:00,Maharashtra,Western Region,475.86,471.24,8678.6,8526.2,107.39,17.74,51.66,19.9,0.0,43.7,0,None
2023-12-19 12:00:00,Maharashtra,Western Region,478.33,468.9,8773.4,8666.2,112.5,24.56,42.76,21.5,0.0,44.1,0,None
2023-12-19 13:00:00,Maharashtra,Western Region,454.63,447.71,8381.1,8278.6,109.63,14.99,50.74,23.1,0.0,43.6,0,None
2023-12-19 14:00:00,Maharashtra,Western Region,405.4,400.79,7464.9,7199.2,103.76,4.75,39.26,22.8,0.0,46.3,0,None
2023-12-19 15:00:00,Maharashtra,Western Region,395.71,385.63,7310.6,7040.8,75.74,30.84,52.29,21.1,0.0,43.2,0,None
2023-12-19 16:00:00,Maharashtra,Western Region,356.72,346.16,6593.0,6339.4,63.48,41.81,48.18,23.4,0.0,34.8,0,None
2023-12-19 17:00:00,Maharashtra,Western Region,331.41,329.83,6129.2,5942.3,31.43,38.63,50.02,20.7,0.0,39.6,0,None
2023-12-19 18:00:00,Maharashtra,Western Region,348.69,341.57,6411.0,6292.7,3.09,35.36,48.26,18.0,0.0,61.0,0,None
2023-12-19 19:00:00,Maharashtra,Western Region,361.07,360.15,6750.0,6721.0,0.0,39.66,51.68,19.7,0.0,38.1,0,None
2023-12-19 20:00:00,Maharashtra,Western Region,362.67,359.22,6767.8,6648.5,0.0,41.46,50.38,19.0,0.0,35.3,0,None
2023-12-19 21:00:00,Maharashtra,Western Region,369.15,358.77,6862.3,6652.0,0.0,45.04,55.84,20.0,0.0,53.1,0,None
2023-12-19 22:00:00,Maharashtra,Western Region,373.31,371.14,6805.6,6687.6,0.0,49.19,48.27,15.0,0.0,38.6,0,None
2023-12-19 23:00:00,Maharashtra,Western Region,356.15,352.16,6663.7,6601.9,0.0,49.68,57.89,14.8,0.0,47.7,0,None
2023-12-20 00:00:00,Maharashtra,Western Region,325.96,324.78,5998.7,5801.7,0.0,40.73,61.27,14.4,0.0,50.0,0,None
2023-12-20 01:00:00,Maharashtra,Western Region,289.54,282.82,5320.9,5113.2,0.0,55.57,51.4,15.8,0.0,44.8,0,None
2023-12-20 02:00:00,Maharashtra,Western Region,274.25,267.0,5041.0,4945.4,0.0,63.52,52.51,12.0,0.0,50.1,0,None
2023-12-20 03:00:00,Maharashtra,Western Region,229.72,224.28,4201.0,4035.3,0.0,49.03,55.22,13.0,0.0,46.3,0,None
2023-12-20 04:00:00,Maharashtra,Western Region,255.27,255.13,4678.4,4537.2,0.0,44.27,54.49,15.7,0.0,29.9,0,None
2023-12-20 05:00:00,Maharashtra,Western Region,245.34,245.18,4516.6,4391.5,0.0,52.27,38.22,19.4,0.0,44.1,0,None
2023-12-20 06:00:00,Maharashtra,Western Region,309.68,306.82,5661.4,5481.9,0.0,45.86,59.17,13.9,0.0,40.7,0,None
2023-12-20 07:00:00,Maharashtra,Western Region,367.01,362.46,6791.6,6751.6,35.74,39.72,45.69,16.7,0.0,44.1,0,None
2023-12-20 08:00:00,Maharashtra,Western Region,381.89,372.96,7052.8,7044.3,71.44,36.03,59.95,17.2,0.0,44.2,0,None
2023-12-20 09:00:00,Maharashtra,Western Region,436.92,424.68,8075.8,7961.3,78.65,22.17,41.95,19.5,0.0,45.1,0,None
2023-12-20 10:00:00,Maharashtra,Western Region,485.03,470.48,9014.9,8684.4,110.46,13.47,50.41,21.4,0.0,46.7,0,None
2023-12-20 11:00:00,Maharashtra,Western Region,476.12,463.77,8793.3,8660.5,119.39,19.68,45.88,22.7,0.0,46.2,0,None
2023-12-20 12:00:00,Maharashtra,Western Region,451.04,439.59,8352.1,8345.9,118.55,34.57,42.88,22.0,0.0,36.8,0,None
2023-12-20 13:00:00,Maharashtra,Western Region,411.31,407.25,7569.5,7389.9,117.49,30.45,34.93,21.9,0.0,44.0,0,None
2023-12-20 14:00:00,Maharashtra,Western Region,412.93,411.26,7538.0,7298.4,104.62,17.03,54.12,22.9,0.0,26.3,0,None
2023-12-20 15:00:00,Maharashtra,Western Region,370.54,365.01,6792.3,6551.0,80.27,30.27,46.84,23.5,0.0,45.6,0,None
2023-12-20 16:00:00,Maharashtra,Western Region,356.26,348.32,6535.2,6330.8,59.64,30.35,50.88,22.1,0.0,39.6,0,None
2023-12-20 17:00:00,Maharashtra,Western Region,348.92,342.4,6444.0,6435.8,32.33,39.79,49.28,19.1,0.1,45.5,0,None
2023-12-20 18:00:00,Maharashtra,Western Region,368.1,357.35,6885.6,6802.0,0.0,42.53,40.55,18.8,0.0,62.7,0,None
2023-12-20 19:00:00,Maharashtra,Western Region,372.52,367.47,6913.5,6763.9,0.0,21.06,51.95,18.3,0.0,46.6,0,None
2023-12-20 20:00:00,Maharashtra,Western Region,339.49,338.58,6270.6,6190.7,0.0,49.17,45.88,19.1,0.0,33.5,0,None
2023-12-20 21:00:00,Maharashtra,Western Region,365.77,361.02,6698.4,6436.2,0.0,62.84,54.03,17.6,0.0,52.8,0,None
2023-12-20 22:00:00,Maharashtra,Western Region,340.47,337.42,6302.0,6173.2,0.0,50.92,47.48,16.1,0.0,53.2,0,None
2023-12-20 23:00:00,Maharashtra,Western Region,351.21,342.55,6532.1,6325.5,0.0,49.84,49.39,16.1,0.0,43.2,0,None
2023-12-21 00:00:00,Maharashtra,Western Region,271.81,269.65,4946.5,4839.5,0.0,51.26,45.06,14.8,0.0,36.4,0,None
2023-12-21 01:00:00,Maharashtra,Western Region,273.12,272.77,5030.8,4981.1,0.0,48.42,51.6,17.6,0.0,43.1,0,None
2023-12-21 02:00:00,Maharashtra,Western Region,267.01,264.02,4979.9,4850.5,0.0,46.47,49.44,15.7,1.0,49.1,0,None
2023-12-21 03:00:00,Maharashtra,Western Region,244.03,242.51,4468.8,4298.6,0.0,38.5,48.59,14.6,0.7,41.6,0,None
2023-12-21 04:00:00,Maharashtra,Western Region,249.11,242.48,4608.0,4576.2,0.0,42.57,56.33,15.0,0.0,35.5,0,None
2023-12-21 05:00:00,Maharashtra,Western Region,276.79,275.27,5117.6,5043.7,0.0,40.69,55.43,15.1,0.0,46.3,0,None
2023-12-21 06:00:00,Maharashtra,Western Region,308.91,307.86,5742.6,5726.1,0.0,23.02,57.26,16.0,0.0,47.3,0,None
2023-12-21 07:00:00,Maharashtra,Western Region,341.08,340.08,6313.2,6298.6,29.81,45.88,50.58,16.7,0.0,53.2,0,None
2023-12-21 08:00:00,Maharashtra,Western Region,413.8,403.65,7620.8,7543.1,59.86,23.74,53.77,19.3,0.0,31.0,0,None
2023-12-21 09:00:00,Maharashtra,Western Region,483.82,472.13,8863.1,8659.8,82.74,15.85,46.47,15.5,0.0,29.6,0,None
2023-12-21 10:00:00,Maharashtra,Western Region,456.8,450.08,8389.3,8329.4,103.26,27.11,52.94,20.7,0.0,53.5,0,None
2023-12-21 11:00:00,Maharashtra,Western Region,465.79,464.57,8574.6,8428.8,121.07,15.38,43.24,19.7,0.0,61.1,0,None
2023-12-21 12:00:00,Maharashtra,Western Region,448.63,447.03,8297.0,8138.3,119.55,17.11,49.07,22.6,0.0,51.2,0,None
2023-12-21 13:00:00,Maharashtra,Western Region,433.65,428.26,7961.2,7898.3,113.85,19.64,44.17,22.4,0.0,52.5,0,None
2023-12-21 14:00:00,Maharashtra,Western Region,423.15,421.68,7784.0,7608.7,108.83,27.38,56.23,23.6,0.0,52.0,0,None
2023-12-21 15:00:00,Maharashtra,Western Region,389.91,387.87,7187.3,6971.3,82.09,19.54,54.89,20.9,0.0,59.7,0,None
2023-12-21 16:00:00,Maharashtra,Western Region,361.77,351.36,6704.0,6455.8,61.74,36.56,38.9,18.9,0.0,28.0,0,None
2023-12-21 17:00:00,Maharashtra,Western Region,362.9,362.36,6688.2,6577.9,24.33,32.08,44.32,21.5,0.0,52.8,0,None
2023-12-21 18:00:00,Maharashtra,Western Region,349.83,340.58,6406.0,6232.2,0.0,27.95,53.08,20.4,0.0,43.7,0,None
2023-12-21 19:00:00,Maharashtra,Western Region,381.04,371.82,7003.9,6745.3,0.0,22.55,43.11,21.3,0.0,38.2,0,None
2023-12-21 20:00:00,Maharashtra,Western Region,347.87,341.46,6404.8,6393.4,0.0,48.2,47.98,15.6,0.0,46.2,0,None
2023-12-21 21:00:00,Maharashtra,Western Region,347.75,339.95,6393.8,6201.0,0.0,45.77,59.22,19.3,0.0,45.8,0,None
2023-12-21 22:00:00,Maharashtra,Western Region,377.94,373.87,7030.2,6989.5,0.0,46.43,52.72,14.3,0.0,45.4,0,None
2023-12-21 23:00:00,Maharashtra,Western Region,339.6,331.6,6258.3,6060.3,0.0,31.25,62.21,13.9,0.0,58.2,0,None
2023-12-22 00:00:00,Maharashtra,Western Region,309.03,307.71,5644.9,5534.7,0.0,55.99,43.12,14.7,0.0,46.4,0,None
2023-12-22 01:00:00,Maharashtra,Western Region,286.94,280.54,5363.5,5317.0,0.0,32.19,55.18,13.4,0.0,39.9,0,None
2023-12-22 02:00:00,Maharashtra,Western Region,280.21,275.04,5218.3,5185.0,0.0,49.75,39.35,13.0,0.0,45.5,0,None
2023-12-22 03:00:00,Maharashtra,Western Region,250.11,245.58,4611.8,4533.5,0.0,63.48,53.84,11.8,0.0,41.3,0,None
2023-12-22 04:00:00,Maharashtra,Western Region,241.96,234.86,4527.2,4494.7,0.0,46.64,46.52,15.2,0.0,45.5,0,None
2023-12-22 05:00:00,Maharashtra,Western Region,271.11,264.92,5015.0,4831.8,0.0,40.62,40.19,16.2,0.0,39.0,0,None
2023-12-22 06:00:00,Maharashtra,Western Region,332.27,323.1,6143.3,5906.7,2.92,37.61,58.82,15.5,0.0,33.0,0,None
2023-12-22 07:00:00,Maharashtra,Western Region,366.11,359.4,6743.9,6565.1,30.46,38.31,52.79,14.6,0.0,40.9,0,None
2023-12-22 08:00:00,Maharashtra,Western Region,378.26,374.0,6947.4,6824.2,64.77,28.6,46.43,18.6,0.0,34.3,0,None
2023-12-22 09:00:00,Maharashtra,Western Region,452.91,452.2,8358.5,8065.6,90.11,30.61,52.9,19.5,0.0,53.6,0,None
2023-12-22 10:00:00,Maharashtra,Western Region,475.28,467.2,8770.7,8572.3,109.3,23.56,57.07,20.8,0.0,56.8,0,None
2023-12-22 11:00:00,Maharashtra,Western Region,471.41,465.5,8680.5,8385.0,118.58,18.27,48.82,22.7,0.0,44.8,0,None
2023-12-22 12:00:00,Maharashtra,Western Region,487.86,487.33,9070.2,8905.2,115.48,2.15,39.11,21.6,0.0,45.4,0,None
2023-12-22 13:00:00,Maharashtra,Western Region,433.01,432.14,8053.9,7948.3,116.72,24.49,49.79,21.4,0.0,39.7,0,None
2023-12-22 14:00:00,Maharashtra,Western Region,415.09,405.47,7711.2,7444.7,107.94,10.75,57.99,21.2,0.0,47.3,0,None
2023-12-22 15:00:00,Maharashtra,Western Region,378.17,367.74,7009.4,6921.7,85.46,32.68,56.38,21.9,0.0,34.7,0,None
2023-12-22 16:00:00,Maharashtra,Western Region,340.08,330.17,6247.5,6021.2,56.22,32.33,43.64,22.0,0.0,40.8,0,None
2023-12-22 17:00:00,Maharashtra,Western Region,328.46,322.81,6119.9,6037.8,22.27,30.96,55.76,24.0,0.0,51.3,0,None
2023-12-22 18:00:00,Maharashtra,Western Region,358.63,350.66,6721.8,6719.8,0.0,27.05,49.59,18.8,0.0,44.0,0,None
2023-12-22 19:00:00,Maharashtra,Western Region,340.57,334.55,6247.6,6205.4,0.0,41.49,41.78,16.7,0.0,49.8,0,None
2023-12-22 20:00:00,Maharashtra,Western Region,347.74,340.32,6418.5,6198.0,0.0,42.82,48.2,18.7,0.0,52.6,0,None
2023-12-22 21:00:00,Maharashtra,Western Region,368.85,361.07,6820.2,6656.8,0.0,51.16,63.77,15.9,0.0,36.7,0,None
2023-12-22 22:00:00,Maharashtra,Western Region,366.66,358.78,6827.3,6625.4,0.0,43.6,48.76,15.5,0.0,44.5,0,None
2023-12-22 23:00:00,Maharashtra,Western Region,349.61,345.71,6324.0,6169.5,0.0,48.16,44.91,15.4,0.0,54.8,0,None
2023-12-23 00:00:00,Maharashtra,Western Region,332.3,323.76,6179.5,6030.7,0.0,42.44,45.7,11.4,0.0,38.2,0,None
2023-12-23 01:00:00,Maharashtra,Western Region,253.54,252.87,4705.4,4580.9,0.0,60.87,50.06,17.6,0.0,41.1,0,None
2023-12-23 02:00:00,Maharashtra,Western Region,237.52,232.61,4302.9,4208.0,0.0,42.87,65.2,16.6,0.0,39.5,0,None
2023-12-23 03:00:00,Maharashtra,Western Region,234.65,233.59,4326.8,4182.6,0.0,35.08,45.72,13.1,0.0,48.1,0,None
2023-12-23 04:00:00,Maharashtra,Western Region,257.02,252.59,4798.5,4701.5,0.0,36.14,50.65,12.7,0.8,44.8,0,None
2023-12-23 05:00:00,Maharashtra,Western Region,312.14,312.07,5681.3,5634.8,0.0,41.74,52.2,15.6,0.0,33.0,0,None
2023-12-23 06:00:00,Maharashtra,Western Region,299.03,298.0,5597.8,5515.5,0.0,32.86,41.53,13.4,0.0,55.2,0,None
2023-12-23 07:00:00,Maharashtra,Western Region,372.96,372.92,6829.0,6800.3,30.44,18.58,44.8,16.3,0.0,60.6,0,None
2023-12-23 08:00:00,Maharashtra,Western Region,398.11,396.29,7276.9,7241.6,61.18,26.34,51.57,19.3,0.0,43.2,0,None
2023-12-23 09:00:00,Maharashtra,Western Region,454.53,452.63,8505.7,8388.2,90.79,35.48,46.24,15.8,0.0,43.1,0,None
2023-12-23 10:00:00,Maharashtra,Western Region,482.0,481.9,8928.6,8659.1,108.96,15.49,52.09,21.1,0.0,49.0,0,None
2023-12-23 11:00:00,Maharashtra,Western Region,493.38,478.7,9170.2,8820.9,108.9,15.75,59.41,21.3,0.0,35.6,0,None
2023-12-23 12:00:00,Maharashtra,Western Region,430.6,420.9,7825.6,7609.3,116.39,13.98,56.39,23.3,0.0,34.6,0,None
2023-12-23 13:00:00,Maharashtra,Western Region,436.16,429.75,8123.2,7933.4,110.26,12.93,46.55,24.8,0.0,29.0,0,None
2023-12-23 14:00:00,Maharashtra,Western Region,419.09,415.11,7784.0,7674.4,104.56,33.77,55.95,24.5,0.0,38.5,0,None
2023-12-23 15:00:00,Maharashtra,Western Region,359.5,354.59,6680.1,6591.7,81.19,16.1,48.53,20.5,0.0,47.1,0,None
2023-12-23 16:00:00,Maharashtra,Western Region,345.86,343.17,6353.7,6217.3,75.06,19.34,42.5,18.5,0.0,45.8,0,None
2023-12-23 17:00:00,Maharashtra,Western Region,344.81,344.51,6361.6,6159.1,36.57,35.75,37.86,20.4,0.0,37.5,0,None
2023-12-23 18:00:00,Maharashtra,Western Region,329.68,322.64,6007.2,5979.5,0.0,33.35,53.23,19.8,0.0,39.4,0,None
2023-12-23 19:00:00,Maharashtra,Western Region,369.57,366.73,6779.7,6542.5,0.0,42.49,53.22,21.4,0.0,51.5,0,None
2023-12-23 20:00:00,Maharashtra,Western Region,351.03,344.37,6596.3,6562.4,0.0,42.53,66.61,19.6,0.0,45.1,0,None
2023-12-23 21:00:00,Maharashtra,Western Region,381.01,374.86,7009.7,6977.2,0.0,50.53,44.69,15.6,0.0,45.5,0,None
2023-12-23 22:00:00,Maharashtra,Western Region,343.19,343.04,6439.7,6386.7,0.0,30.11,45.44,16.6,0.0,36.5,0,None
2023-12-23 23:00:00,Maharashtra,Western Region,306.55,305.75,5584.3,5554.2,0.0,35.94,49.22,18.0,0.0,46.3,0,None
2023-12-24 00:00:00,Maharashtra,Western Region,285.91,279.54,5255.5,5234.8,0.0,35.29,40.41,11.4,0.0,44.3,1,None
2023-12-24 01:00:00,Maharashtra,Western Region,279.11,278.95,5146.3,5130.9,0.0,52.15,48.62,12.1,0.0,50.0,1,None
2023-12-24 02:00:00,Maharashtra,Western Region,225.74,221.72,4219.8,4207.7,0.0,42.67,44.52,17.8,0.0,56.1,1,None
2023-12-24 03:00:00,Maharashtra,Western Region,208.66,206.39,3879.8,3780.1,0.0,50.11,52.73,13.6,0.0,51.1,1,None
2023-12-24 04:00:00,Maharashtra,Western Region,234.45,234.14,4421.6,4344.0,0.0,44.2,41.71,14.2,0.0,43.0,1,None
2023-12-24 05:00:00,Maharashtra,Western Region,248.31,246.46,4587.2,4553.1,0.0,36.07,49.31,15.7,0.3,54.7,1,None
2023-12-24 06:00:00,Maharashtra,Western Region,269.46,268.86,4995.4,4980.6,1.28,41.53,41.69,19.5,0.0,39.4,1,None
2023-12-24 07:00:00,Maharashtra,Western Region,315.5,307.2,5880.0,5657.3,37.51,27.33,41.38,18.7,0.0,57.0,1,None
2023-12-24 08:00:00,Maharashtra,Western Region,330.47,320.59,6142.8,6081.2,59.71,31.66,49.27,17.9,0.0,39.4,1,None
2023-12-24 09:00:00,Maharashtra,Western Region,390.99,382.19,7207.2,7100.4,78.76,33.9,56.91,20.2,0.0,43.1,1,None
2023-12-24 10:00:00,Maharashtra,Western Region,417.11,407.81,7711.8,7552.3,100.94,10.36,53.44,16.4,0.0,33.5,1,None
2023-12-24 11:00:00,Maharashtra,Western Region,409.22,400.06,7540.9,7479.7,112.69,20.7,44.53,20.0,0.0,54.8,1,None
2023-12-24 12:00:00,Maharashtra,Western Region,400.56,394.53,7320.9,7117.6,116.14,29.17,47.09,21.2,0.0,37.7,1,None
2023-12-24 13:00:00,Maharashtra,Western Region,394.77,387.74,7274.0,7020.2,114.38,18.95,43.15,22.7,0.0,55.2,1,None
2023-12-24 14:00:00,Maharashtra,Western Region,341.42,337.81,6299.0,6077.6,113.79,40.97,51.89,22.5,0.0,40.2,1,None
2023-12-24 15:00:00,Maharashtra,Western Region,334.38,327.31,6175.8,6027.1,79.59,18.48,37.31,19.9,0.3,51.9,1,None
2023-12-24 16:00:00,Maharashtra,Western Region,320.93,312.78,5871.1,5844.2,55.12,29.3,53.58,21.7,0.0,38.4,1,None
2023-12-24 17:00:00,Maharashtra,Western Region,311.96,311.74,5819.1,5713.5,29.13,34.33,48.09,21.7,0.0,44.2,1,None
2023-12-24 18:00:00,Maharashtra,Western Region,315.88,311.29,5905.1,5861.9,0.0,41.43,40.24,18.3,0.0,23.9,1,None
2023-12-24 19:00:00,Maharashtra,Western Region,304.31,299.12,5636.2,5426.1,0.0,34.82,55.19,17.3,0.0,37.7,1,None
2023-12-24 20:00:00,Maharashtra,Western Region,309.26,304.07,5652.7,5470.5,0.0,36.74,51.57,19.9,0.0,42.0,1,None
2023-12-24 21:00:00,Maharashtra,Western Region,322.74,315.22,6010.8,5831.0,0.0,35.43,45.03,16.4,0.0,50.4,1,None
2023-12-24 22:00:00,Maharashtra,Western Region,338.81,331.53,6259.8,6220.7,0.0,45.14,46.8,14.5,0.0,53.9,1,None
2023-12-24 23:00:00,Maharashtra,Western Region,288.73,288.13,5373.2,5294.7,0.0,49.14,56.76,15.7,0.0,36.3,1,None
2023-12-25 00:00:00,Maharashtra,Western Region,268.5,261.55,4950.6,4837.8,0.0,40.25,45.47,18.2,0.0,46.0,1,Christmas
2023-12-25 01:00:00,Maharashtra,Western Region,258.43,250.71,4790.5,4785.6,0.0,40.81,53.1,14.7,0.0,45.8,1,Christmas
2023-12-25 02:00:00,Maharashtra,Western Region,224.29,219.93,4063.0,3941.1,0.0,48.95,60.51,15.2,0.0,32.5,1,Christmas
2023-12-25 03:00:00,Maharashtra,Western Region,201.28,197.45,3773.8,3726.8,0.0,38.44,42.35,16.7,0.0,54.4,1,Christmas
2023-12-25 04:00:00,Maharashtra,Western Region,220.04,219.24,4017.7,4012.2,0.0,45.97,51.27,16.0,0.0,53.2,1,Christmas
2023-12-25 05:00:00,Maharashtra,Western Region,260.13,253.76,4840.4,4676.4,0.0,23.85,56.04,16.6,0.0,52.6,1,Christmas
2023-12-25 06:00:00,Maharashtra,Western Region,291.04,286.52,5397.6,5365.0,5.33,37.66,50.21,18.0,0.0,34.2,1,Christmas
2023-12-25 07:00:00,Maharashtra,Western Region,312.64,312.47,5834.5,5730.2,30.43,19.64,52.48,17.3,0.0,66.7,1,Christmas
2023-12-25 08:00:00,Maharashtra,Western Region,364.29,354.6,6765.2,6551.7,66.02,30.53,54.08,16.1,0.0,40.9,1,Christmas
2023-12-25 09:00:00,Maharashtra,Western Region,378.37,375.05,6972.7,6930.1,93.46,15.7,48.35,17.9,0.0,46.9,1,Christmas
2023-12-25 10:00:00,Maharashtra,Western Region,419.98,417.93,7769.6,7665.0,100.38,24.82,42.77,19.0,0.0,40.8,1,Christmas
2023-12-25 11:00:00,Maharashtra,Western Region,400.67,390.34,7415.7,7364.8,117.23,23.63,46.11,20.2,0.0,48.5,1,Christmas
2023-12-25 12:00:00,Maharashtra,Western Region,404.14,401.13,7445.1,7259.8,114.07,22.47,54.56,19.7,0.0,46.8,1,Christmas
2023-12-25 13:00:00,Maharashtra,Western Region,359.57,352.83,6673.2,6447.9,116.3,14.63,49.45,21.1,0.1,44.5,1,Christmas
2023-12-25 14:00:00,Maharashtra,Western Region,373.73,368.76,6955.8,6883.8,107.37,25.2,50.72,21.0,0.0,56.2,1,Christmas
2023-12-25 15:00:00,Maharashtra,Western Region,311.84,307.65,5837.3,5710.2,83.03,25.52,47.21,22.7,0.0,39.3,1,Christmas
2023-12-25 16:00:00,Maharashtra,Western Region,288.41,281.15,5250.1,5183.4,53.99,35.27,53.3,21.1,0.0,48.6,1,Christmas
2023-12-25 17:00:00,Maharashtra,Western Region,297.85,291.39,5521.5,5315.6,32.8,29.2,60.09,21.2,0.0,26.2,1,Christmas
2023-12-25 18:00:00,Maharashtra,Western Region,312.0,308.2,5709.6,5700.6,6.73,40.77,56.16,20.0,0.0,53.8,1,Christmas
2023-12-25 19:00:00,Maharashtra,Western Region,325.13,322.18,5999.5,5834.7,0.0,28.91,42.27,19.8,0.0,40.0,1,Christmas
2023-12-25 20:00:00,Maharashtra,Western Region,315.93,311.67,5864.2,5709.4,0.0,28.08,42.18,15.7,0.0,39.4,1,Christmas
2023-12-25 21:00:00,Maharashtra,Western Region,306.43,298.62,5682.9,5546.6,0.0,39.36,60.47,18.1,0.0,48.4,1,Christmas
2023-12-25 22:00:00,Maharashtra,Western Region,290.35,289.23,5432.4,5281.0,0.0,44.8,39.29,14.7,0.0,29.9,1,Christmas
2023-12-25 23:00:00,Maharashtra,Western Region,276.03,274.74,5109.6,5084.4,0.0,41.34,48.18,13.4,0.0,53.9,1,Christmas
2023-12-26 00:00:00,Maharashtra,Western Region,312.45,309.46,5836.1,5812.1,0.0,54.52,47.0,14.6,0.0,36.7,0,None
2023-12-26 01:00:00,Maharashtra,Western Region,277.2,271.93,5052.5,4979.5,0.0,34.63,56.96,15.9,0.0,40.8,0,None
2023-12-26 02:00:00,Maharashtra,Western Region,290.02,287.78,5396.0,5368.1,0.0,30.51,51.78,13.2,0.0,52.7,0,None
2023-12-26 03:00:00,Maharashtra,Western Region,274.63,273.79,5091.1,5018.2,0.0,44.51,56.84,13.5,0.0,37.9,0,None
2023-12-26 04:00:00,Maharashtra,Western Region,233.91,230.32,4244.6,4103.2,0.0,34.65,57.69,15.6,0.0,42.7,0,None
2023-12-26 05:00:00,Maharashtra,Western Region,294.73,294.52,5513.3,5478.1,0.0,37.86,48.48,15.2,0.0,40.0,0,None
2023-12-26 06:00:00,Maharashtra,Western Region,303.39,299.11,5603.8,5452.8,0.5,35.46,56.47,18.3,0.0,42.1,0,None
2023-12-26 07:00:00,Maharashtra,Western Region,366.86,365.12,6742.0,6687.8,23.71,27.13,45.74,17.5,0.0,35.8,0,None
2023-12-26 08:00:00,Maharashtra,Western Region,412.26,411.0,7732.8,7560.0,51.58,37.81,51.68,19.6,0.0,38.1,0,None
2023-12-26 09:00:00,Maharashtra,Western Region,433.52,422.44,8150.5,8053.8,85.25,22.95,45.3,19.0,0.0,46.2,0,None
2023-12-26 10:00:00,Maharashtra,Western Region,468.16,459.21,8641.3,8504.5,103.12,19.54,47.42,20.4,0.0,53.7,0,None
2023-12-26 11:00:00,Maharashtra,Western Region,482.39,476.86,9031.4,8811.5,125.15,16.76,35.49,21.2,0.0,57.4,0,None
2023-12-26 12:00:00,Maharashtra,Western Region,442.59,438.0,8226.8,8049.7,120.75,33.53,54.01,19.9,0.0,58.9,0,None
2023-12-26 13:00:00,Maharashtra,Western Region,444.6,435.65,8205.7,7943.8,114.71,29.01,56.78,22.6,0.0,42.5,0,None
2023-12-26 14:00:00,Maharashtra,Western Region,396.76,385.35,7345.3,7138.3,109.98,17.19,54.09,23.4,0.0,38.3,0,None
2023-12-26 15:00:00,Maharashtra,Western Region,356.54,351.06,6587.8,6392.9,76.23,13.48,43.86,24.8,0.0,46.8,0,None
2023-12-26 16:00:00,Maharashtra,Western Region,338.86,332.37,6335.3,6295.7,63.76,21.61,44.16,19.4,0.0,45.1,0,None
2023-12-26 17:00:00,Maharashtra,Western Region,368.82,361.71,6748.7,6647.8,29.29,21.58,50.93,20.9,0.0,44.4,0,None
2023-12-26 18:00:00,Maharashtra,Western Region,347.94,339.39,6382.8,6265.8,0.0,37.13,43.99,21.6,0.1,41.8,0,None
2023-12-26 19:00:00,Maharashtra,Western Region,333.81,324.87,6157.0,6036.5,0.0,40.16,49.28,18.4,0.0,45.0,0,None
2023-12-26 20:00:00,Maharashtra,Western Region,354.06,352.27,6604.5,6455.9,0.0,35.86,53.55,19.0,0.0,43.2,0,None
2023-12-26 21:00:00,Maharashtra,Western Region,361.44,353.51,6705.9,6499.2,0.0,56.71,51.43,17.2,0.0,34.7,0,None
2023-12-26 22:00:00,Maharashtra,Western Region,339.64,332.12,6220.1,6184.9,0.0,36.17,52.71,16.8,0.0,43.2,0,None
2023-12-26 23:00:00,Maharashtra,Western Region,340.36,335.24,6194.3,6039.0,0.0,56.94,52.96,16.0,0.0,37.2,0,None
2023-12-27 00:00:00,Maharashtra,Western Region,297.54,289.6,5492.1,5402.7,0.0,41.56,57.7,15.9,0.0,40.9,0,None
2023-12-27 01:00:00,Maharashtra,Western Region,255.81,252.05,4669.4,4576.5,0.0,48.68,48.75,14.5,0.0,41.0,0,None
2023-12-27 02:00:00,Maharashtra,Western Region,243.41,236.15,4480.7,4470.9,0.0,53.31,38.14,15.2,0.0,42.8,0,None
2023-12-27 03:00:00,Maharashtra,Western Region,240.19,233.03,4397.9,4326.0,0.0,42.37,50.26,14.6,0.0,46.8,0,None
2023-12-27 04:00:00,Maharashtra,Western Region,276.51,273.21,5106.1,5078.7,0.0,58.24,53.66,14.6,0.0,27.8,0,None
2023-12-27 05:00:00,Maharashtra,Western Region,272.61,265.61,5014.8,5014.7,0.0,23.16,48.55,14.0,0.0,51.0,0,None
2023-12-27 06:00:00,Maharashtra,Western Region,326.12,324.15,6022.6,5947.6,3.7,31.91,39.41,14.1,0.0,53.9,0,None
2023-12-27 07:00:00,Maharashtra,Western Region,380.13,379.34,7088.8,6967.7,34.39,34.2,50.6,19.4,0.0,42.0,0,None
2023-12-27 08:00:00,Maharashtra,Western Region,390.02,382.6,7307.0,7176.1,57.65,23.11,55.18,17.6,0.0,32.2,0,None
2023-12-27 09:00:00,Maharashtra,Western Region,431.76,427.06,7972.3,7924.9,82.83,30.29,49.78,21.0,0.0,35.3,0,None
2023-12-27 10:00:00,Maharashtra,Western Region,456.54,453.82,8415.1,8136.2,100.0,31.95,57.95,21.8,0.0,51.5,0,None
2023-12-27 11:00:00,Maharashtra,Western Region,444.94,434.03,8261.5,8045.7,108.84,16.38,52.27,21.2,0.0,45.3,0,None
2023-12-27 12:00:00,Maharashtra,Western Region,456.32,451.24,8524.9,8227.4,126.31,22.33,53.02,20.8,0.0,32.2,0,None
2023-12-27 13:00:00,Maharashtra,Western Region,437.69,437.0,8120.6,8040.0,106.31,22.81,57.18,19.5,0.0,48.2,0,None
2023-12-27 14:00:00,Maharashtra,Western Region,436.93,429.09,8095.9,8016.8,108.57,28.2,52.84,21.3,0.0,34.1,0,None
2023-12-27 15:00:00,Maharashtra,Western Region,381.28,375.85,6999.3,6783.5,87.83,22.96,56.55,20.4,0.0,44.9,0,None
2023-12-27 16:00:00,Maharashtra,Western Region,358.81,358.43,6673.8,6426.1,58.65,18.28,61.44,21.5,0.0,55.6,0,None
2023-12-27 17:00:00,Maharashtra,Western Region,360.82,360.47,6550.1,6441.3,34.76,30.21,54.37,20.2,0.5,48.1,0,None
2023-12-27 18:00:00,Maharashtra,Western Region,348.29,341.05,6378.2,6317.2,0.38,40.85,57.49,21.8,0.0,53.0,0,None
2023-12-27 19:00:00,Maharashtra,Western Region,340.82,338.57,6387.4,6157.1,0.0,36.65,48.98,20.7,0.0,34.6,0,None
2023-12-27 20:00:00,Maharashtra,Western Region,333.17,323.9,6185.4,6159.2,0.0,61.37,51.14,20.5,0.0,49.9,0,None
2023-12-27 21:00:00,Maharashtra,Western Region,331.48,326.17,6122.3,6025.2,0.0,36.17,39.65,18.9,0.0,32.2,0,None
2023-12-27 22:00:00,Maharashtra,Western Region,355.16,353.68,6615.9,6529.9,0.0,61.82,54.75,15.6,0.0,56.5,0,None
2023-12-27 23:00:00,Maharashtra,Western Region,349.54,347.39,6488.2,6276.6,0.0,45.92,47.46,15.4,0.0,56.3,0,None
2023-12-28 00:00:00,Maharashtra,Western Region,292.99,286.48,5460.0,5311.8,0.0,62.75,51.55,14.2,0.2,39.7,0,None
2023-12-28 01:00:00,Maharashtra,Western Region,297.75,291.72,5490.9,5421.2,0.0,36.88,45.85,12.0,0.0,50.5,0,None
2023-12-28 02:00:00,Maharashtra,Western Region,263.16,262.95,4938.4,4850.2,0.0,51.33,52.92,13.0,0.0,40.5,0,None
2023-12-28 03:00:00,Maharashtra,Western Region,243.72,239.67,4544.4,4481.8,0.0,55.55,57.37,14.0,0.0,51.0,0,None
2023-12-28 04:00:00,Maharashtra,Western Region,238.25,233.78,4251.3,4173.5,0.0,51.25,51.48,15.1,0.0,70.4,0,None
2023-12-28 05:00:00,Maharashtra,Western Region,263.24,261.44,4802.5,4682.0,0.0,42.74,57.99,14.9,0.0,35.4,0,None
2023-12-28 06:00:00,Maharashtra,Western Region,363.22,356.1,6736.9,6709.9,0.95,25.36,48.83,14.5,0.0,37.3,0,None
2023-12-28 07:00:00,Maharashtra,Western Region,360.84,359.34,6711.1,6580.2,37.01,31.16,43.12,18.5,0.0,55.2,0,None
2023-12-28 08:00:00,Maharashtra,Western Region,400.8,392.29,7350.9,7113.3,66.49,29.89,48.63,17.7,0.0,49.1,0,None
2023-12-28 09:00:00,Maharashtra,Western Region,476.4,468.46,8779.9,8627.3,84.49,19.32,43.88,20.1,0.0,49.9,0,None
2023-12-28 10:00:00,Maharashtra,Western Region,474.57,470.18,8832.1,8806.2,107.32,24.22,51.56,16.3,0.0,40.5,0,None
2023-12-28 11:00:00,Maharashtra,Western Region,480.02,472.62,8861.5,8634.1,111.52,21.34,53.36,20.4,0.0,39.3,0,None
2023-12-28 12:00:00,Maharashtra,Western Region,483.1,475.55,8917.9,8610.8,113.24,30.23,43.55,22.6,0.0,41.3,0,None
2023-12-28 13:00:00,Maharashtra,Western Region,417.84,408.36,7693.1,7612.5,115.29,7.31,48.01,21.7,0.0,45.6,0,None
2023-12-28 14:00:00,Maharashtra,Western Region,418.23,410.17,7853.4,7540.1,105.64,20.7,57.11,20.7,0.0,37.4,0,None
2023-12-28 15:00:00,Maharashtra,Western Region,377.67,375.1,7012.2,6851.1,83.42,29.08,51.53,19.8,0.0,37.2,0,None
2023-12-28 16:00:00,Maharashtra,Western Region,341.46,334.89,6370.1,6302.2,62.98,39.5,47.05,24.1,0.0,35.2,0,None
2023-12-28 17:00:00,Maharashtra,Western Region,363.68,362.18,6705.7,6656.2,25.93,29.8,52.71,22.4,0.0,36.8,0,None
2023-12-28 18:00:00,Maharashtra,Western Region,321.2,314.28,5914.9,5740.5,2.2,35.92,53.43,19.5,0.4,36.7,0,None
2023-12-28 19:00:00,Maharashtra,Western Region,336.11,330.2,6247.8,6204.1,0.0,44.11,50.94,17.9,0.0,53.8,0,None
2023-12-28 20:00:00,Maharashtra,Western Region,336.2,330.32,6218.5,6061.6,0.0,59.62,39.63,17.8,0.0,41.8,0,None
2023-12-28 21:00:00,Maharashtra,Western Region,380.85,376.18,7038.6,6970.6,0.0,43.57,50.72,17.1,0.0,46.6,0,None
2023-12-28 22:00:00,Maharashtra,Western Region,353.21,345.35,6592.4,6432.2,0.0,38.09,48.6,17.4,0.0,50.7,0,None
2023-12-28 23:00:00,Maharashtra,Western Region,340.12,337.73,6307.0,6284.5,0.0,39.56,55.16,15.9,0.0,43.0,0,None
2023-12-29 00:00:00,Maharashtra,Western Region,310.89,309.6,5822.6,5712.7,0.0,51.89,57.43,17.0,0.0,34.2,0,None
2023-12-29 01:00:00,Maharashtra,Western Region,258.18,258.15,4814.6,4814.6,0.0,54.26,49.46,16.3,0.0,47.3,0,None
2023-12-29 02:00:00,Maharashtra,Western Region,272.08,263.97,5050.9,4934.8,0.0,50.15,45.3,12.2,0.0,48.5,0,None
2023-12-29 03:00:00,Maharashtra,Western Region,243.43,242.17,4536.3,4479.1,0.0,48.23,54.75,13.8,0.0,42.0,0,None
2023-12-29 04:00:00,Maharashtra,Western Region,248.25,241.21,4606.4,4585.0,0.0,47.26,40.48,14.0,0.0,46.8,0,None
2023-12-29 05:00:00,Maharashtra,Western Region,273.43,268.76,5065.9,4948.5,0.0,31.16,50.52,14.9,0.0,36.4,0,None
2023-12-29 06:00:00,Maharashtra,Western Region,290.18,282.53,5308.3,5154.1,8.67,37.68,56.46,15.8,0.0,51.3,0,None
2023-12-29 07:00:00,Maharashtra,Western Region,365.69,362.45,6677.1,6449.1,34.64,41.83,56.7,16.6,0.0,55.3,0,None
2023-12-29 08:00:00,Maharashtra,Western Region,439.08,438.49,8245.3,8013.9,63.37,40.23,50.63,16.4,0.0,36.2,0,None
2023-12-29 09:00:00,Maharashtra,Western Region,440.61,434.8,8163.3,8161.8,89.01,28.08,56.95,19.8,0.0,39.9,0,None
2023-12-29 10:00:00,Maharashtra,Western Region,458.45,452.53,8504.6,8243.3,100.08,9.56,48.64,20.8,0.4,45.3,0,None
2023-12-29 11:00:00,Maharashtra,Western Region,463.12,454.13,8611.3,8449.6,120.37,14.83,41.78,21.2,0.0,46.7,0,None
2023-12-29 12:00:00,Maharashtra,Western Region,442.96,435.97,8174.9,7874.4,125.3,22.66,48.97,21.0,0.0,46.0,0,None
2023-12-29 13:00:00,Maharashtra,Western Region,429.51,423.93,7948.2,7785.8,121.11,8.6,49.68,23.4,0.0,58.3,0,None
2023-12-29 14:00:00,Maharashtra,Western Region,386.19,381.34,7086.3,6820.2,104.76,11.98,51.22,21.8,0.7,47.4,0,None
2023-12-29 15:00:00,Maharashtra,Western Region,367.36,362.6,6800.4,6558.1,86.22,20.21,40.95,24.1,0.0,53.2,0,None
2023-12-29 16:00:00,Maharashtra,Western Region,360.63,360.61,6612.5,6586.0,57.22,34.12,44.61,20.9,0.0,35.5,0,None
2023-12-29 17:00:00,Maharashtra,Western Region,355.02,353.06,6575.5,6525.8,26.7,26.92,49.91,21.8,0.0,34.6,0,None
2023-12-29 18:00:00,Maharashtra,Western Region,363.19,361.14,6681.4,6646.8,0.0,30.79,48.49,19.0,0.0,54.8,0,None
2023-12-29 19:00:00,Maharashtra,Western Region,347.49,346.43,6435.8,6420.8,0.0,49.97,47.29,18.4,0.0,47.1,0,None
2023-12-29 20:00:00,Maharashtra,Western Region,399.69,389.16,7327.0,7178.1,0.0,54.12,49.14,15.6,0.0,56.6,0,None
2023-12-29 21:00:00,Maharashtra,Western Region,372.32,362.81,6852.3,6634.8,0.0,47.54,50.53,16.9,0.0,35.1,0,None
2023-12-29 22:00:00,Maharashtra,Western Region,354.4,348.82,6590.2,6411.3,0.0,63.23,42.65,16.8,0.0,34.0,0,None
2023-12-29 23:00:00,Maharashtra,Western Region,311.22,306.13,5755.0,5525.0,0.0,40.85,50.53,17.5,0.0,57.6,0,None
2023-12-30 00:00:00,Maharashtra,Western Region,287.84,280.75,5392.7,5226.8,0.0,54.56,55.83,14.6,0.1,40.9,0,None
2023-12-30 01:00:00,Maharashtra,Western Region,278.87,273.98,5244.9,5043.5,0.0,42.8,39.99,15.6,0.0,43.4,0,None
2023-12-30 02:00:00,Maharashtra,Western Region,267.4,262.67,4952.3,4835.0,0.0,38.96,48.62,14.3,0.0,48.2,0,None
2023-12-30 03:00:00,Maharashtra,Western Region,227.65,227.43,4264.0,4220.8,0.0,42.53,34.12,14.1,0.0,54.0,0,None
2023-12-30 04:00:00,Maharashtra,Western Region,230.34,225.01,4178.8,4077.9,0.0,43.92,51.97,14.1,0.0,39.2,0,None
2023-12-30 05:00:00,Maharashtra,Western Region,301.98,299.72,5597.2,5396.2,0.0,34.36,46.67,13.4,0.0,43.9,0,None
2023-12-30 06:00:00,Maharashtra,Western Region,330.75,323.41,6043.5,5837.6,4.39,37.03,40.71,15.6,0.5,43.2,0,None
2023-12-30 07:00:00,Maharashtra,Western Region,332.8,325.08,6222.3,6215.1,23.89,38.01,41.85,17.3,0.0,58.0,0,None
2023-12-30 08:00:00,Maharashtra,Western Region,415.95,415.72,7777.4,7705.9,51.12,29.47,64.75,17.6,0.0,43.1,0,None
2023-12-30 09:00:00,Maharashtra,Western Region,418.15,415.78,7774.7,7664.3,73.72,41.51,38.55,19.1,0.0,49.2,0,None
2023-12-30 10:00:00,Maharashtra,Western Region,461.94,448.67,8585.7,8242.9,93.8,13.37,51.42,22.0,0.0,37.1,0,None
2023-12-30 11:00:00,Maharashtra,Western Region,505.76,503.64,9366.3,9314.5,113.43,12.93,42.72,22.3,0.0,57.6,0,None
2023-12-30 12:00:00,Maharashtra,Western Region,459.21,446.93,8528.6,8449.1,118.04,17.3,50.77,19.2,0.0,52.2,0,None
2023-12-30 13:00:00,Maharashtra,Western Region,439.84,437.91,8155.8,7895.7,111.8,8.03,57.77,18.0,0.0,46.4,0,None
2023-12-30 14:00:00,Maharashtra,Western Region,394.06,390.28,7262.2,7171.2,107.62,19.37,52.55,20.2,0.0,56.9,0,None
2023-12-30 15:00:00,Maharashtra,Western Region,413.33,407.97,7637.2,7548.6,96.8,17.5,41.84,20.2,0.0,40.0,0,None
2023-12-30 16:00:00,Maharashtra,Western Region,354.06,350.31,6554.5,6344.0,56.36,48.25,39.11,20.4,0.0,34.3,0,None
2023-12-30 17:00:00,Maharashtra,Western Region,341.04,337.31,6275.8,6159.5,43.2,33.9,45.04,19.9,0.0,51.6,0,None
2023-12-30 18:00:00,Maharashtra,Western Region,351.23,342.57,6449.9,6271.6,0.0,48.37,48.9,19.9,0.0,54.2,0,None
2023-12-30 19:00:00,Maharashtra,Western Region,350.65,343.45,6571.8,6517.0,0.0,43.74,47.67,21.0,0.0,39.7,0,None
2023-12-30 20:00:00,Maharashtra,Western Region,394.09,386.84,7345.7,7338.8,0.0,47.63,49.63,15.2,0.0,50.6,0,None
2023-12-30 21:00:00,Maharashtra,Western Region,353.44,346.38,6645.2,6398.6,0.0,36.06,50.26,16.7,0.0,44.8,0,None
2023-12-30 22:00:00,Maharashtra,Western Region,386.75,384.16,7133.7,6918.0,0.0,45.7,47.35,14.1,0.0,56.5,0,None
2023-12-30 23:00:00,Maharashtra,Western Region,351.54,345.32,6502.9,6359.3,0.0,45.87,52.49,14.4,0.0,43.7,0,None
2023-12-31 00:00:00,Maharashtra,Western Region,272.78,267.29,5093.1,5038.0,0.0,59.11,49.83,14.4,0.0,27.9,1,None
2023-12-31 01:00:00,Maharashtra,Western Region,231.77,226.81,4291.9,4254.8,0.0,56.33,47.34,12.5,0.0,34.1,1,None
2023-12-31 02:00:00,Maharashtra,Western Region,184.62,182.3,3414.9,3350.3,0.0,53.47,56.58,15.7,0.0,42.7,1,None
2023-12-31 03:00:00,Maharashtra,Western Region,210.16,207.07,3944.7,3788.6,0.0,53.53,52.8,14.0,0.0,27.4,1,None
2023-12-31 04:00:00,Maharashtra,Western Region,194.34,191.63,3630.9,3510.2,0.0,46.13,44.69,14.0,0.0,49.3,1,None
2023-12-31 05:00:00,Maharashtra,Western Region,246.11,240.3,4589.2,4529.8,0.0,30.95,48.17,14.1,0.0,51.9,1,None
2023-12-31 06:00:00,Maharashtra,Western Region,254.14,252.45,4665.6,4550.6,0.0,39.21,37.11,18.0,0.0,46.4,1,None
2023-12-31 07:00:00,Maharashtra,Western Region,316.02,312.83,5910.9,5701.3,28.89,34.9,54.65,18.0,0.0,44.4,1,None
2023-12-31 08:00:00,Maharashtra,Western Region,351.41,351.05,6500.7,6499.7,58.63,30.29,62.21,17.2,0.0,43.8,1,None
2023-12-31 09:00:00,Maharashtra,Western Region,391.99,391.9,7385.2,7249.0,80.48,28.84,60.11,18.5,0.0,45.1,1,None
2023-12-31 10:00:00,Maharashtra,Western Region,420.59,408.22,7779.8,7499.0,111.26,30.21,49.36,19.7,0.0,40.9,1,None
2023-12-31 11:00:00,Maharashtra,Western Region,423.75,413.63,7802.0,7748.6,121.88,20.21,50.58,21.2,0.0,62.7,1,None
2023-12-31 12:00:00,Maharashtra,Western Region,392.78,389.59,7240.7,7144.4,122.34,14.18,49.6,20.9,0.0,35.1,1,None
2023-12-31 13:00:00,Maharashtra,Western Region,388.31,383.74,7197.9,6975.8,126.97,35.12,42.53,22.5,0.0,47.5,1,None
2023-12-31 14:00:00,Maharashtra,Western Region,370.28,363.27,6869.1,6716.2,105.11,21.44,51.94,22.9,0.0,40.6,1,None
2023-12-31 15:00:00,Maharashtra,Western Region,324.28,319.37,6014.0,5898.8,84.29,15.08,53.74,21.6,0.0,62.4,1,None
2023-12-31 16:00:00,Maharashtra,Western Region,329.27,322.83,6094.3,5906.0,64.54,38.9,50.97,23.9,0.0,44.2,1,None
2023-12-31 17:00:00,Maharashtra,Western Region,302.07,299.56,5600.3,5394.2,30.39,28.45,54.43,19.8,0.0,40.8,1,None
2023-12-31 18:00:00,Maharashtra,Western Region,323.48,319.88,6018.4,5926.5,2.89,27.67,46.02,18.9,0.0,34.4,1,None
2023-12-31 19:00:00,Maharashtra,Western Region,308.71,307.34,5706.3,5664.1,0.0,54.8,50.86,21.4,0.0,44.3,1,None
2023-12-31 20:00:00,Maharashtra,Western Region,323.09,320.0,5919.4,5717.2,0.0,30.71,53.35,15.7,0.0,39.4,1,None
2023-12-31 21:00:00,Maharashtra,Western Region,325.46,321.76,5982.4,5833.6,0.0,40.29,44.7,18.2,0.0,45.4,1,None
2023-12-31 22:00:00,Maharashtra,Western Region,347.28,344.38,6482.2,6352.1,0.0,43.58,52.2,14.4,0.0,49.6,1,None
2023-12-31 23:00:00,Maharashtra,Western Region,306.68,304.56,5660.5,5544.1,0.0,66.19,56.26,17.0,0.4,48.1,1,None
